11,11,Qw3TLmWg0RpWbxi7bPHQ9ajjnNE=,RTdFTcs1W5CTtO/JSAH1oOKFkYo=
11,9,Qw3TLmWg0RpWbxi7bPHQ9ajjnNE=,RTdFTcs1W5CTtO/JSAH1oOKFkYo=
11,10,Qw3TLmWg0RpWbxi7bPHQ9ajjnNE=,RTdFTcs1W5CTtO/JSAH1oOKFkYo=
10,10,Qw3TLmWg0RpWbxi7bPHQ9ajjnNE=,RTdFTcs1W5CTtO/JSAH1oOKFkYo=
9,10,Qw3TLmWg0RpWbxi7bPHQ9ajjnNE=,RTdFTcs1W5CTtO/JSAH1oOKFkYo=
10,11,Qw3TLmWg0RpWbxi7bPHQ9ajjnNE=,RTdFTcs1W5CTtO/JSAH1oOKFkYo=
14,11,Qw3TLmWg0RpWbxi7bPHQ9ajjnNE=,RTdFTcs1W5CTtO/JSAH1oOKFkYo=
9,11,Qw3TLmWg0RpWbxi7bPHQ9ajjnNE=,RTdFTcs1W5CTtO/JSAH1oOKFkYo=
14,9,Qw3TLmWg0RpWbxi7bPHQ9ajjnNE=,RTdFTcs1W5CTtO/JSAH1oOKFkYo=
13,9,Qw3TLmWg0RpWbxi7bPHQ9ajjnNE=,RTdFTcs1W5CTtO/JSAH1oOKFkYo=
13,11,Qw3TLmWg0RpWbxi7bPHQ9ajjnNE=,RTdFTcs1W5CTtO/JSAH1oOKFkYo=
12,11,Qw3TLmWg0RpWbxi7bPHQ9ajjnNE=,RTdFTcs1W5CTtO/JSAH1oOKFkYo=
14,10,Qw3TLmWg0RpWbxi7bPHQ9ajjnNE=,RTdFTcs1W5CTtO/JSAH1oOKFkYo=
13,10,Qw3TLmWg0RpWbxi7bPHQ9ajjnNE=,RTdFTcs1W5CTtO/JSAH1oOKFkYo=
12,9,Qw3TLmWg0RpWbxi7bPHQ9ajjnNE=,RTdFTcs1W5CTtO/JSAH1oOKFkYo=
12,10,Qw3TLmWg0RpWbxi7bPHQ9ajjnNE=,RTdFTcs1W5CTtO/JSAH1oOKFkYo=
9,9,Qw3TLmWg0RpWbxi7bPHQ9ajjnNE=,RTdFTcs1W5CTtO/JSAH1oOKFkYo=
14,14,Qw3TLmWg0RpWbxi7bPHQ9ajjnNE=,RTdFTcs1W5CTtO/JSAH1oOKFkYo=
9,12,Qw3TLmWg0RpWbxi7bPHQ9ajjnNE=,RTdFTcs1W5CTtO/JSAH1oOKFkYo=
11,12,Qw3TLmWg0RpWbxi7bPHQ9ajjnNE=,RTdFTcs1W5CTtO/JSAH1oOKFkYo=
12,12,Qw3TLmWg0RpWbxi7bPHQ9ajjnNE=,RTdFTcs1W5CTtO/JSAH1oOKFkYo=
10,12,Qw3TLmWg0RpWbxi7bPHQ9ajjnNE=,RTdFTcs1W5CTtO/JSAH1oOKFkYo=
14,12,Qw3TLmWg0RpWbxi7bPHQ9ajjnNE=,RTdFTcs1W5CTtO/JSAH1oOKFkYo=
13,12,Qw3TLmWg0RpWbxi7bPHQ9ajjnNE=,RTdFTcs1W5CTtO/JSAH1oOKFkYo=
13,14,Qw3TLmWg0RpWbxi7bPHQ9ajjnNE=,RTdFTcs1W5CTtO/JSAH1oOKFkYo=
12,14,Qw3TLmWg0RpWbxi7bPHQ9ajjnNE=,RTdFTcs1W5CTtO/JSAH1oOKFkYo=
11,13,Qw3TLmWg0RpWbxi7bPHQ9ajjnNE=,RTdFTcs1W5CTtO/JSAH1oOKFkYo=
9,13,Qw3TLmWg0RpWbxi7bPHQ9ajjnNE=,RTdFTcs1W5CTtO/JSAH1oOKFkYo=
10,13,Qw3TLmWg0RpWbxi7bPHQ9ajjnNE=,RTdFTcs1W5CTtO/JSAH1oOKFkYo=
11,14,Qw3TLmWg0RpWbxi7bPHQ9ajjnNE=,RTdFTcs1W5CTtO/JSAH1oOKFkYo=
12,13,Qw3TLmWg0RpWbxi7bPHQ9ajjnNE=,RTdFTcs1W5CTtO/JSAH1oOKFkYo=
14,13,Qw3TLmWg0RpWbxi7bPHQ9ajjnNE=,RTdFTcs1W5CTtO/JSAH1oOKFkYo=
10,14,Qw3TLmWg0RpWbxi7bPHQ9ajjnNE=,RTdFTcs1W5CTtO/JSAH1oOKFkYo=
13,13,Qw3TLmWg0RpWbxi7bPHQ9ajjnNE=,RTdFTcs1W5CTtO/JSAH1oOKFkYo=
9,14,Qw3TLmWg0RpWbxi7bPHQ9ajjnNE=,RTdFTcs1W5CTtO/JSAH1oOKFkYo=
10,9,Qw3TLmWg0RpWbxi7bPHQ9ajjnNE=,RTdFTcs1W5CTtO/JSAH1oOKFkYo=
15,14,Qw3TLmWg0RpWbxi7bPHQ9ajjnNE=,RTdFTcs1W5CTtO/JSAH1oOKFkYo=
15,11,Qw3TLmWg0RpWbxi7bPHQ9ajjnNE=,RTdFTcs1W5CTtO/JSAH1oOKFkYo=
15,9,Qw3TLmWg0RpWbxi7bPHQ9ajjnNE=,RTdFTcs1W5CTtO/JSAH1oOKFkYo=
15,10,Qw3TLmWg0RpWbxi7bPHQ9ajjnNE=,RTdFTcs1W5CTtO/JSAH1oOKFkYo=
15,12,Qw3TLmWg0RpWbxi7bPHQ9ajjnNE=,RTdFTcs1W5CTtO/JSAH1oOKFkYo=
15,13,Qw3TLmWg0RpWbxi7bPHQ9ajjnNE=,RTdFTcs1W5CTtO/JSAH1oOKFkYo=
3,9,Qw3TLmWg0RpWbxi7bPHQ9ajjnNE=,p2EWS+3eyp4YtU33DqijsALcntE=
3,15,Qw3TLmWg0RpWbxi7bPHQ9ajjnNE=,p2EWS+3eyp4YtU33DqijsALcntE=
3,11,Qw3TLmWg0RpWbxi7bPHQ9ajjnNE=,p2EWS+3eyp4YtU33DqijsALcntE=
2,9,Qw3TLmWg0RpWbxi7bPHQ9ajjnNE=,p2EWS+3eyp4YtU33DqijsALcntE=
8,9,Qw3TLmWg0RpWbxi7bPHQ9ajjnNE=,RTdFTcs1W5CTtO/JSAH1oOKFkYo=
3,12,Qw3TLmWg0RpWbxi7bPHQ9ajjnNE=,p2EWS+3eyp4YtU33DqijsALcntE=
8,14,Qw3TLmWg0RpWbxi7bPHQ9ajjnNE=,RTdFTcs1W5CTtO/JSAH1oOKFkYo=
1,9,Qw3TLmWg0RpWbxi7bPHQ9ajjnNE=,p2EWS+3eyp4YtU33DqijsALcntE=
8,13,Qw3TLmWg0RpWbxi7bPHQ9ajjnNE=,RTdFTcs1W5CTtO/JSAH1oOKFkYo=
2,11,Qw3TLmWg0RpWbxi7bPHQ9ajjnNE=,p2EWS+3eyp4YtU33DqijsALcntE=
8,12,Qw3TLmWg0RpWbxi7bPHQ9ajjnNE=,RTdFTcs1W5CTtO/JSAH1oOKFkYo=
4,9,Qw3TLmWg0RpWbxi7bPHQ9ajjnNE=,p2EWS+3eyp4YtU33DqijsALcntE=
4,15,Qw3TLmWg0RpWbxi7bPHQ9ajjnNE=,p2EWS+3eyp4YtU33DqijsALcntE=
2,12,Qw3TLmWg0RpWbxi7bPHQ9ajjnNE=,p2EWS+3eyp4YtU33DqijsALcntE=
4,12,Qw3TLmWg0RpWbxi7bPHQ9ajjnNE=,p2EWS+3eyp4YtU33DqijsALcntE=
5,15,Qw3TLmWg0RpWbxi7bPHQ9ajjnNE=,p2EWS+3eyp4YtU33DqijsALcntE=
4,11,Qw3TLmWg0RpWbxi7bPHQ9ajjnNE=,p2EWS+3eyp4YtU33DqijsALcntE=
5,11,Qw3TLmWg0RpWbxi7bPHQ9ajjnNE=,p2EWS+3eyp4YtU33DqijsALcntE=
5,9,Qw3TLmWg0RpWbxi7bPHQ9ajjnNE=,p2EWS+3eyp4YtU33DqijsALcntE=
6,15,Qw3TLmWg0RpWbxi7bPHQ9ajjnNE=,p2EWS+3eyp4YtU33DqijsALcntE=
5,12,Qw3TLmWg0RpWbxi7bPHQ9ajjnNE=,p2EWS+3eyp4YtU33DqijsALcntE=
0,9,Qw3TLmWg0RpWbxi7bPHQ9ajjnNE=,p2EWS+3eyp4YtU33DqijsALcntE=
6,12,Qw3TLmWg0RpWbxi7bPHQ9ajjnNE=,p2EWS+3eyp4YtU33DqijsALcntE=
7,12,Qw3TLmWg0RpWbxi7bPHQ9ajjnNE=,p2EWS+3eyp4YtU33DqijsALcntE=
6,9,Qw3TLmWg0RpWbxi7bPHQ9ajjnNE=,p2EWS+3eyp4YtU33DqijsALcntE=
7,9,Qw3TLmWg0RpWbxi7bPHQ9ajjnNE=,p2EWS+3eyp4YtU33DqijsALcntE=
1,11,Qw3TLmWg0RpWbxi7bPHQ9ajjnNE=,p2EWS+3eyp4YtU33DqijsALcntE=
0,11,Qw3TLmWg0RpWbxi7bPHQ9ajjnNE=,p2EWS+3eyp4YtU33DqijsALcntE=
0,13,Qw3TLmWg0RpWbxi7bPHQ9ajjnNE=,p2EWS+3eyp4YtU33DqijsALcntE=
7,10,Qw3TLmWg0RpWbxi7bPHQ9ajjnNE=,p2EWS+3eyp4YtU33DqijsALcntE=
6,10,Qw3TLmWg0RpWbxi7bPHQ9ajjnNE=,p2EWS+3eyp4YtU33DqijsALcntE=
5,10,Qw3TLmWg0RpWbxi7bPHQ9ajjnNE=,p2EWS+3eyp4YtU33DqijsALcntE=
4,10,Qw3TLmWg0RpWbxi7bPHQ9ajjnNE=,p2EWS+3eyp4YtU33DqijsALcntE=
8,10,Qw3TLmWg0RpWbxi7bPHQ9ajjnNE=,RTdFTcs1W5CTtO/JSAH1oOKFkYo=
8,11,Qw3TLmWg0RpWbxi7bPHQ9ajjnNE=,RTdFTcs1W5CTtO/JSAH1oOKFkYo=
2,15,Qw3TLmWg0RpWbxi7bPHQ9ajjnNE=,p2EWS+3eyp4YtU33DqijsALcntE=
1,15,Qw3TLmWg0RpWbxi7bPHQ9ajjnNE=,p2EWS+3eyp4YtU33DqijsALcntE=
3,14,Qw3TLmWg0RpWbxi7bPHQ9ajjnNE=,p2EWS+3eyp4YtU33DqijsALcntE=
1,13,Qw3TLmWg0RpWbxi7bPHQ9ajjnNE=,p2EWS+3eyp4YtU33DqijsALcntE=
6,11,Qw3TLmWg0RpWbxi7bPHQ9ajjnNE=,p2EWS+3eyp4YtU33DqijsALcntE=
2,14,Qw3TLmWg0RpWbxi7bPHQ9ajjnNE=,p2EWS+3eyp4YtU33DqijsALcntE=
2,13,Qw3TLmWg0RpWbxi7bPHQ9ajjnNE=,p2EWS+3eyp4YtU33DqijsALcntE=
14,15,Qw3TLmWg0RpWbxi7bPHQ9ajjnNE=,RTdFTcs1W5CTtO/JSAH1oOKFkYo=
0,12,Qw3TLmWg0RpWbxi7bPHQ9ajjnNE=,p2EWS+3eyp4YtU33DqijsALcntE=
1,14,Qw3TLmWg0RpWbxi7bPHQ9ajjnNE=,p2EWS+3eyp4YtU33DqijsALcntE=
0,10,Qw3TLmWg0RpWbxi7bPHQ9ajjnNE=,p2EWS+3eyp4YtU33DqijsALcntE=
7,11,Qw3TLmWg0RpWbxi7bPHQ9ajjnNE=,p2EWS+3eyp4YtU33DqijsALcntE=
7,14,Qw3TLmWg0RpWbxi7bPHQ9ajjnNE=,p2EWS+3eyp4YtU33DqijsALcntE=
1,12,Qw3TLmWg0RpWbxi7bPHQ9ajjnNE=,p2EWS+3eyp4YtU33DqijsALcntE=
10,15,Qw3TLmWg0RpWbxi7bPHQ9ajjnNE=,RTdFTcs1W5CTtO/JSAH1oOKFkYo=
9,15,Qw3TLmWg0RpWbxi7bPHQ9ajjnNE=,RTdFTcs1W5CTtO/JSAH1oOKFkYo=
8,15,Qw3TLmWg0RpWbxi7bPHQ9ajjnNE=,RTdFTcs1W5CTtO/JSAH1oOKFkYo=
7,15,Qw3TLmWg0RpWbxi7bPHQ9ajjnNE=,p2EWS+3eyp4YtU33DqijsALcntE=
12,15,Qw3TLmWg0RpWbxi7bPHQ9ajjnNE=,RTdFTcs1W5CTtO/JSAH1oOKFkYo=
3,13,Qw3TLmWg0RpWbxi7bPHQ9ajjnNE=,p2EWS+3eyp4YtU33DqijsALcntE=
0,15,Qw3TLmWg0RpWbxi7bPHQ9ajjnNE=,p2EWS+3eyp4YtU33DqijsALcntE=
13,15,Qw3TLmWg0RpWbxi7bPHQ9ajjnNE=,RTdFTcs1W5CTtO/JSAH1oOKFkYo=
11,15,Qw3TLmWg0RpWbxi7bPHQ9ajjnNE=,RTdFTcs1W5CTtO/JSAH1oOKFkYo=
1,10,Qw3TLmWg0RpWbxi7bPHQ9ajjnNE=,p2EWS+3eyp4YtU33DqijsALcntE=
4,13,Qw3TLmWg0RpWbxi7bPHQ9ajjnNE=,p2EWS+3eyp4YtU33DqijsALcntE=
6,14,Qw3TLmWg0RpWbxi7bPHQ9ajjnNE=,p2EWS+3eyp4YtU33DqijsALcntE=
5,14,Qw3TLmWg0RpWbxi7bPHQ9ajjnNE=,p2EWS+3eyp4YtU33DqijsALcntE=
2,10,Qw3TLmWg0RpWbxi7bPHQ9ajjnNE=,p2EWS+3eyp4YtU33DqijsALcntE=
0,14,Qw3TLmWg0RpWbxi7bPHQ9ajjnNE=,p2EWS+3eyp4YtU33DqijsALcntE=
5,13,Qw3TLmWg0RpWbxi7bPHQ9ajjnNE=,p2EWS+3eyp4YtU33DqijsALcntE=
3,10,Qw3TLmWg0RpWbxi7bPHQ9ajjnNE=,p2EWS+3eyp4YtU33DqijsALcntE=
4,14,Qw3TLmWg0RpWbxi7bPHQ9ajjnNE=,p2EWS+3eyp4YtU33DqijsALcntE=
15,15,Qw3TLmWg0RpWbxi7bPHQ9ajjnNE=,RTdFTcs1W5CTtO/JSAH1oOKFkYo=
7,13,Qw3TLmWg0RpWbxi7bPHQ9ajjnNE=,p2EWS+3eyp4YtU33DqijsALcntE=
6,13,Qw3TLmWg0RpWbxi7bPHQ9ajjnNE=,p2EWS+3eyp4YtU33DqijsALcntE=
15,7,Qw3TLmWg0RpWbxi7bPHQ9ajjnNE=,cjvHYfeiKI5T1C1N3wK55tPVUdE=
14,7,Qw3TLmWg0RpWbxi7bPHQ9ajjnNE=,cjvHYfeiKI5T1C1N3wK55tPVUdE=
15,8,Qw3TLmWg0RpWbxi7bPHQ9ajjnNE=,RTdFTcs1W5CTtO/JSAH1oOKFkYo=
14,8,Qw3TLmWg0RpWbxi7bPHQ9ajjnNE=,RTdFTcs1W5CTtO/JSAH1oOKFkYo=
13,8,Qw3TLmWg0RpWbxi7bPHQ9ajjnNE=,RTdFTcs1W5CTtO/JSAH1oOKFkYo=
12,8,Qw3TLmWg0RpWbxi7bPHQ9ajjnNE=,RTdFTcs1W5CTtO/JSAH1oOKFkYo=
11,8,Qw3TLmWg0RpWbxi7bPHQ9ajjnNE=,RTdFTcs1W5CTtO/JSAH1oOKFkYo=
10,8,Qw3TLmWg0RpWbxi7bPHQ9ajjnNE=,RTdFTcs1W5CTtO/JSAH1oOKFkYo=
9,8,Qw3TLmWg0RpWbxi7bPHQ9ajjnNE=,RTdFTcs1W5CTtO/JSAH1oOKFkYo=
10,0,Qw3TLmWg0RpWbxi7bPHQ9ajjnNE=,cjvHYfeiKI5T1C1N3wK55tPVUdE=
9,0,Qw3TLmWg0RpWbxi7bPHQ9ajjnNE=,cjvHYfeiKI5T1C1N3wK55tPVUdE=
11,0,Qw3TLmWg0RpWbxi7bPHQ9ajjnNE=,cjvHYfeiKI5T1C1N3wK55tPVUdE=
12,0,Qw3TLmWg0RpWbxi7bPHQ9ajjnNE=,cjvHYfeiKI5T1C1N3wK55tPVUdE=
13,0,Qw3TLmWg0RpWbxi7bPHQ9ajjnNE=,cjvHYfeiKI5T1C1N3wK55tPVUdE=
15,0,Qw3TLmWg0RpWbxi7bPHQ9ajjnNE=,cjvHYfeiKI5T1C1N3wK55tPVUdE=
14,0,Qw3TLmWg0RpWbxi7bPHQ9ajjnNE=,cjvHYfeiKI5T1C1N3wK55tPVUdE=
9,1,Qw3TLmWg0RpWbxi7bPHQ9ajjnNE=,cjvHYfeiKI5T1C1N3wK55tPVUdE=
11,1,Qw3TLmWg0RpWbxi7bPHQ9ajjnNE=,cjvHYfeiKI5T1C1N3wK55tPVUdE=
10,1,Qw3TLmWg0RpWbxi7bPHQ9ajjnNE=,cjvHYfeiKI5T1C1N3wK55tPVUdE=
12,1,Qw3TLmWg0RpWbxi7bPHQ9ajjnNE=,cjvHYfeiKI5T1C1N3wK55tPVUdE=
13,1,Qw3TLmWg0RpWbxi7bPHQ9ajjnNE=,cjvHYfeiKI5T1C1N3wK55tPVUdE=
14,1,Qw3TLmWg0RpWbxi7bPHQ9ajjnNE=,cjvHYfeiKI5T1C1N3wK55tPVUdE=
15,1,Qw3TLmWg0RpWbxi7bPHQ9ajjnNE=,cjvHYfeiKI5T1C1N3wK55tPVUdE=
10,2,Qw3TLmWg0RpWbxi7bPHQ9ajjnNE=,cjvHYfeiKI5T1C1N3wK55tPVUdE=
9,2,Qw3TLmWg0RpWbxi7bPHQ9ajjnNE=,cjvHYfeiKI5T1C1N3wK55tPVUdE=
11,2,Qw3TLmWg0RpWbxi7bPHQ9ajjnNE=,cjvHYfeiKI5T1C1N3wK55tPVUdE=
12,2,Qw3TLmWg0RpWbxi7bPHQ9ajjnNE=,cjvHYfeiKI5T1C1N3wK55tPVUdE=
13,2,Qw3TLmWg0RpWbxi7bPHQ9ajjnNE=,cjvHYfeiKI5T1C1N3wK55tPVUdE=
14,2,Qw3TLmWg0RpWbxi7bPHQ9ajjnNE=,cjvHYfeiKI5T1C1N3wK55tPVUdE=
15,2,Qw3TLmWg0RpWbxi7bPHQ9ajjnNE=,cjvHYfeiKI5T1C1N3wK55tPVUdE=
11,3,Qw3TLmWg0RpWbxi7bPHQ9ajjnNE=,cjvHYfeiKI5T1C1N3wK55tPVUdE=
10,3,Qw3TLmWg0RpWbxi7bPHQ9ajjnNE=,cjvHYfeiKI5T1C1N3wK55tPVUdE=
13,3,Qw3TLmWg0RpWbxi7bPHQ9ajjnNE=,cjvHYfeiKI5T1C1N3wK55tPVUdE=
12,3,Qw3TLmWg0RpWbxi7bPHQ9ajjnNE=,cjvHYfeiKI5T1C1N3wK55tPVUdE=
15,3,Qw3TLmWg0RpWbxi7bPHQ9ajjnNE=,cjvHYfeiKI5T1C1N3wK55tPVUdE=
10,4,Qw3TLmWg0RpWbxi7bPHQ9ajjnNE=,cjvHYfeiKI5T1C1N3wK55tPVUdE=
14,3,Qw3TLmWg0RpWbxi7bPHQ9ajjnNE=,cjvHYfeiKI5T1C1N3wK55tPVUdE=
9,4,Qw3TLmWg0RpWbxi7bPHQ9ajjnNE=,cjvHYfeiKI5T1C1N3wK55tPVUdE=
11,4,Qw3TLmWg0RpWbxi7bPHQ9ajjnNE=,cjvHYfeiKI5T1C1N3wK55tPVUdE=
12,4,Qw3TLmWg0RpWbxi7bPHQ9ajjnNE=,cjvHYfeiKI5T1C1N3wK55tPVUdE=
14,4,Qw3TLmWg0RpWbxi7bPHQ9ajjnNE=,cjvHYfeiKI5T1C1N3wK55tPVUdE=
13,4,Qw3TLmWg0RpWbxi7bPHQ9ajjnNE=,cjvHYfeiKI5T1C1N3wK55tPVUdE=
15,4,Qw3TLmWg0RpWbxi7bPHQ9ajjnNE=,cjvHYfeiKI5T1C1N3wK55tPVUdE=
9,5,Qw3TLmWg0RpWbxi7bPHQ9ajjnNE=,cjvHYfeiKI5T1C1N3wK55tPVUdE=
10,5,Qw3TLmWg0RpWbxi7bPHQ9ajjnNE=,cjvHYfeiKI5T1C1N3wK55tPVUdE=
11,5,Qw3TLmWg0RpWbxi7bPHQ9ajjnNE=,cjvHYfeiKI5T1C1N3wK55tPVUdE=
13,5,Qw3TLmWg0RpWbxi7bPHQ9ajjnNE=,cjvHYfeiKI5T1C1N3wK55tPVUdE=
12,5,Qw3TLmWg0RpWbxi7bPHQ9ajjnNE=,cjvHYfeiKI5T1C1N3wK55tPVUdE=
15,5,Qw3TLmWg0RpWbxi7bPHQ9ajjnNE=,cjvHYfeiKI5T1C1N3wK55tPVUdE=
14,5,Qw3TLmWg0RpWbxi7bPHQ9ajjnNE=,cjvHYfeiKI5T1C1N3wK55tPVUdE=
10,6,Qw3TLmWg0RpWbxi7bPHQ9ajjnNE=,cjvHYfeiKI5T1C1N3wK55tPVUdE=
9,6,Qw3TLmWg0RpWbxi7bPHQ9ajjnNE=,cjvHYfeiKI5T1C1N3wK55tPVUdE=
13,6,Qw3TLmWg0RpWbxi7bPHQ9ajjnNE=,cjvHYfeiKI5T1C1N3wK55tPVUdE=
12,6,Qw3TLmWg0RpWbxi7bPHQ9ajjnNE=,cjvHYfeiKI5T1C1N3wK55tPVUdE=
14,6,Qw3TLmWg0RpWbxi7bPHQ9ajjnNE=,cjvHYfeiKI5T1C1N3wK55tPVUdE=
15,6,Qw3TLmWg0RpWbxi7bPHQ9ajjnNE=,cjvHYfeiKI5T1C1N3wK55tPVUdE=
11,6,Qw3TLmWg0RpWbxi7bPHQ9ajjnNE=,cjvHYfeiKI5T1C1N3wK55tPVUdE=
12,7,Qw3TLmWg0RpWbxi7bPHQ9ajjnNE=,cjvHYfeiKI5T1C1N3wK55tPVUdE=
13,7,Qw3TLmWg0RpWbxi7bPHQ9ajjnNE=,cjvHYfeiKI5T1C1N3wK55tPVUdE=
11,7,Qw3TLmWg0RpWbxi7bPHQ9ajjnNE=,cjvHYfeiKI5T1C1N3wK55tPVUdE=
9,7,l/7a2RuP7xCOjl1k5LzAixnxpIg=,cjvHYfeiKI5T1C1N3wK55tPVUdE=
10,7,l/7a2RuP7xCOjl1k5LzAixnxpIg=,cjvHYfeiKI5T1C1N3wK55tPVUdE=
9,3,l/7a2RuP7xCOjl1k5LzAixnxpIg=,cjvHYfeiKI5T1C1N3wK55tPVUdE=
8,7,l/7a2RuP7xCOjl1k5LzAixnxpIg=,cjvHYfeiKI5T1C1N3wK55tPVUdE=
0,4,l/7a2RuP7xCOjl1k5LzAixnxpIg=,LvWmJ2y5ahEUdwCcnZU0IkI4k60=
2,5,l/7a2RuP7xCOjl1k5LzAixnxpIg=,LvWmJ2y5ahEUdwCcnZU0IkI4k60=
8,6,l/7a2RuP7xCOjl1k5LzAixnxpIg=,cjvHYfeiKI5T1C1N3wK55tPVUdE=
4,3,l/7a2RuP7xCOjl1k5LzAixnxpIg=,LvWmJ2y5ahEUdwCcnZU0IkI4k60=
8,5,l/7a2RuP7xCOjl1k5LzAixnxpIg=,cjvHYfeiKI5T1C1N3wK55tPVUdE=
4,2,l/7a2RuP7xCOjl1k5LzAixnxpIg=,LvWmJ2y5ahEUdwCcnZU0IkI4k60=
8,4,l/7a2RuP7xCOjl1k5LzAixnxpIg=,cjvHYfeiKI5T1C1N3wK55tPVUdE=
4,6,l/7a2RuP7xCOjl1k5LzAixnxpIg=,LvWmJ2y5ahEUdwCcnZU0IkI4k60=
3,7,l/7a2RuP7xCOjl1k5LzAixnxpIg=,LvWmJ2y5ahEUdwCcnZU0IkI4k60=
7,1,l/7a2RuP7xCOjl1k5LzAixnxpIg=,LvWmJ2y5ahEUdwCcnZU0IkI4k60=
3,8,l/7a2RuP7xCOjl1k5LzAixnxpIg=,p2EWS+3eyp4YtU33DqijsALcntE=
8,3,l/7a2RuP7xCOjl1k5LzAixnxpIg=,cjvHYfeiKI5T1C1N3wK55tPVUdE=
3,6,l/7a2RuP7xCOjl1k5LzAixnxpIg=,LvWmJ2y5ahEUdwCcnZU0IkI4k60=
3,3,l/7a2RuP7xCOjl1k5LzAixnxpIg=,LvWmJ2y5ahEUdwCcnZU0IkI4k60=
7,8,l/7a2RuP7xCOjl1k5LzAixnxpIg=,p2EWS+3eyp4YtU33DqijsALcntE=
2,6,l/7a2RuP7xCOjl1k5LzAixnxpIg=,LvWmJ2y5ahEUdwCcnZU0IkI4k60=
6,5,l/7a2RuP7xCOjl1k5LzAixnxpIg=,LvWmJ2y5ahEUdwCcnZU0IkI4k60=
6,8,l/7a2RuP7xCOjl1k5LzAixnxpIg=,p2EWS+3eyp4YtU33DqijsALcntE=
2,8,l/7a2RuP7xCOjl1k5LzAixnxpIg=,p2EWS+3eyp4YtU33DqijsALcntE=
1,7,l/7a2RuP7xCOjl1k5LzAixnxpIg=,LvWmJ2y5ahEUdwCcnZU0IkI4k60=
8,2,l/7a2RuP7xCOjl1k5LzAixnxpIg=,cjvHYfeiKI5T1C1N3wK55tPVUdE=
4,4,l/7a2RuP7xCOjl1k5LzAixnxpIg=,LvWmJ2y5ahEUdwCcnZU0IkI4k60=
7,3,l/7a2RuP7xCOjl1k5LzAixnxpIg=,LvWmJ2y5ahEUdwCcnZU0IkI4k60=
2,7,l/7a2RuP7xCOjl1k5LzAixnxpIg=,LvWmJ2y5ahEUdwCcnZU0IkI4k60=
2,3,l/7a2RuP7xCOjl1k5LzAixnxpIg=,LvWmJ2y5ahEUdwCcnZU0IkI4k60=
3,1,l/7a2RuP7xCOjl1k5LzAixnxpIg=,LvWmJ2y5ahEUdwCcnZU0IkI4k60=
8,1,l/7a2RuP7xCOjl1k5LzAixnxpIg=,cjvHYfeiKI5T1C1N3wK55tPVUdE=
0,7,l/7a2RuP7xCOjl1k5LzAixnxpIg=,LvWmJ2y5ahEUdwCcnZU0IkI4k60=
0,3,l/7a2RuP7xCOjl1k5LzAixnxpIg=,LvWmJ2y5ahEUdwCcnZU0IkI4k60=
3,4,l/7a2RuP7xCOjl1k5LzAixnxpIg=,LvWmJ2y5ahEUdwCcnZU0IkI4k60=
3,0,l/7a2RuP7xCOjl1k5LzAixnxpIg=,LvWmJ2y5ahEUdwCcnZU0IkI4k60=
6,1,l/7a2RuP7xCOjl1k5LzAixnxpIg=,LvWmJ2y5ahEUdwCcnZU0IkI4k60=
2,2,l/7a2RuP7xCOjl1k5LzAixnxpIg=,LvWmJ2y5ahEUdwCcnZU0IkI4k60=
1,2,l/7a2RuP7xCOjl1k5LzAixnxpIg=,LvWmJ2y5ahEUdwCcnZU0IkI4k60=
8,0,l/7a2RuP7xCOjl1k5LzAixnxpIg=,cjvHYfeiKI5T1C1N3wK55tPVUdE=
2,4,l/7a2RuP7xCOjl1k5LzAixnxpIg=,LvWmJ2y5ahEUdwCcnZU0IkI4k60=
5,5,l/7a2RuP7xCOjl1k5LzAixnxpIg=,LvWmJ2y5ahEUdwCcnZU0IkI4k60=
7,0,l/7a2RuP7xCOjl1k5LzAixnxpIg=,LvWmJ2y5ahEUdwCcnZU0IkI4k60=
4,5,l/7a2RuP7xCOjl1k5LzAixnxpIg=,LvWmJ2y5ahEUdwCcnZU0IkI4k60=
7,5,l/7a2RuP7xCOjl1k5LzAixnxpIg=,LvWmJ2y5ahEUdwCcnZU0IkI4k60=
3,5,l/7a2RuP7xCOjl1k5LzAixnxpIg=,LvWmJ2y5ahEUdwCcnZU0IkI4k60=
1,4,l/7a2RuP7xCOjl1k5LzAixnxpIg=,LvWmJ2y5ahEUdwCcnZU0IkI4k60=
7,6,l/7a2RuP7xCOjl1k5LzAixnxpIg=,LvWmJ2y5ahEUdwCcnZU0IkI4k60=
6,6,l/7a2RuP7xCOjl1k5LzAixnxpIg=,LvWmJ2y5ahEUdwCcnZU0IkI4k60=
0,6,l/7a2RuP7xCOjl1k5LzAixnxpIg=,LvWmJ2y5ahEUdwCcnZU0IkI4k60=
5,8,l/7a2RuP7xCOjl1k5LzAixnxpIg=,p2EWS+3eyp4YtU33DqijsALcntE=
1,1,l/7a2RuP7xCOjl1k5LzAixnxpIg=,LvWmJ2y5ahEUdwCcnZU0IkI4k60=
1,3,l/7a2RuP7xCOjl1k5LzAixnxpIg=,LvWmJ2y5ahEUdwCcnZU0IkI4k60=
6,3,l/7a2RuP7xCOjl1k5LzAixnxpIg=,LvWmJ2y5ahEUdwCcnZU0IkI4k60=
8,8,l/7a2RuP7xCOjl1k5LzAixnxpIg=,RTdFTcs1W5CTtO/JSAH1oOKFkYo=
6,0,l/7a2RuP7xCOjl1k5LzAixnxpIg=,LvWmJ2y5ahEUdwCcnZU0IkI4k60=
1,6,l/7a2RuP7xCOjl1k5LzAixnxpIg=,LvWmJ2y5ahEUdwCcnZU0IkI4k60=
0,2,l/7a2RuP7xCOjl1k5LzAixnxpIg=,LvWmJ2y5ahEUdwCcnZU0IkI4k60=
0,1,l/7a2RuP7xCOjl1k5LzAixnxpIg=,LvWmJ2y5ahEUdwCcnZU0IkI4k60=
2,1,l/7a2RuP7xCOjl1k5LzAixnxpIg=,LvWmJ2y5ahEUdwCcnZU0IkI4k60=
5,3,l/7a2RuP7xCOjl1k5LzAixnxpIg=,LvWmJ2y5ahEUdwCcnZU0IkI4k60=
0,0,l/7a2RuP7xCOjl1k5LzAixnxpIg=,LvWmJ2y5ahEUdwCcnZU0IkI4k60=
2,0,l/7a2RuP7xCOjl1k5LzAixnxpIg=,LvWmJ2y5ahEUdwCcnZU0IkI4k60=
1,5,l/7a2RuP7xCOjl1k5LzAixnxpIg=,LvWmJ2y5ahEUdwCcnZU0IkI4k60=
3,2,l/7a2RuP7xCOjl1k5LzAixnxpIg=,LvWmJ2y5ahEUdwCcnZU0IkI4k60=
4,8,l/7a2RuP7xCOjl1k5LzAixnxpIg=,p2EWS+3eyp4YtU33DqijsALcntE=
0,5,l/7a2RuP7xCOjl1k5LzAixnxpIg=,LvWmJ2y5ahEUdwCcnZU0IkI4k60=
4,7,l/7a2RuP7xCOjl1k5LzAixnxpIg=,LvWmJ2y5ahEUdwCcnZU0IkI4k60=
7,4,l/7a2RuP7xCOjl1k5LzAixnxpIg=,LvWmJ2y5ahEUdwCcnZU0IkI4k60=
6,4,l/7a2RuP7xCOjl1k5LzAixnxpIg=,LvWmJ2y5ahEUdwCcnZU0IkI4k60=
5,1,l/7a2RuP7xCOjl1k5LzAixnxpIg=,LvWmJ2y5ahEUdwCcnZU0IkI4k60=
5,4,l/7a2RuP7xCOjl1k5LzAixnxpIg=,LvWmJ2y5ahEUdwCcnZU0IkI4k60=
5,7,l/7a2RuP7xCOjl1k5LzAixnxpIg=,LvWmJ2y5ahEUdwCcnZU0IkI4k60=
4,1,l/7a2RuP7xCOjl1k5LzAixnxpIg=,LvWmJ2y5ahEUdwCcnZU0IkI4k60=
5,6,l/7a2RuP7xCOjl1k5LzAixnxpIg=,LvWmJ2y5ahEUdwCcnZU0IkI4k60=
1,0,l/7a2RuP7xCOjl1k5LzAixnxpIg=,LvWmJ2y5ahEUdwCcnZU0IkI4k60=
5,2,l/7a2RuP7xCOjl1k5LzAixnxpIg=,LvWmJ2y5ahEUdwCcnZU0IkI4k60=
5,0,l/7a2RuP7xCOjl1k5LzAixnxpIg=,LvWmJ2y5ahEUdwCcnZU0IkI4k60=
6,2,l/7a2RuP7xCOjl1k5LzAixnxpIg=,LvWmJ2y5ahEUdwCcnZU0IkI4k60=
7,2,l/7a2RuP7xCOjl1k5LzAixnxpIg=,LvWmJ2y5ahEUdwCcnZU0IkI4k60=
6,7,l/7a2RuP7xCOjl1k5LzAixnxpIg=,LvWmJ2y5ahEUdwCcnZU0IkI4k60=
1,8,l/7a2RuP7xCOjl1k5LzAixnxpIg=,p2EWS+3eyp4YtU33DqijsALcntE=
0,8,l/7a2RuP7xCOjl1k5LzAixnxpIg=,p2EWS+3eyp4YtU33DqijsALcntE=
4,0,l/7a2RuP7xCOjl1k5LzAixnxpIg=,LvWmJ2y5ahEUdwCcnZU0IkI4k60=
7,7,l/7a2RuP7xCOjl1k5LzAixnxpIg=,LvWmJ2y5ahEUdwCcnZU0IkI4k60=
12,31,IifaC9djaI24f0xGfYmRHdtVNyA=,WNhZ89xN71tl07ANoRp3l9JNYas=
13,30,IifaC9djaI24f0xGfYmRHdtVNyA=,WNhZ89xN71tl07ANoRp3l9JNYas=
13,29,IifaC9djaI24f0xGfYmRHdtVNyA=,WNhZ89xN71tl07ANoRp3l9JNYas=
11,31,IifaC9djaI24f0xGfYmRHdtVNyA=,WNhZ89xN71tl07ANoRp3l9JNYas=
10,31,IifaC9djaI24f0xGfYmRHdtVNyA=,WNhZ89xN71tl07ANoRp3l9JNYas=
12,30,IifaC9djaI24f0xGfYmRHdtVNyA=,WNhZ89xN71tl07ANoRp3l9JNYas=
9,31,IifaC9djaI24f0xGfYmRHdtVNyA=,WNhZ89xN71tl07ANoRp3l9JNYas=
12,29,IifaC9djaI24f0xGfYmRHdtVNyA=,WNhZ89xN71tl07ANoRp3l9JNYas=
8,31,IifaC9djaI24f0xGfYmRHdtVNyA=,WNhZ89xN71tl07ANoRp3l9JNYas=
15,30,IifaC9djaI24f0xGfYmRHdtVNyA=,WNhZ89xN71tl07ANoRp3l9JNYas=
9,28,IifaC9djaI24f0xGfYmRHdtVNyA=,WNhZ89xN71tl07ANoRp3l9JNYas=
14,30,IifaC9djaI24f0xGfYmRHdtVNyA=,WNhZ89xN71tl07ANoRp3l9JNYas=
9,26,IifaC9djaI24f0xGfYmRHdtVNyA=,WNhZ89xN71tl07ANoRp3l9JNYas=
9,27,IifaC9djaI24f0xGfYmRHdtVNyA=,WNhZ89xN71tl07ANoRp3l9JNYas=
11,30,IifaC9djaI24f0xGfYmRHdtVNyA=,WNhZ89xN71tl07ANoRp3l9JNYas=
11,29,IifaC9djaI24f0xGfYmRHdtVNyA=,WNhZ89xN71tl07ANoRp3l9JNYas=
10,30,IifaC9djaI24f0xGfYmRHdtVNyA=,WNhZ89xN71tl07ANoRp3l9JNYas=
15,28,IifaC9djaI24f0xGfYmRHdtVNyA=,WNhZ89xN71tl07ANoRp3l9JNYas=
10,29,IifaC9djaI24f0xGfYmRHdtVNyA=,WNhZ89xN71tl07ANoRp3l9JNYas=
8,27,IifaC9djaI24f0xGfYmRHdtVNyA=,WNhZ89xN71tl07ANoRp3l9JNYas=
8,28,IifaC9djaI24f0xGfYmRHdtVNyA=,WNhZ89xN71tl07ANoRp3l9JNYas=
15,27,IifaC9djaI24f0xGfYmRHdtVNyA=,WNhZ89xN71tl07ANoRp3l9JNYas=
15,26,IifaC9djaI24f0xGfYmRHdtVNyA=,WNhZ89xN71tl07ANoRp3l9JNYas=
9,30,IifaC9djaI24f0xGfYmRHdtVNyA=,WNhZ89xN71tl07ANoRp3l9JNYas=
13,26,IifaC9djaI24f0xGfYmRHdtVNyA=,WNhZ89xN71tl07ANoRp3l9JNYas=
14,26,IifaC9djaI24f0xGfYmRHdtVNyA=,WNhZ89xN71tl07ANoRp3l9JNYas=
13,28,IifaC9djaI24f0xGfYmRHdtVNyA=,WNhZ89xN71tl07ANoRp3l9JNYas=
9,29,IifaC9djaI24f0xGfYmRHdtVNyA=,WNhZ89xN71tl07ANoRp3l9JNYas=
12,28,IifaC9djaI24f0xGfYmRHdtVNyA=,WNhZ89xN71tl07ANoRp3l9JNYas=
11,26,IifaC9djaI24f0xGfYmRHdtVNyA=,WNhZ89xN71tl07ANoRp3l9JNYas=
8,29,IifaC9djaI24f0xGfYmRHdtVNyA=,WNhZ89xN71tl07ANoRp3l9JNYas=
11,28,IifaC9djaI24f0xGfYmRHdtVNyA=,WNhZ89xN71tl07ANoRp3l9JNYas=
10,26,IifaC9djaI24f0xGfYmRHdtVNyA=,WNhZ89xN71tl07ANoRp3l9JNYas=
10,25,IifaC9djaI24f0xGfYmRHdtVNyA=,WNhZ89xN71tl07ANoRp3l9JNYas=
14,27,IifaC9djaI24f0xGfYmRHdtVNyA=,WNhZ89xN71tl07ANoRp3l9JNYas=
9,25,IifaC9djaI24f0xGfYmRHdtVNyA=,WNhZ89xN71tl07ANoRp3l9JNYas=
8,25,IifaC9djaI24f0xGfYmRHdtVNyA=,WNhZ89xN71tl07ANoRp3l9JNYas=
10,28,IifaC9djaI24f0xGfYmRHdtVNyA=,WNhZ89xN71tl07ANoRp3l9JNYas=
12,27,IifaC9djaI24f0xGfYmRHdtVNyA=,WNhZ89xN71tl07ANoRp3l9JNYas=
13,27,IifaC9djaI24f0xGfYmRHdtVNyA=,WNhZ89xN71tl07ANoRp3l9JNYas=
15,31,IifaC9djaI24f0xGfYmRHdtVNyA=,WNhZ89xN71tl07ANoRp3l9JNYas=
11,27,IifaC9djaI24f0xGfYmRHdtVNyA=,WNhZ89xN71tl07ANoRp3l9JNYas=
8,26,IifaC9djaI24f0xGfYmRHdtVNyA=,WNhZ89xN71tl07ANoRp3l9JNYas=
15,25,IifaC9djaI24f0xGfYmRHdtVNyA=,WNhZ89xN71tl07ANoRp3l9JNYas=
14,25,IifaC9djaI24f0xGfYmRHdtVNyA=,WNhZ89xN71tl07ANoRp3l9JNYas=
13,25,IifaC9djaI24f0xGfYmRHdtVNyA=,WNhZ89xN71tl07ANoRp3l9JNYas=
14,28,IifaC9djaI24f0xGfYmRHdtVNyA=,WNhZ89xN71tl07ANoRp3l9JNYas=
11,25,IifaC9djaI24f0xGfYmRHdtVNyA=,WNhZ89xN71tl07ANoRp3l9JNYas=
8,30,IifaC9djaI24f0xGfYmRHdtVNyA=,WNhZ89xN71tl07ANoRp3l9JNYas=
15,29,IifaC9djaI24f0xGfYmRHdtVNyA=,WNhZ89xN71tl07ANoRp3l9JNYas=
14,29,IifaC9djaI24f0xGfYmRHdtVNyA=,WNhZ89xN71tl07ANoRp3l9JNYas=
14,31,IifaC9djaI24f0xGfYmRHdtVNyA=,WNhZ89xN71tl07ANoRp3l9JNYas=
13,31,IifaC9djaI24f0xGfYmRHdtVNyA=,WNhZ89xN71tl07ANoRp3l9JNYas=
10,27,IifaC9djaI24f0xGfYmRHdtVNyA=,WNhZ89xN71tl07ANoRp3l9JNYas=
12,25,IifaC9djaI24f0xGfYmRHdtVNyA=,WNhZ89xN71tl07ANoRp3l9JNYas=
12,26,IifaC9djaI24f0xGfYmRHdtVNyA=,WNhZ89xN71tl07ANoRp3l9JNYas=
11,23,IifaC9djaI24f0xGfYmRHdtVNyA=,8ml+mSZWDcy3oc/qs5ObMNXb9y0=
9,24,IifaC9djaI24f0xGfYmRHdtVNyA=,WNhZ89xN71tl07ANoRp3l9JNYas=
10,23,IifaC9djaI24f0xGfYmRHdtVNyA=,8ml+mSZWDcy3oc/qs5ObMNXb9y0=
11,24,IifaC9djaI24f0xGfYmRHdtVNyA=,WNhZ89xN71tl07ANoRp3l9JNYas=
9,23,IifaC9djaI24f0xGfYmRHdtVNyA=,8ml+mSZWDcy3oc/qs5ObMNXb9y0=
8,24,IifaC9djaI24f0xGfYmRHdtVNyA=,WNhZ89xN71tl07ANoRp3l9JNYas=
8,23,IifaC9djaI24f0xGfYmRHdtVNyA=,8ml+mSZWDcy3oc/qs5ObMNXb9y0=
10,24,IifaC9djaI24f0xGfYmRHdtVNyA=,WNhZ89xN71tl07ANoRp3l9JNYas=
8,16,IifaC9djaI24f0xGfYmRHdtVNyA=,8ml+mSZWDcy3oc/qs5ObMNXb9y0=
9,16,IifaC9djaI24f0xGfYmRHdtVNyA=,8ml+mSZWDcy3oc/qs5ObMNXb9y0=
12,24,IifaC9djaI24f0xGfYmRHdtVNyA=,WNhZ89xN71tl07ANoRp3l9JNYas=
10,16,IifaC9djaI24f0xGfYmRHdtVNyA=,8ml+mSZWDcy3oc/qs5ObMNXb9y0=
11,16,IifaC9djaI24f0xGfYmRHdtVNyA=,8ml+mSZWDcy3oc/qs5ObMNXb9y0=
12,16,IifaC9djaI24f0xGfYmRHdtVNyA=,8ml+mSZWDcy3oc/qs5ObMNXb9y0=
13,22,IifaC9djaI24f0xGfYmRHdtVNyA=,8ml+mSZWDcy3oc/qs5ObMNXb9y0=
14,22,IifaC9djaI24f0xGfYmRHdtVNyA=,8ml+mSZWDcy3oc/qs5ObMNXb9y0=
11,22,IifaC9djaI24f0xGfYmRHdtVNyA=,8ml+mSZWDcy3oc/qs5ObMNXb9y0=
10,22,IifaC9djaI24f0xGfYmRHdtVNyA=,8ml+mSZWDcy3oc/qs5ObMNXb9y0=
9,22,IifaC9djaI24f0xGfYmRHdtVNyA=,8ml+mSZWDcy3oc/qs5ObMNXb9y0=
8,22,IifaC9djaI24f0xGfYmRHdtVNyA=,8ml+mSZWDcy3oc/qs5ObMNXb9y0=
13,16,IifaC9djaI24f0xGfYmRHdtVNyA=,8ml+mSZWDcy3oc/qs5ObMNXb9y0=
12,22,IifaC9djaI24f0xGfYmRHdtVNyA=,8ml+mSZWDcy3oc/qs5ObMNXb9y0=
14,16,IifaC9djaI24f0xGfYmRHdtVNyA=,8ml+mSZWDcy3oc/qs5ObMNXb9y0=
15,16,IifaC9djaI24f0xGfYmRHdtVNyA=,8ml+mSZWDcy3oc/qs5ObMNXb9y0=
8,17,IifaC9djaI24f0xGfYmRHdtVNyA=,8ml+mSZWDcy3oc/qs5ObMNXb9y0=
9,17,IifaC9djaI24f0xGfYmRHdtVNyA=,8ml+mSZWDcy3oc/qs5ObMNXb9y0=
10,17,IifaC9djaI24f0xGfYmRHdtVNyA=,8ml+mSZWDcy3oc/qs5ObMNXb9y0=
11,17,IifaC9djaI24f0xGfYmRHdtVNyA=,8ml+mSZWDcy3oc/qs5ObMNXb9y0=
15,22,IifaC9djaI24f0xGfYmRHdtVNyA=,8ml+mSZWDcy3oc/qs5ObMNXb9y0=
15,21,IifaC9djaI24f0xGfYmRHdtVNyA=,8ml+mSZWDcy3oc/qs5ObMNXb9y0=
12,17,IifaC9djaI24f0xGfYmRHdtVNyA=,8ml+mSZWDcy3oc/qs5ObMNXb9y0=
14,21,IifaC9djaI24f0xGfYmRHdtVNyA=,8ml+mSZWDcy3oc/qs5ObMNXb9y0=
10,21,IifaC9djaI24f0xGfYmRHdtVNyA=,8ml+mSZWDcy3oc/qs5ObMNXb9y0=
9,21,IifaC9djaI24f0xGfYmRHdtVNyA=,8ml+mSZWDcy3oc/qs5ObMNXb9y0=
8,21,IifaC9djaI24f0xGfYmRHdtVNyA=,8ml+mSZWDcy3oc/qs5ObMNXb9y0=
11,21,IifaC9djaI24f0xGfYmRHdtVNyA=,8ml+mSZWDcy3oc/qs5ObMNXb9y0=
12,21,IifaC9djaI24f0xGfYmRHdtVNyA=,8ml+mSZWDcy3oc/qs5ObMNXb9y0=
13,24,IifaC9djaI24f0xGfYmRHdtVNyA=,WNhZ89xN71tl07ANoRp3l9JNYas=
13,21,IifaC9djaI24f0xGfYmRHdtVNyA=,8ml+mSZWDcy3oc/qs5ObMNXb9y0=
15,20,IifaC9djaI24f0xGfYmRHdtVNyA=,8ml+mSZWDcy3oc/qs5ObMNXb9y0=
13,17,IifaC9djaI24f0xGfYmRHdtVNyA=,8ml+mSZWDcy3oc/qs5ObMNXb9y0=
11,20,IifaC9djaI24f0xGfYmRHdtVNyA=,8ml+mSZWDcy3oc/qs5ObMNXb9y0=
14,17,IifaC9djaI24f0xGfYmRHdtVNyA=,8ml+mSZWDcy3oc/qs5ObMNXb9y0=
10,20,IifaC9djaI24f0xGfYmRHdtVNyA=,8ml+mSZWDcy3oc/qs5ObMNXb9y0=
15,17,IifaC9djaI24f0xGfYmRHdtVNyA=,8ml+mSZWDcy3oc/qs5ObMNXb9y0=
9,20,IifaC9djaI24f0xGfYmRHdtVNyA=,8ml+mSZWDcy3oc/qs5ObMNXb9y0=
8,18,IifaC9djaI24f0xGfYmRHdtVNyA=,8ml+mSZWDcy3oc/qs5ObMNXb9y0=
8,20,IifaC9djaI24f0xGfYmRHdtVNyA=,8ml+mSZWDcy3oc/qs5ObMNXb9y0=
9,18,IifaC9djaI24f0xGfYmRHdtVNyA=,8ml+mSZWDcy3oc/qs5ObMNXb9y0=
14,20,IifaC9djaI24f0xGfYmRHdtVNyA=,8ml+mSZWDcy3oc/qs5ObMNXb9y0=
13,20,IifaC9djaI24f0xGfYmRHdtVNyA=,8ml+mSZWDcy3oc/qs5ObMNXb9y0=
12,20,IifaC9djaI24f0xGfYmRHdtVNyA=,8ml+mSZWDcy3oc/qs5ObMNXb9y0=
14,24,IifaC9djaI24f0xGfYmRHdtVNyA=,WNhZ89xN71tl07ANoRp3l9JNYas=
10,18,IifaC9djaI24f0xGfYmRHdtVNyA=,8ml+mSZWDcy3oc/qs5ObMNXb9y0=
11,18,IifaC9djaI24f0xGfYmRHdtVNyA=,8ml+mSZWDcy3oc/qs5ObMNXb9y0=
14,19,IifaC9djaI24f0xGfYmRHdtVNyA=,8ml+mSZWDcy3oc/qs5ObMNXb9y0=
15,19,IifaC9djaI24f0xGfYmRHdtVNyA=,8ml+mSZWDcy3oc/qs5ObMNXb9y0=
10,19,IifaC9djaI24f0xGfYmRHdtVNyA=,8ml+mSZWDcy3oc/qs5ObMNXb9y0=
9,19,IifaC9djaI24f0xGfYmRHdtVNyA=,8ml+mSZWDcy3oc/qs5ObMNXb9y0=
8,19,IifaC9djaI24f0xGfYmRHdtVNyA=,8ml+mSZWDcy3oc/qs5ObMNXb9y0=
13,19,IifaC9djaI24f0xGfYmRHdtVNyA=,8ml+mSZWDcy3oc/qs5ObMNXb9y0=
11,19,IifaC9djaI24f0xGfYmRHdtVNyA=,8ml+mSZWDcy3oc/qs5ObMNXb9y0=
12,19,IifaC9djaI24f0xGfYmRHdtVNyA=,8ml+mSZWDcy3oc/qs5ObMNXb9y0=
14,23,IifaC9djaI24f0xGfYmRHdtVNyA=,8ml+mSZWDcy3oc/qs5ObMNXb9y0=
12,23,IifaC9djaI24f0xGfYmRHdtVNyA=,8ml+mSZWDcy3oc/qs5ObMNXb9y0=
13,23,IifaC9djaI24f0xGfYmRHdtVNyA=,8ml+mSZWDcy3oc/qs5ObMNXb9y0=
15,23,IifaC9djaI24f0xGfYmRHdtVNyA=,8ml+mSZWDcy3oc/qs5ObMNXb9y0=
15,18,IifaC9djaI24f0xGfYmRHdtVNyA=,8ml+mSZWDcy3oc/qs5ObMNXb9y0=
12,18,IifaC9djaI24f0xGfYmRHdtVNyA=,8ml+mSZWDcy3oc/qs5ObMNXb9y0=
14,18,IifaC9djaI24f0xGfYmRHdtVNyA=,8ml+mSZWDcy3oc/qs5ObMNXb9y0=
13,18,IifaC9djaI24f0xGfYmRHdtVNyA=,8ml+mSZWDcy3oc/qs5ObMNXb9y0=
15,24,IifaC9djaI24f0xGfYmRHdtVNyA=,WNhZ89xN71tl07ANoRp3l9JNYas=
20,31,LPq21eEa5j8Bay49Crl9Z1I6GSo=,ITwzBUe+saf/NCSZ0fiPCcEeWP4=
19,31,LPq21eEa5j8Bay49Crl9Z1I6GSo=,ITwzBUe+saf/NCSZ0fiPCcEeWP4=
18,31,LPq21eEa5j8Bay49Crl9Z1I6GSo=,ITwzBUe+saf/NCSZ0fiPCcEeWP4=
17,31,LPq21eEa5j8Bay49Crl9Z1I6GSo=,ITwzBUe+saf/NCSZ0fiPCcEeWP4=
16,31,LPq21eEa5j8Bay49Crl9Z1I6GSo=,ITwzBUe+saf/NCSZ0fiPCcEeWP4=
23,30,LPq21eEa5j8Bay49Crl9Z1I6GSo=,ITwzBUe+saf/NCSZ0fiPCcEeWP4=
22,30,LPq21eEa5j8Bay49Crl9Z1I6GSo=,ITwzBUe+saf/NCSZ0fiPCcEeWP4=
21,30,LPq21eEa5j8Bay49Crl9Z1I6GSo=,ITwzBUe+saf/NCSZ0fiPCcEeWP4=
20,30,LPq21eEa5j8Bay49Crl9Z1I6GSo=,ITwzBUe+saf/NCSZ0fiPCcEeWP4=
18,30,LPq21eEa5j8Bay49Crl9Z1I6GSo=,ITwzBUe+saf/NCSZ0fiPCcEeWP4=
17,30,LPq21eEa5j8Bay49Crl9Z1I6GSo=,ITwzBUe+saf/NCSZ0fiPCcEeWP4=
19,30,LPq21eEa5j8Bay49Crl9Z1I6GSo=,ITwzBUe+saf/NCSZ0fiPCcEeWP4=
16,30,LPq21eEa5j8Bay49Crl9Z1I6GSo=,ITwzBUe+saf/NCSZ0fiPCcEeWP4=
23,29,LPq21eEa5j8Bay49Crl9Z1I6GSo=,ITwzBUe+saf/NCSZ0fiPCcEeWP4=
22,29,LPq21eEa5j8Bay49Crl9Z1I6GSo=,ITwzBUe+saf/NCSZ0fiPCcEeWP4=
21,29,LPq21eEa5j8Bay49Crl9Z1I6GSo=,ITwzBUe+saf/NCSZ0fiPCcEeWP4=
20,29,LPq21eEa5j8Bay49Crl9Z1I6GSo=,ITwzBUe+saf/NCSZ0fiPCcEeWP4=
18,29,LPq21eEa5j8Bay49Crl9Z1I6GSo=,ITwzBUe+saf/NCSZ0fiPCcEeWP4=
17,29,LPq21eEa5j8Bay49Crl9Z1I6GSo=,ITwzBUe+saf/NCSZ0fiPCcEeWP4=
19,29,LPq21eEa5j8Bay49Crl9Z1I6GSo=,ITwzBUe+saf/NCSZ0fiPCcEeWP4=
23,28,LPq21eEa5j8Bay49Crl9Z1I6GSo=,ITwzBUe+saf/NCSZ0fiPCcEeWP4=
16,29,LPq21eEa5j8Bay49Crl9Z1I6GSo=,ITwzBUe+saf/NCSZ0fiPCcEeWP4=
22,28,LPq21eEa5j8Bay49Crl9Z1I6GSo=,ITwzBUe+saf/NCSZ0fiPCcEeWP4=
21,28,LPq21eEa5j8Bay49Crl9Z1I6GSo=,ITwzBUe+saf/NCSZ0fiPCcEeWP4=
20,28,LPq21eEa5j8Bay49Crl9Z1I6GSo=,ITwzBUe+saf/NCSZ0fiPCcEeWP4=
19,28,LPq21eEa5j8Bay49Crl9Z1I6GSo=,ITwzBUe+saf/NCSZ0fiPCcEeWP4=
18,28,LPq21eEa5j8Bay49Crl9Z1I6GSo=,ITwzBUe+saf/NCSZ0fiPCcEeWP4=
17,28,LPq21eEa5j8Bay49Crl9Z1I6GSo=,ITwzBUe+saf/NCSZ0fiPCcEeWP4=
23,27,LPq21eEa5j8Bay49Crl9Z1I6GSo=,ITwzBUe+saf/NCSZ0fiPCcEeWP4=
22,27,LPq21eEa5j8Bay49Crl9Z1I6GSo=,ITwzBUe+saf/NCSZ0fiPCcEeWP4=
21,27,LPq21eEa5j8Bay49Crl9Z1I6GSo=,ITwzBUe+saf/NCSZ0fiPCcEeWP4=
20,27,LPq21eEa5j8Bay49Crl9Z1I6GSo=,ITwzBUe+saf/NCSZ0fiPCcEeWP4=
16,28,LPq21eEa5j8Bay49Crl9Z1I6GSo=,ITwzBUe+saf/NCSZ0fiPCcEeWP4=
19,27,LPq21eEa5j8Bay49Crl9Z1I6GSo=,ITwzBUe+saf/NCSZ0fiPCcEeWP4=
18,27,LPq21eEa5j8Bay49Crl9Z1I6GSo=,ITwzBUe+saf/NCSZ0fiPCcEeWP4=
17,27,LPq21eEa5j8Bay49Crl9Z1I6GSo=,ITwzBUe+saf/NCSZ0fiPCcEeWP4=
16,27,LPq21eEa5j8Bay49Crl9Z1I6GSo=,ITwzBUe+saf/NCSZ0fiPCcEeWP4=
23,26,LPq21eEa5j8Bay49Crl9Z1I6GSo=,ITwzBUe+saf/NCSZ0fiPCcEeWP4=
22,26,LPq21eEa5j8Bay49Crl9Z1I6GSo=,ITwzBUe+saf/NCSZ0fiPCcEeWP4=
21,26,LPq21eEa5j8Bay49Crl9Z1I6GSo=,ITwzBUe+saf/NCSZ0fiPCcEeWP4=
20,26,LPq21eEa5j8Bay49Crl9Z1I6GSo=,ITwzBUe+saf/NCSZ0fiPCcEeWP4=
19,26,LPq21eEa5j8Bay49Crl9Z1I6GSo=,ITwzBUe+saf/NCSZ0fiPCcEeWP4=
18,26,LPq21eEa5j8Bay49Crl9Z1I6GSo=,ITwzBUe+saf/NCSZ0fiPCcEeWP4=
17,26,LPq21eEa5j8Bay49Crl9Z1I6GSo=,ITwzBUe+saf/NCSZ0fiPCcEeWP4=
16,26,LPq21eEa5j8Bay49Crl9Z1I6GSo=,ITwzBUe+saf/NCSZ0fiPCcEeWP4=
23,25,LPq21eEa5j8Bay49Crl9Z1I6GSo=,ITwzBUe+saf/NCSZ0fiPCcEeWP4=
22,25,LPq21eEa5j8Bay49Crl9Z1I6GSo=,ITwzBUe+saf/NCSZ0fiPCcEeWP4=
21,25,LPq21eEa5j8Bay49Crl9Z1I6GSo=,ITwzBUe+saf/NCSZ0fiPCcEeWP4=
20,25,LPq21eEa5j8Bay49Crl9Z1I6GSo=,ITwzBUe+saf/NCSZ0fiPCcEeWP4=
19,25,LPq21eEa5j8Bay49Crl9Z1I6GSo=,ITwzBUe+saf/NCSZ0fiPCcEeWP4=
18,25,LPq21eEa5j8Bay49Crl9Z1I6GSo=,ITwzBUe+saf/NCSZ0fiPCcEeWP4=
17,25,LPq21eEa5j8Bay49Crl9Z1I6GSo=,ITwzBUe+saf/NCSZ0fiPCcEeWP4=
16,25,LPq21eEa5j8Bay49Crl9Z1I6GSo=,ITwzBUe+saf/NCSZ0fiPCcEeWP4=
23,31,LPq21eEa5j8Bay49Crl9Z1I6GSo=,ITwzBUe+saf/NCSZ0fiPCcEeWP4=
22,31,LPq21eEa5j8Bay49Crl9Z1I6GSo=,ITwzBUe+saf/NCSZ0fiPCcEeWP4=
21,31,LPq21eEa5j8Bay49Crl9Z1I6GSo=,ITwzBUe+saf/NCSZ0fiPCcEeWP4=
20,23,LPq21eEa5j8Bay49Crl9Z1I6GSo=,zdoPEQL5kKXDxyj9DoFgDFbnXaI=
19,23,LPq21eEa5j8Bay49Crl9Z1I6GSo=,zdoPEQL5kKXDxyj9DoFgDFbnXaI=
21,22,LPq21eEa5j8Bay49Crl9Z1I6GSo=,zdoPEQL5kKXDxyj9DoFgDFbnXaI=
21,21,LPq21eEa5j8Bay49Crl9Z1I6GSo=,zdoPEQL5kKXDxyj9DoFgDFbnXaI=
23,20,LPq21eEa5j8Bay49Crl9Z1I6GSo=,zdoPEQL5kKXDxyj9DoFgDFbnXaI=
20,22,LPq21eEa5j8Bay49Crl9Z1I6GSo=,zdoPEQL5kKXDxyj9DoFgDFbnXaI=
18,23,LPq21eEa5j8Bay49Crl9Z1I6GSo=,zdoPEQL5kKXDxyj9DoFgDFbnXaI=
22,22,LPq21eEa5j8Bay49Crl9Z1I6GSo=,zdoPEQL5kKXDxyj9DoFgDFbnXaI=
19,16,LPq21eEa5j8Bay49Crl9Z1I6GSo=,zdoPEQL5kKXDxyj9DoFgDFbnXaI=
19,22,LPq21eEa5j8Bay49Crl9Z1I6GSo=,zdoPEQL5kKXDxyj9DoFgDFbnXaI=
23,22,LPq21eEa5j8Bay49Crl9Z1I6GSo=,zdoPEQL5kKXDxyj9DoFgDFbnXaI=
17,23,LPq21eEa5j8Bay49Crl9Z1I6GSo=,zdoPEQL5kKXDxyj9DoFgDFbnXaI=
22,20,LPq21eEa5j8Bay49Crl9Z1I6GSo=,zdoPEQL5kKXDxyj9DoFgDFbnXaI=
19,18,LPq21eEa5j8Bay49Crl9Z1I6GSo=,zdoPEQL5kKXDxyj9DoFgDFbnXaI=
20,21,LPq21eEa5j8Bay49Crl9Z1I6GSo=,zdoPEQL5kKXDxyj9DoFgDFbnXaI=
19,21,LPq21eEa5j8Bay49Crl9Z1I6GSo=,zdoPEQL5kKXDxyj9DoFgDFbnXaI=
18,18,LPq21eEa5j8Bay49Crl9Z1I6GSo=,zdoPEQL5kKXDxyj9DoFgDFbnXaI=
16,23,LPq21eEa5j8Bay49Crl9Z1I6GSo=,zdoPEQL5kKXDxyj9DoFgDFbnXaI=
21,20,LPq21eEa5j8Bay49Crl9Z1I6GSo=,zdoPEQL5kKXDxyj9DoFgDFbnXaI=
23,17,LPq21eEa5j8Bay49Crl9Z1I6GSo=,zdoPEQL5kKXDxyj9DoFgDFbnXaI=
23,19,LPq21eEa5j8Bay49Crl9Z1I6GSo=,zdoPEQL5kKXDxyj9DoFgDFbnXaI=
18,22,LPq21eEa5j8Bay49Crl9Z1I6GSo=,zdoPEQL5kKXDxyj9DoFgDFbnXaI=
17,20,LPq21eEa5j8Bay49Crl9Z1I6GSo=,zdoPEQL5kKXDxyj9DoFgDFbnXaI=
22,17,LPq21eEa5j8Bay49Crl9Z1I6GSo=,zdoPEQL5kKXDxyj9DoFgDFbnXaI=
20,20,LPq21eEa5j8Bay49Crl9Z1I6GSo=,zdoPEQL5kKXDxyj9DoFgDFbnXaI=
22,19,LPq21eEa5j8Bay49Crl9Z1I6GSo=,zdoPEQL5kKXDxyj9DoFgDFbnXaI=
21,19,LPq21eEa5j8Bay49Crl9Z1I6GSo=,zdoPEQL5kKXDxyj9DoFgDFbnXaI=
19,20,LPq21eEa5j8Bay49Crl9Z1I6GSo=,zdoPEQL5kKXDxyj9DoFgDFbnXaI=
16,16,LPq21eEa5j8Bay49Crl9Z1I6GSo=,zdoPEQL5kKXDxyj9DoFgDFbnXaI=
18,17,LPq21eEa5j8Bay49Crl9Z1I6GSo=,zdoPEQL5kKXDxyj9DoFgDFbnXaI=
19,17,LPq21eEa5j8Bay49Crl9Z1I6GSo=,zdoPEQL5kKXDxyj9DoFgDFbnXaI=
17,17,LPq21eEa5j8Bay49Crl9Z1I6GSo=,zdoPEQL5kKXDxyj9DoFgDFbnXaI=
23,16,LPq21eEa5j8Bay49Crl9Z1I6GSo=,zdoPEQL5kKXDxyj9DoFgDFbnXaI=
16,17,LPq21eEa5j8Bay49Crl9Z1I6GSo=,zdoPEQL5kKXDxyj9DoFgDFbnXaI=
22,16,LPq21eEa5j8Bay49Crl9Z1I6GSo=,zdoPEQL5kKXDxyj9DoFgDFbnXaI=
21,16,LPq21eEa5j8Bay49Crl9Z1I6GSo=,zdoPEQL5kKXDxyj9DoFgDFbnXaI=
20,19,LPq21eEa5j8Bay49Crl9Z1I6GSo=,zdoPEQL5kKXDxyj9DoFgDFbnXaI=
17,22,LPq21eEa5j8Bay49Crl9Z1I6GSo=,zdoPEQL5kKXDxyj9DoFgDFbnXaI=
17,18,LPq21eEa5j8Bay49Crl9Z1I6GSo=,zdoPEQL5kKXDxyj9DoFgDFbnXaI=
21,17,LPq21eEa5j8Bay49Crl9Z1I6GSo=,zdoPEQL5kKXDxyj9DoFgDFbnXaI=
20,16,LPq21eEa5j8Bay49Crl9Z1I6GSo=,zdoPEQL5kKXDxyj9DoFgDFbnXaI=
19,19,LPq21eEa5j8Bay49Crl9Z1I6GSo=,zdoPEQL5kKXDxyj9DoFgDFbnXaI=
16,18,LPq21eEa5j8Bay49Crl9Z1I6GSo=,zdoPEQL5kKXDxyj9DoFgDFbnXaI=
23,24,LPq21eEa5j8Bay49Crl9Z1I6GSo=,ITwzBUe+saf/NCSZ0fiPCcEeWP4=
18,21,LPq21eEa5j8Bay49Crl9Z1I6GSo=,zdoPEQL5kKXDxyj9DoFgDFbnXaI=
18,20,LPq21eEa5j8Bay49Crl9Z1I6GSo=,zdoPEQL5kKXDxyj9DoFgDFbnXaI=
22,24,LPq21eEa5j8Bay49Crl9Z1I6GSo=,ITwzBUe+saf/NCSZ0fiPCcEeWP4=
23,18,LPq21eEa5j8Bay49Crl9Z1I6GSo=,zdoPEQL5kKXDxyj9DoFgDFbnXaI=
21,24,LPq21eEa5j8Bay49Crl9Z1I6GSo=,ITwzBUe+saf/NCSZ0fiPCcEeWP4=
22,18,LPq21eEa5j8Bay49Crl9Z1I6GSo=,zdoPEQL5kKXDxyj9DoFgDFbnXaI=
21,18,LPq21eEa5j8Bay49Crl9Z1I6GSo=,zdoPEQL5kKXDxyj9DoFgDFbnXaI=
20,18,LPq21eEa5j8Bay49Crl9Z1I6GSo=,zdoPEQL5kKXDxyj9DoFgDFbnXaI=
18,16,LPq21eEa5j8Bay49Crl9Z1I6GSo=,zdoPEQL5kKXDxyj9DoFgDFbnXaI=
17,16,LPq21eEa5j8Bay49Crl9Z1I6GSo=,zdoPEQL5kKXDxyj9DoFgDFbnXaI=
20,24,LPq21eEa5j8Bay49Crl9Z1I6GSo=,ITwzBUe+saf/NCSZ0fiPCcEeWP4=
19,24,LPq21eEa5j8Bay49Crl9Z1I6GSo=,ITwzBUe+saf/NCSZ0fiPCcEeWP4=
20,17,LPq21eEa5j8Bay49Crl9Z1I6GSo=,zdoPEQL5kKXDxyj9DoFgDFbnXaI=
18,24,LPq21eEa5j8Bay49Crl9Z1I6GSo=,ITwzBUe+saf/NCSZ0fiPCcEeWP4=
17,21,LPq21eEa5j8Bay49Crl9Z1I6GSo=,zdoPEQL5kKXDxyj9DoFgDFbnXaI=
17,24,LPq21eEa5j8Bay49Crl9Z1I6GSo=,ITwzBUe+saf/NCSZ0fiPCcEeWP4=
16,20,LPq21eEa5j8Bay49Crl9Z1I6GSo=,zdoPEQL5kKXDxyj9DoFgDFbnXaI=
17,19,LPq21eEa5j8Bay49Crl9Z1I6GSo=,zdoPEQL5kKXDxyj9DoFgDFbnXaI=
23,23,LPq21eEa5j8Bay49Crl9Z1I6GSo=,zdoPEQL5kKXDxyj9DoFgDFbnXaI=
23,21,LPq21eEa5j8Bay49Crl9Z1I6GSo=,zdoPEQL5kKXDxyj9DoFgDFbnXaI=
22,21,LPq21eEa5j8Bay49Crl9Z1I6GSo=,zdoPEQL5kKXDxyj9DoFgDFbnXaI=
21,23,LPq21eEa5j8Bay49Crl9Z1I6GSo=,zdoPEQL5kKXDxyj9DoFgDFbnXaI=
16,24,LPq21eEa5j8Bay49Crl9Z1I6GSo=,ITwzBUe+saf/NCSZ0fiPCcEeWP4=
16,22,LPq21eEa5j8Bay49Crl9Z1I6GSo=,zdoPEQL5kKXDxyj9DoFgDFbnXaI=
22,23,LPq21eEa5j8Bay49Crl9Z1I6GSo=,zdoPEQL5kKXDxyj9DoFgDFbnXaI=
18,19,LPq21eEa5j8Bay49Crl9Z1I6GSo=,zdoPEQL5kKXDxyj9DoFgDFbnXaI=
16,19,LPq21eEa5j8Bay49Crl9Z1I6GSo=,zdoPEQL5kKXDxyj9DoFgDFbnXaI=
16,21,LPq21eEa5j8Bay49Crl9Z1I6GSo=,zdoPEQL5kKXDxyj9DoFgDFbnXaI=
20,5,b3j6geHWjklZzT9hPn/IAo5vd3E=,IgKE7Mn1Jo1iyxz+eMvYjtObmRk=
23,1,b3j6geHWjklZzT9hPn/IAo5vd3E=,IgKE7Mn1Jo1iyxz+eMvYjtObmRk=
22,1,b3j6geHWjklZzT9hPn/IAo5vd3E=,IgKE7Mn1Jo1iyxz+eMvYjtObmRk=
19,5,b3j6geHWjklZzT9hPn/IAo5vd3E=,IgKE7Mn1Jo1iyxz+eMvYjtObmRk=
23,3,b3j6geHWjklZzT9hPn/IAo5vd3E=,IgKE7Mn1Jo1iyxz+eMvYjtObmRk=
21,1,b3j6geHWjklZzT9hPn/IAo5vd3E=,IgKE7Mn1Jo1iyxz+eMvYjtObmRk=
18,5,b3j6geHWjklZzT9hPn/IAo5vd3E=,IgKE7Mn1Jo1iyxz+eMvYjtObmRk=
19,0,b3j6geHWjklZzT9hPn/IAo5vd3E=,IgKE7Mn1Jo1iyxz+eMvYjtObmRk=
23,2,b3j6geHWjklZzT9hPn/IAo5vd3E=,IgKE7Mn1Jo1iyxz+eMvYjtObmRk=
22,3,b3j6geHWjklZzT9hPn/IAo5vd3E=,IgKE7Mn1Jo1iyxz+eMvYjtObmRk=
22,2,b3j6geHWjklZzT9hPn/IAo5vd3E=,IgKE7Mn1Jo1iyxz+eMvYjtObmRk=
21,4,b3j6geHWjklZzT9hPn/IAo5vd3E=,IgKE7Mn1Jo1iyxz+eMvYjtObmRk=
21,3,b3j6geHWjklZzT9hPn/IAo5vd3E=,IgKE7Mn1Jo1iyxz+eMvYjtObmRk=
21,2,b3j6geHWjklZzT9hPn/IAo5vd3E=,IgKE7Mn1Jo1iyxz+eMvYjtObmRk=
17,5,b3j6geHWjklZzT9hPn/IAo5vd3E=,IgKE7Mn1Jo1iyxz+eMvYjtObmRk=
20,4,b3j6geHWjklZzT9hPn/IAo5vd3E=,IgKE7Mn1Jo1iyxz+eMvYjtObmRk=
20,3,b3j6geHWjklZzT9hPn/IAo5vd3E=,IgKE7Mn1Jo1iyxz+eMvYjtObmRk=
17,1,b3j6geHWjklZzT9hPn/IAo5vd3E=,IgKE7Mn1Jo1iyxz+eMvYjtObmRk=
20,2,b3j6geHWjklZzT9hPn/IAo5vd3E=,IgKE7Mn1Jo1iyxz+eMvYjtObmRk=
16,5,b3j6geHWjklZzT9hPn/IAo5vd3E=,IgKE7Mn1Jo1iyxz+eMvYjtObmRk=
19,3,b3j6geHWjklZzT9hPn/IAo5vd3E=,IgKE7Mn1Jo1iyxz+eMvYjtObmRk=
19,4,b3j6geHWjklZzT9hPn/IAo5vd3E=,IgKE7Mn1Jo1iyxz+eMvYjtObmRk=
18,0,b3j6geHWjklZzT9hPn/IAo5vd3E=,IgKE7Mn1Jo1iyxz+eMvYjtObmRk=
19,2,b3j6geHWjklZzT9hPn/IAo5vd3E=,IgKE7Mn1Jo1iyxz+eMvYjtObmRk=
23,7,b3j6geHWjklZzT9hPn/IAo5vd3E=,IgKE7Mn1Jo1iyxz+eMvYjtObmRk=
21,7,b3j6geHWjklZzT9hPn/IAo5vd3E=,IgKE7Mn1Jo1iyxz+eMvYjtObmRk=
22,7,b3j6geHWjklZzT9hPn/IAo5vd3E=,IgKE7Mn1Jo1iyxz+eMvYjtObmRk=
23,0,b3j6geHWjklZzT9hPn/IAo5vd3E=,IgKE7Mn1Jo1iyxz+eMvYjtObmRk=
20,7,b3j6geHWjklZzT9hPn/IAo5vd3E=,IgKE7Mn1Jo1iyxz+eMvYjtObmRk=
19,7,b3j6geHWjklZzT9hPn/IAo5vd3E=,IgKE7Mn1Jo1iyxz+eMvYjtObmRk=
18,3,b3j6geHWjklZzT9hPn/IAo5vd3E=,IgKE7Mn1Jo1iyxz+eMvYjtObmRk=
16,1,b3j6geHWjklZzT9hPn/IAo5vd3E=,IgKE7Mn1Jo1iyxz+eMvYjtObmRk=
18,2,b3j6geHWjklZzT9hPn/IAo5vd3E=,IgKE7Mn1Jo1iyxz+eMvYjtObmRk=
18,7,b3j6geHWjklZzT9hPn/IAo5vd3E=,IgKE7Mn1Jo1iyxz+eMvYjtObmRk=
16,7,b3j6geHWjklZzT9hPn/IAo5vd3E=,IgKE7Mn1Jo1iyxz+eMvYjtObmRk=
17,7,b3j6geHWjklZzT9hPn/IAo5vd3E=,IgKE7Mn1Jo1iyxz+eMvYjtObmRk=
23,6,b3j6geHWjklZzT9hPn/IAo5vd3E=,IgKE7Mn1Jo1iyxz+eMvYjtObmRk=
22,6,b3j6geHWjklZzT9hPn/IAo5vd3E=,IgKE7Mn1Jo1iyxz+eMvYjtObmRk=
21,6,b3j6geHWjklZzT9hPn/IAo5vd3E=,IgKE7Mn1Jo1iyxz+eMvYjtObmRk=
17,3,b3j6geHWjklZzT9hPn/IAo5vd3E=,IgKE7Mn1Jo1iyxz+eMvYjtObmRk=
17,0,b3j6geHWjklZzT9hPn/IAo5vd3E=,IgKE7Mn1Jo1iyxz+eMvYjtObmRk=
18,4,b3j6geHWjklZzT9hPn/IAo5vd3E=,IgKE7Mn1Jo1iyxz+eMvYjtObmRk=
20,6,b3j6geHWjklZzT9hPn/IAo5vd3E=,IgKE7Mn1Jo1iyxz+eMvYjtObmRk=
23,4,b3j6geHWjklZzT9hPn/IAo5vd3E=,IgKE7Mn1Jo1iyxz+eMvYjtObmRk=
19,6,b3j6geHWjklZzT9hPn/IAo5vd3E=,IgKE7Mn1Jo1iyxz+eMvYjtObmRk=
17,2,b3j6geHWjklZzT9hPn/IAo5vd3E=,IgKE7Mn1Jo1iyxz+eMvYjtObmRk=
22,0,b3j6geHWjklZzT9hPn/IAo5vd3E=,IgKE7Mn1Jo1iyxz+eMvYjtObmRk=
18,6,b3j6geHWjklZzT9hPn/IAo5vd3E=,IgKE7Mn1Jo1iyxz+eMvYjtObmRk=
17,6,b3j6geHWjklZzT9hPn/IAo5vd3E=,IgKE7Mn1Jo1iyxz+eMvYjtObmRk=
20,0,b3j6geHWjklZzT9hPn/IAo5vd3E=,IgKE7Mn1Jo1iyxz+eMvYjtObmRk=
16,6,b3j6geHWjklZzT9hPn/IAo5vd3E=,IgKE7Mn1Jo1iyxz+eMvYjtObmRk=
17,4,b3j6geHWjklZzT9hPn/IAo5vd3E=,IgKE7Mn1Jo1iyxz+eMvYjtObmRk=
16,0,b3j6geHWjklZzT9hPn/IAo5vd3E=,IgKE7Mn1Jo1iyxz+eMvYjtObmRk=
20,1,b3j6geHWjklZzT9hPn/IAo5vd3E=,IgKE7Mn1Jo1iyxz+eMvYjtObmRk=
23,5,b3j6geHWjklZzT9hPn/IAo5vd3E=,IgKE7Mn1Jo1iyxz+eMvYjtObmRk=
16,3,b3j6geHWjklZzT9hPn/IAo5vd3E=,IgKE7Mn1Jo1iyxz+eMvYjtObmRk=
16,4,b3j6geHWjklZzT9hPn/IAo5vd3E=,IgKE7Mn1Jo1iyxz+eMvYjtObmRk=
16,2,b3j6geHWjklZzT9hPn/IAo5vd3E=,IgKE7Mn1Jo1iyxz+eMvYjtObmRk=
21,0,b3j6geHWjklZzT9hPn/IAo5vd3E=,IgKE7Mn1Jo1iyxz+eMvYjtObmRk=
22,4,b3j6geHWjklZzT9hPn/IAo5vd3E=,IgKE7Mn1Jo1iyxz+eMvYjtObmRk=
22,5,b3j6geHWjklZzT9hPn/IAo5vd3E=,IgKE7Mn1Jo1iyxz+eMvYjtObmRk=
21,5,b3j6geHWjklZzT9hPn/IAo5vd3E=,IgKE7Mn1Jo1iyxz+eMvYjtObmRk=
18,1,b3j6geHWjklZzT9hPn/IAo5vd3E=,IgKE7Mn1Jo1iyxz+eMvYjtObmRk=
19,1,b3j6geHWjklZzT9hPn/IAo5vd3E=,IgKE7Mn1Jo1iyxz+eMvYjtObmRk=
