30,-14,1AgD3DLqgCWSW7RNX6Tiy3fV9b4=,shNJ0+u+A4sT3hCVhOefaFWhO1E=
29,-14,1AgD3DLqgCWSW7RNX6Tiy3fV9b4=,shNJ0+u+A4sT3hCVhOefaFWhO1E=
30,-15,1AgD3DLqgCWSW7RNX6Tiy3fV9b4=,shNJ0+u+A4sT3hCVhOefaFWhO1E=
29,-15,1AgD3DLqgCWSW7RNX6Tiy3fV9b4=,shNJ0+u+A4sT3hCVhOefaFWhO1E=
30,-13,1AgD3DLqgCWSW7RNX6Tiy3fV9b4=,shNJ0+u+A4sT3hCVhOefaFWhO1E=
30,-10,1AgD3DLqgCWSW7RNX6Tiy3fV9b4=,5Tg8WZPM6dVnjKGzdpIdVCMuiBE=
29,-10,1AgD3DLqgCWSW7RNX6Tiy3fV9b4=,5Tg8WZPM6dVnjKGzdpIdVCMuiBE=
30,-12,1AgD3DLqgCWSW7RNX6Tiy3fV9b4=,5Tg8WZPM6dVnjKGzdpIdVCMuiBE=
30,-11,1AgD3DLqgCWSW7RNX6Tiy3fV9b4=,5Tg8WZPM6dVnjKGzdpIdVCMuiBE=
29,-12,1AgD3DLqgCWSW7RNX6Tiy3fV9b4=,5Tg8WZPM6dVnjKGzdpIdVCMuiBE=
29,-11,1AgD3DLqgCWSW7RNX6Tiy3fV9b4=,5Tg8WZPM6dVnjKGzdpIdVCMuiBE=
29,-13,1AgD3DLqgCWSW7RNX6Tiy3fV9b4=,shNJ0+u+A4sT3hCVhOefaFWhO1E=
22,-14,1AgD3DLqgCWSW7RNX6Tiy3fV9b4=,AFZ3BdV8Smy+sd3aJTArS5col50=
21,-15,1AgD3DLqgCWSW7RNX6Tiy3fV9b4=,AFZ3BdV8Smy+sd3aJTArS5col50=
22,-15,1AgD3DLqgCWSW7RNX6Tiy3fV9b4=,AFZ3BdV8Smy+sd3aJTArS5col50=
21,-14,1AgD3DLqgCWSW7RNX6Tiy3fV9b4=,AFZ3BdV8Smy+sd3aJTArS5col50=
28,-14,1AgD3DLqgCWSW7RNX6Tiy3fV9b4=,shNJ0+u+A4sT3hCVhOefaFWhO1E=
24,-14,1AgD3DLqgCWSW7RNX6Tiy3fV9b4=,U3dxAwWB3sTuZhkQ0/hiiOPPJvg=
27,-15,1AgD3DLqgCWSW7RNX6Tiy3fV9b4=,U3dxAwWB3sTuZhkQ0/hiiOPPJvg=
25,-14,1AgD3DLqgCWSW7RNX6Tiy3fV9b4=,U3dxAwWB3sTuZhkQ0/hiiOPPJvg=
27,-14,1AgD3DLqgCWSW7RNX6Tiy3fV9b4=,U3dxAwWB3sTuZhkQ0/hiiOPPJvg=
24,-15,1AgD3DLqgCWSW7RNX6Tiy3fV9b4=,U3dxAwWB3sTuZhkQ0/hiiOPPJvg=
23,-14,1AgD3DLqgCWSW7RNX6Tiy3fV9b4=,AFZ3BdV8Smy+sd3aJTArS5col50=
28,-15,1AgD3DLqgCWSW7RNX6Tiy3fV9b4=,shNJ0+u+A4sT3hCVhOefaFWhO1E=
23,-15,1AgD3DLqgCWSW7RNX6Tiy3fV9b4=,AFZ3BdV8Smy+sd3aJTArS5col50=
25,-15,1AgD3DLqgCWSW7RNX6Tiy3fV9b4=,U3dxAwWB3sTuZhkQ0/hiiOPPJvg=
26,-15,1AgD3DLqgCWSW7RNX6Tiy3fV9b4=,U3dxAwWB3sTuZhkQ0/hiiOPPJvg=
26,-14,1AgD3DLqgCWSW7RNX6Tiy3fV9b4=,U3dxAwWB3sTuZhkQ0/hiiOPPJvg=
28,-13,1AgD3DLqgCWSW7RNX6Tiy3fV9b4=,shNJ0+u+A4sT3hCVhOefaFWhO1E=
27,-13,1AgD3DLqgCWSW7RNX6Tiy3fV9b4=,U3dxAwWB3sTuZhkQ0/hiiOPPJvg=
26,-10,1AgD3DLqgCWSW7RNX6Tiy3fV9b4=,z1gwq4RVajFcRVrPGK/2MKbOxWM=
28,-10,1AgD3DLqgCWSW7RNX6Tiy3fV9b4=,5Tg8WZPM6dVnjKGzdpIdVCMuiBE=
25,-10,1AgD3DLqgCWSW7RNX6Tiy3fV9b4=,z1gwq4RVajFcRVrPGK/2MKbOxWM=
27,-11,1AgD3DLqgCWSW7RNX6Tiy3fV9b4=,z1gwq4RVajFcRVrPGK/2MKbOxWM=
26,-13,1AgD3DLqgCWSW7RNX6Tiy3fV9b4=,U3dxAwWB3sTuZhkQ0/hiiOPPJvg=
25,-13,1AgD3DLqgCWSW7RNX6Tiy3fV9b4=,U3dxAwWB3sTuZhkQ0/hiiOPPJvg=
26,-12,1AgD3DLqgCWSW7RNX6Tiy3fV9b4=,z1gwq4RVajFcRVrPGK/2MKbOxWM=
25,-11,1AgD3DLqgCWSW7RNX6Tiy3fV9b4=,z1gwq4RVajFcRVrPGK/2MKbOxWM=
28,-11,1AgD3DLqgCWSW7RNX6Tiy3fV9b4=,5Tg8WZPM6dVnjKGzdpIdVCMuiBE=
27,-10,1AgD3DLqgCWSW7RNX6Tiy3fV9b4=,z1gwq4RVajFcRVrPGK/2MKbOxWM=
26,-11,1AgD3DLqgCWSW7RNX6Tiy3fV9b4=,z1gwq4RVajFcRVrPGK/2MKbOxWM=
28,-12,1AgD3DLqgCWSW7RNX6Tiy3fV9b4=,5Tg8WZPM6dVnjKGzdpIdVCMuiBE=
25,-12,1AgD3DLqgCWSW7RNX6Tiy3fV9b4=,z1gwq4RVajFcRVrPGK/2MKbOxWM=
27,-12,1AgD3DLqgCWSW7RNX6Tiy3fV9b4=,z1gwq4RVajFcRVrPGK/2MKbOxWM=
21,-7,1AgD3DLqgCWSW7RNX6Tiy3fV9b4=,JWH2S0P+4/Z/iIMMqinvypREcrg=
21,-6,1AgD3DLqgCWSW7RNX6Tiy3fV9b4=,JWH2S0P+4/Z/iIMMqinvypREcrg=
22,-6,1AgD3DLqgCWSW7RNX6Tiy3fV9b4=,JWH2S0P+4/Z/iIMMqinvypREcrg=
22,-7,1AgD3DLqgCWSW7RNX6Tiy3fV9b4=,JWH2S0P+4/Z/iIMMqinvypREcrg=
17,-3,1AgD3DLqgCWSW7RNX6Tiy3fV9b4=,NJ8VI0Q/JbjOeoe5HN5GSkxI4D4=
17,-2,1AgD3DLqgCWSW7RNX6Tiy3fV9b4=,NJ8VI0Q/JbjOeoe5HN5GSkxI4D4=
18,-2,1AgD3DLqgCWSW7RNX6Tiy3fV9b4=,NJ8VI0Q/JbjOeoe5HN5GSkxI4D4=
18,-3,1AgD3DLqgCWSW7RNX6Tiy3fV9b4=,NJ8VI0Q/JbjOeoe5HN5GSkxI4D4=
20,-15,1AgD3DLqgCWSW7RNX6Tiy3fV9b4=,AFZ3BdV8Smy+sd3aJTArS5col50=
20,-14,1AgD3DLqgCWSW7RNX6Tiy3fV9b4=,AFZ3BdV8Smy+sd3aJTArS5col50=
25,-9,1AgD3DLqgCWSW7RNX6Tiy3fV9b4=,z1gwq4RVajFcRVrPGK/2MKbOxWM=
23,-7,1AgD3DLqgCWSW7RNX6Tiy3fV9b4=,JWH2S0P+4/Z/iIMMqinvypREcrg=
23,-6,1AgD3DLqgCWSW7RNX6Tiy3fV9b4=,JWH2S0P+4/Z/iIMMqinvypREcrg=
26,-9,1AgD3DLqgCWSW7RNX6Tiy3fV9b4=,z1gwq4RVajFcRVrPGK/2MKbOxWM=
21,-5,1AgD3DLqgCWSW7RNX6Tiy3fV9b4=,JWH2S0P+4/Z/iIMMqinvypREcrg=
19,-2,1AgD3DLqgCWSW7RNX6Tiy3fV9b4=,NJ8VI0Q/JbjOeoe5HN5GSkxI4D4=
19,-3,1AgD3DLqgCWSW7RNX6Tiy3fV9b4=,NJ8VI0Q/JbjOeoe5HN5GSkxI4D4=
22,-5,1AgD3DLqgCWSW7RNX6Tiy3fV9b4=,JWH2S0P+4/Z/iIMMqinvypREcrg=
16,-3,1AgD3DLqgCWSW7RNX6Tiy3fV9b4=,NJ8VI0Q/JbjOeoe5HN5GSkxI4D4=
16,-2,1AgD3DLqgCWSW7RNX6Tiy3fV9b4=,NJ8VI0Q/JbjOeoe5HN5GSkxI4D4=
18,-1,1AgD3DLqgCWSW7RNX6Tiy3fV9b4=,NJ8VI0Q/JbjOeoe5HN5GSkxI4D4=
17,-1,1AgD3DLqgCWSW7RNX6Tiy3fV9b4=,NJ8VI0Q/JbjOeoe5HN5GSkxI4D4=
31,-11,1AgD3DLqgCWSW7RNX6Tiy3fV9b4=,5Tg8WZPM6dVnjKGzdpIdVCMuiBE=
31,-10,1AgD3DLqgCWSW7RNX6Tiy3fV9b4=,5Tg8WZPM6dVnjKGzdpIdVCMuiBE=
28,-9,1AgD3DLqgCWSW7RNX6Tiy3fV9b4=,5Tg8WZPM6dVnjKGzdpIdVCMuiBE=
27,-9,1AgD3DLqgCWSW7RNX6Tiy3fV9b4=,z1gwq4RVajFcRVrPGK/2MKbOxWM=
29,-9,1AgD3DLqgCWSW7RNX6Tiy3fV9b4=,5Tg8WZPM6dVnjKGzdpIdVCMuiBE=
30,-9,1AgD3DLqgCWSW7RNX6Tiy3fV9b4=,5Tg8WZPM6dVnjKGzdpIdVCMuiBE=
31,-9,1AgD3DLqgCWSW7RNX6Tiy3fV9b4=,5Tg8WZPM6dVnjKGzdpIdVCMuiBE=
22,-9,1AgD3DLqgCWSW7RNX6Tiy3fV9b4=,2lr8ZthFVFLGpgHnOcU20a0lgiM=
24,-13,1AgD3DLqgCWSW7RNX6Tiy3fV9b4=,U3dxAwWB3sTuZhkQ0/hiiOPPJvg=
23,-13,1AgD3DLqgCWSW7RNX6Tiy3fV9b4=,AFZ3BdV8Smy+sd3aJTArS5col50=
22,-12,1AgD3DLqgCWSW7RNX6Tiy3fV9b4=,2lr8ZthFVFLGpgHnOcU20a0lgiM=
22,-10,1AgD3DLqgCWSW7RNX6Tiy3fV9b4=,2lr8ZthFVFLGpgHnOcU20a0lgiM=
22,-11,1AgD3DLqgCWSW7RNX6Tiy3fV9b4=,2lr8ZthFVFLGpgHnOcU20a0lgiM=
21,-12,1AgD3DLqgCWSW7RNX6Tiy3fV9b4=,2lr8ZthFVFLGpgHnOcU20a0lgiM=
23,-8,1AgD3DLqgCWSW7RNX6Tiy3fV9b4=,JWH2S0P+4/Z/iIMMqinvypREcrg=
22,-8,1AgD3DLqgCWSW7RNX6Tiy3fV9b4=,JWH2S0P+4/Z/iIMMqinvypREcrg=
21,-9,1AgD3DLqgCWSW7RNX6Tiy3fV9b4=,2lr8ZthFVFLGpgHnOcU20a0lgiM=
23,-9,1AgD3DLqgCWSW7RNX6Tiy3fV9b4=,2lr8ZthFVFLGpgHnOcU20a0lgiM=
23,-11,1AgD3DLqgCWSW7RNX6Tiy3fV9b4=,2lr8ZthFVFLGpgHnOcU20a0lgiM=
24,-9,1AgD3DLqgCWSW7RNX6Tiy3fV9b4=,z1gwq4RVajFcRVrPGK/2MKbOxWM=
23,-10,1AgD3DLqgCWSW7RNX6Tiy3fV9b4=,2lr8ZthFVFLGpgHnOcU20a0lgiM=
21,-8,1AgD3DLqgCWSW7RNX6Tiy3fV9b4=,JWH2S0P+4/Z/iIMMqinvypREcrg=
24,-11,1AgD3DLqgCWSW7RNX6Tiy3fV9b4=,z1gwq4RVajFcRVrPGK/2MKbOxWM=
21,-11,1AgD3DLqgCWSW7RNX6Tiy3fV9b4=,2lr8ZthFVFLGpgHnOcU20a0lgiM=
24,-10,1AgD3DLqgCWSW7RNX6Tiy3fV9b4=,z1gwq4RVajFcRVrPGK/2MKbOxWM=
24,-12,1AgD3DLqgCWSW7RNX6Tiy3fV9b4=,z1gwq4RVajFcRVrPGK/2MKbOxWM=
21,-10,1AgD3DLqgCWSW7RNX6Tiy3fV9b4=,2lr8ZthFVFLGpgHnOcU20a0lgiM=
22,-13,1AgD3DLqgCWSW7RNX6Tiy3fV9b4=,AFZ3BdV8Smy+sd3aJTArS5col50=
23,-12,1AgD3DLqgCWSW7RNX6Tiy3fV9b4=,2lr8ZthFVFLGpgHnOcU20a0lgiM=
21,-13,1AgD3DLqgCWSW7RNX6Tiy3fV9b4=,AFZ3BdV8Smy+sd3aJTArS5col50=
30,-16,1AgD3DLqgCWSW7RNX6Tiy3fV9b4=,shNJ0+u+A4sT3hCVhOefaFWhO1E=
29,-16,1AgD3DLqgCWSW7RNX6Tiy3fV9b4=,shNJ0+u+A4sT3hCVhOefaFWhO1E=
21,-16,1AgD3DLqgCWSW7RNX6Tiy3fV9b4=,AFZ3BdV8Smy+sd3aJTArS5col50=
22,-16,1AgD3DLqgCWSW7RNX6Tiy3fV9b4=,AFZ3BdV8Smy+sd3aJTArS5col50=
23,-5,1AgD3DLqgCWSW7RNX6Tiy3fV9b4=,JWH2S0P+4/Z/iIMMqinvypREcrg=
19,-1,1AgD3DLqgCWSW7RNX6Tiy3fV9b4=,NJ8VI0Q/JbjOeoe5HN5GSkxI4D4=
31,-13,1AgD3DLqgCWSW7RNX6Tiy3fV9b4=,shNJ0+u+A4sT3hCVhOefaFWhO1E=
31,-14,1AgD3DLqgCWSW7RNX6Tiy3fV9b4=,shNJ0+u+A4sT3hCVhOefaFWhO1E=
31,-15,1AgD3DLqgCWSW7RNX6Tiy3fV9b4=,shNJ0+u+A4sT3hCVhOefaFWhO1E=
31,-12,1AgD3DLqgCWSW7RNX6Tiy3fV9b4=,5Tg8WZPM6dVnjKGzdpIdVCMuiBE=
31,-16,1AgD3DLqgCWSW7RNX6Tiy3fV9b4=,shNJ0+u+A4sT3hCVhOefaFWhO1E=
28,-16,1AgD3DLqgCWSW7RNX6Tiy3fV9b4=,shNJ0+u+A4sT3hCVhOefaFWhO1E=
23,-16,1AgD3DLqgCWSW7RNX6Tiy3fV9b4=,AFZ3BdV8Smy+sd3aJTArS5col50=
20,-16,1AgD3DLqgCWSW7RNX6Tiy3fV9b4=,AFZ3BdV8Smy+sd3aJTArS5col50=
16,-1,1AgD3DLqgCWSW7RNX6Tiy3fV9b4=,NJ8VI0Q/JbjOeoe5HN5GSkxI4D4=
25,-16,1AgD3DLqgCWSW7RNX6Tiy3fV9b4=,U3dxAwWB3sTuZhkQ0/hiiOPPJvg=
24,-16,1AgD3DLqgCWSW7RNX6Tiy3fV9b4=,U3dxAwWB3sTuZhkQ0/hiiOPPJvg=
27,-16,1AgD3DLqgCWSW7RNX6Tiy3fV9b4=,U3dxAwWB3sTuZhkQ0/hiiOPPJvg=
26,-16,1AgD3DLqgCWSW7RNX6Tiy3fV9b4=,U3dxAwWB3sTuZhkQ0/hiiOPPJvg=
20,-10,1AgD3DLqgCWSW7RNX6Tiy3fV9b4=,2lr8ZthFVFLGpgHnOcU20a0lgiM=
20,-13,1AgD3DLqgCWSW7RNX6Tiy3fV9b4=,AFZ3BdV8Smy+sd3aJTArS5col50=
17,-12,1AgD3DLqgCWSW7RNX6Tiy3fV9b4=,WLNe1gj0iVqeE6ATcESMLKa+yUo=
18,-12,1AgD3DLqgCWSW7RNX6Tiy3fV9b4=,WLNe1gj0iVqeE6ATcESMLKa+yUo=
16,-12,1AgD3DLqgCWSW7RNX6Tiy3fV9b4=,WLNe1gj0iVqeE6ATcESMLKa+yUo=
19,-12,1AgD3DLqgCWSW7RNX6Tiy3fV9b4=,WLNe1gj0iVqeE6ATcESMLKa+yUo=
19,-10,1AgD3DLqgCWSW7RNX6Tiy3fV9b4=,WLNe1gj0iVqeE6ATcESMLKa+yUo=
20,-11,1AgD3DLqgCWSW7RNX6Tiy3fV9b4=,2lr8ZthFVFLGpgHnOcU20a0lgiM=
17,-11,1AgD3DLqgCWSW7RNX6Tiy3fV9b4=,WLNe1gj0iVqeE6ATcESMLKa+yUo=
16,-11,1AgD3DLqgCWSW7RNX6Tiy3fV9b4=,WLNe1gj0iVqeE6ATcESMLKa+yUo=
16,-10,1AgD3DLqgCWSW7RNX6Tiy3fV9b4=,WLNe1gj0iVqeE6ATcESMLKa+yUo=
18,-11,1AgD3DLqgCWSW7RNX6Tiy3fV9b4=,WLNe1gj0iVqeE6ATcESMLKa+yUo=
20,-12,1AgD3DLqgCWSW7RNX6Tiy3fV9b4=,2lr8ZthFVFLGpgHnOcU20a0lgiM=
18,-10,1AgD3DLqgCWSW7RNX6Tiy3fV9b4=,WLNe1gj0iVqeE6ATcESMLKa+yUo=
17,-10,1AgD3DLqgCWSW7RNX6Tiy3fV9b4=,WLNe1gj0iVqeE6ATcESMLKa+yUo=
19,-4,1AgD3DLqgCWSW7RNX6Tiy3fV9b4=,NJ8VI0Q/JbjOeoe5HN5GSkxI4D4=
19,-11,1AgD3DLqgCWSW7RNX6Tiy3fV9b4=,WLNe1gj0iVqeE6ATcESMLKa+yUo=
18,-4,1AgD3DLqgCWSW7RNX6Tiy3fV9b4=,NJ8VI0Q/JbjOeoe5HN5GSkxI4D4=
19,-5,1AgD3DLqgCWSW7RNX6Tiy3fV9b4=,hfplircV1hEM2MkOVkrHI7UqlxA=
20,-9,1AgD3DLqgCWSW7RNX6Tiy3fV9b4=,2lr8ZthFVFLGpgHnOcU20a0lgiM=
17,-4,1AgD3DLqgCWSW7RNX6Tiy3fV9b4=,NJ8VI0Q/JbjOeoe5HN5GSkxI4D4=
18,-7,1AgD3DLqgCWSW7RNX6Tiy3fV9b4=,hfplircV1hEM2MkOVkrHI7UqlxA=
18,-6,1AgD3DLqgCWSW7RNX6Tiy3fV9b4=,hfplircV1hEM2MkOVkrHI7UqlxA=
16,-4,1AgD3DLqgCWSW7RNX6Tiy3fV9b4=,NJ8VI0Q/JbjOeoe5HN5GSkxI4D4=
18,-8,1AgD3DLqgCWSW7RNX6Tiy3fV9b4=,hfplircV1hEM2MkOVkrHI7UqlxA=
19,-7,1AgD3DLqgCWSW7RNX6Tiy3fV9b4=,hfplircV1hEM2MkOVkrHI7UqlxA=
19,-8,1AgD3DLqgCWSW7RNX6Tiy3fV9b4=,hfplircV1hEM2MkOVkrHI7UqlxA=
20,-6,1AgD3DLqgCWSW7RNX6Tiy3fV9b4=,JWH2S0P+4/Z/iIMMqinvypREcrg=
19,-9,1AgD3DLqgCWSW7RNX6Tiy3fV9b4=,WLNe1gj0iVqeE6ATcESMLKa+yUo=
20,-5,1AgD3DLqgCWSW7RNX6Tiy3fV9b4=,JWH2S0P+4/Z/iIMMqinvypREcrg=
19,-6,1AgD3DLqgCWSW7RNX6Tiy3fV9b4=,hfplircV1hEM2MkOVkrHI7UqlxA=
18,-5,1AgD3DLqgCWSW7RNX6Tiy3fV9b4=,hfplircV1hEM2MkOVkrHI7UqlxA=
17,-6,1AgD3DLqgCWSW7RNX6Tiy3fV9b4=,hfplircV1hEM2MkOVkrHI7UqlxA=
17,-7,1AgD3DLqgCWSW7RNX6Tiy3fV9b4=,hfplircV1hEM2MkOVkrHI7UqlxA=
18,-9,1AgD3DLqgCWSW7RNX6Tiy3fV9b4=,WLNe1gj0iVqeE6ATcESMLKa+yUo=
16,-6,1AgD3DLqgCWSW7RNX6Tiy3fV9b4=,hfplircV1hEM2MkOVkrHI7UqlxA=
20,-7,1AgD3DLqgCWSW7RNX6Tiy3fV9b4=,JWH2S0P+4/Z/iIMMqinvypREcrg=
20,-8,1AgD3DLqgCWSW7RNX6Tiy3fV9b4=,JWH2S0P+4/Z/iIMMqinvypREcrg=
17,-8,1AgD3DLqgCWSW7RNX6Tiy3fV9b4=,hfplircV1hEM2MkOVkrHI7UqlxA=
16,-7,1AgD3DLqgCWSW7RNX6Tiy3fV9b4=,hfplircV1hEM2MkOVkrHI7UqlxA=
16,-9,1AgD3DLqgCWSW7RNX6Tiy3fV9b4=,WLNe1gj0iVqeE6ATcESMLKa+yUo=
17,-9,1AgD3DLqgCWSW7RNX6Tiy3fV9b4=,WLNe1gj0iVqeE6ATcESMLKa+yUo=
16,-5,1AgD3DLqgCWSW7RNX6Tiy3fV9b4=,hfplircV1hEM2MkOVkrHI7UqlxA=
17,-5,1AgD3DLqgCWSW7RNX6Tiy3fV9b4=,hfplircV1hEM2MkOVkrHI7UqlxA=
16,-8,1AgD3DLqgCWSW7RNX6Tiy3fV9b4=,hfplircV1hEM2MkOVkrHI7UqlxA=
6,-26,1AgD3DLqgCWSW7RNX6Tiy3fV9b4=,tPxOaW32Yd622PCFZkaxupy4+vo=
5,-26,1AgD3DLqgCWSW7RNX6Tiy3fV9b4=,tPxOaW32Yd622PCFZkaxupy4+vo=
6,-27,1AgD3DLqgCWSW7RNX6Tiy3fV9b4=,tPxOaW32Yd622PCFZkaxupy4+vo=
5,-27,1AgD3DLqgCWSW7RNX6Tiy3fV9b4=,tPxOaW32Yd622PCFZkaxupy4+vo=
5,-23,1AgD3DLqgCWSW7RNX6Tiy3fV9b4=,ptRajtQLO0z9jpysaOheyc1dYBY=
6,-25,1AgD3DLqgCWSW7RNX6Tiy3fV9b4=,tPxOaW32Yd622PCFZkaxupy4+vo=
6,-22,1AgD3DLqgCWSW7RNX6Tiy3fV9b4=,ptRajtQLO0z9jpysaOheyc1dYBY=
5,-22,1AgD3DLqgCWSW7RNX6Tiy3fV9b4=,ptRajtQLO0z9jpysaOheyc1dYBY=
5,-24,1AgD3DLqgCWSW7RNX6Tiy3fV9b4=,ptRajtQLO0z9jpysaOheyc1dYBY=
5,-25,1AgD3DLqgCWSW7RNX6Tiy3fV9b4=,tPxOaW32Yd622PCFZkaxupy4+vo=
6,-23,1AgD3DLqgCWSW7RNX6Tiy3fV9b4=,ptRajtQLO0z9jpysaOheyc1dYBY=
6,-24,1AgD3DLqgCWSW7RNX6Tiy3fV9b4=,ptRajtQLO0z9jpysaOheyc1dYBY=
1,-27,1AgD3DLqgCWSW7RNX6Tiy3fV9b4=,yEyH5c55HlJ8/b9M5QGK5V/MIWc=
2,-26,1AgD3DLqgCWSW7RNX6Tiy3fV9b4=,yEyH5c55HlJ8/b9M5QGK5V/MIWc=
3,-26,1AgD3DLqgCWSW7RNX6Tiy3fV9b4=,yEyH5c55HlJ8/b9M5QGK5V/MIWc=
4,-27,1AgD3DLqgCWSW7RNX6Tiy3fV9b4=,tPxOaW32Yd622PCFZkaxupy4+vo=
1,-26,1AgD3DLqgCWSW7RNX6Tiy3fV9b4=,yEyH5c55HlJ8/b9M5QGK5V/MIWc=
4,-26,1AgD3DLqgCWSW7RNX6Tiy3fV9b4=,tPxOaW32Yd622PCFZkaxupy4+vo=
3,-27,1AgD3DLqgCWSW7RNX6Tiy3fV9b4=,yEyH5c55HlJ8/b9M5QGK5V/MIWc=
2,-27,1AgD3DLqgCWSW7RNX6Tiy3fV9b4=,yEyH5c55HlJ8/b9M5QGK5V/MIWc=
10,-18,1AgD3DLqgCWSW7RNX6Tiy3fV9b4=,xEuwxdO/+QRlpFfrYS9Qr+EFUhI=
11,-19,1AgD3DLqgCWSW7RNX6Tiy3fV9b4=,xEuwxdO/+QRlpFfrYS9Qr+EFUhI=
11,-18,1AgD3DLqgCWSW7RNX6Tiy3fV9b4=,xEuwxdO/+QRlpFfrYS9Qr+EFUhI=
7,-27,1AgD3DLqgCWSW7RNX6Tiy3fV9b4=,tPxOaW32Yd622PCFZkaxupy4+vo=
7,-26,1AgD3DLqgCWSW7RNX6Tiy3fV9b4=,tPxOaW32Yd622PCFZkaxupy4+vo=
5,-21,1AgD3DLqgCWSW7RNX6Tiy3fV9b4=,ptRajtQLO0z9jpysaOheyc1dYBY=
8,-19,1AgD3DLqgCWSW7RNX6Tiy3fV9b4=,xEuwxdO/+QRlpFfrYS9Qr+EFUhI=
8,-18,1AgD3DLqgCWSW7RNX6Tiy3fV9b4=,xEuwxdO/+QRlpFfrYS9Qr+EFUhI=
6,-21,1AgD3DLqgCWSW7RNX6Tiy3fV9b4=,ptRajtQLO0z9jpysaOheyc1dYBY=
9,-19,1AgD3DLqgCWSW7RNX6Tiy3fV9b4=,xEuwxdO/+QRlpFfrYS9Qr+EFUhI=
10,-19,1AgD3DLqgCWSW7RNX6Tiy3fV9b4=,xEuwxdO/+QRlpFfrYS9Qr+EFUhI=
9,-18,1AgD3DLqgCWSW7RNX6Tiy3fV9b4=,xEuwxdO/+QRlpFfrYS9Qr+EFUhI=
0,-27,1AgD3DLqgCWSW7RNX6Tiy3fV9b4=,yEyH5c55HlJ8/b9M5QGK5V/MIWc=
0,-26,1AgD3DLqgCWSW7RNX6Tiy3fV9b4=,yEyH5c55HlJ8/b9M5QGK5V/MIWc=
9,-22,1AgD3DLqgCWSW7RNX6Tiy3fV9b4=,Iu6wx2JQ84oLCJGV1S+5UTfjHeU=
9,-20,1AgD3DLqgCWSW7RNX6Tiy3fV9b4=,xEuwxdO/+QRlpFfrYS9Qr+EFUhI=
7,-25,1AgD3DLqgCWSW7RNX6Tiy3fV9b4=,tPxOaW32Yd622PCFZkaxupy4+vo=
8,-22,1AgD3DLqgCWSW7RNX6Tiy3fV9b4=,Iu6wx2JQ84oLCJGV1S+5UTfjHeU=
7,-24,1AgD3DLqgCWSW7RNX6Tiy3fV9b4=,ptRajtQLO0z9jpysaOheyc1dYBY=
9,-21,1AgD3DLqgCWSW7RNX6Tiy3fV9b4=,Iu6wx2JQ84oLCJGV1S+5UTfjHeU=
8,-20,1AgD3DLqgCWSW7RNX6Tiy3fV9b4=,xEuwxdO/+QRlpFfrYS9Qr+EFUhI=
10,-22,1AgD3DLqgCWSW7RNX6Tiy3fV9b4=,Iu6wx2JQ84oLCJGV1S+5UTfjHeU=
8,-21,1AgD3DLqgCWSW7RNX6Tiy3fV9b4=,Iu6wx2JQ84oLCJGV1S+5UTfjHeU=
10,-24,1AgD3DLqgCWSW7RNX6Tiy3fV9b4=,Iu6wx2JQ84oLCJGV1S+5UTfjHeU=
9,-24,1AgD3DLqgCWSW7RNX6Tiy3fV9b4=,Iu6wx2JQ84oLCJGV1S+5UTfjHeU=
8,-24,1AgD3DLqgCWSW7RNX6Tiy3fV9b4=,Iu6wx2JQ84oLCJGV1S+5UTfjHeU=
10,-23,1AgD3DLqgCWSW7RNX6Tiy3fV9b4=,Iu6wx2JQ84oLCJGV1S+5UTfjHeU=
7,-21,1AgD3DLqgCWSW7RNX6Tiy3fV9b4=,ptRajtQLO0z9jpysaOheyc1dYBY=
8,-23,1AgD3DLqgCWSW7RNX6Tiy3fV9b4=,Iu6wx2JQ84oLCJGV1S+5UTfjHeU=
7,-22,1AgD3DLqgCWSW7RNX6Tiy3fV9b4=,ptRajtQLO0z9jpysaOheyc1dYBY=
5,-28,1AgD3DLqgCWSW7RNX6Tiy3fV9b4=,tPxOaW32Yd622PCFZkaxupy4+vo=
6,-28,1AgD3DLqgCWSW7RNX6Tiy3fV9b4=,tPxOaW32Yd622PCFZkaxupy4+vo=
4,-28,1AgD3DLqgCWSW7RNX6Tiy3fV9b4=,tPxOaW32Yd622PCFZkaxupy4+vo=
2,-28,1AgD3DLqgCWSW7RNX6Tiy3fV9b4=,yEyH5c55HlJ8/b9M5QGK5V/MIWc=
1,-28,1AgD3DLqgCWSW7RNX6Tiy3fV9b4=,yEyH5c55HlJ8/b9M5QGK5V/MIWc=
3,-28,1AgD3DLqgCWSW7RNX6Tiy3fV9b4=,yEyH5c55HlJ8/b9M5QGK5V/MIWc=
0,-28,1AgD3DLqgCWSW7RNX6Tiy3fV9b4=,yEyH5c55HlJ8/b9M5QGK5V/MIWc=
7,-28,1AgD3DLqgCWSW7RNX6Tiy3fV9b4=,tPxOaW32Yd622PCFZkaxupy4+vo=
9,-23,1AgD3DLqgCWSW7RNX6Tiy3fV9b4=,Iu6wx2JQ84oLCJGV1S+5UTfjHeU=
10,-21,1AgD3DLqgCWSW7RNX6Tiy3fV9b4=,Iu6wx2JQ84oLCJGV1S+5UTfjHeU=
8,-17,1AgD3DLqgCWSW7RNX6Tiy3fV9b4=,xEuwxdO/+QRlpFfrYS9Qr+EFUhI=
11,-17,1AgD3DLqgCWSW7RNX6Tiy3fV9b4=,xEuwxdO/+QRlpFfrYS9Qr+EFUhI=
10,-17,1AgD3DLqgCWSW7RNX6Tiy3fV9b4=,xEuwxdO/+QRlpFfrYS9Qr+EFUhI=
10,-20,1AgD3DLqgCWSW7RNX6Tiy3fV9b4=,xEuwxdO/+QRlpFfrYS9Qr+EFUhI=
7,-23,1AgD3DLqgCWSW7RNX6Tiy3fV9b4=,ptRajtQLO0z9jpysaOheyc1dYBY=
9,-17,1AgD3DLqgCWSW7RNX6Tiy3fV9b4=,xEuwxdO/+QRlpFfrYS9Qr+EFUhI=
4,-21,1AgD3DLqgCWSW7RNX6Tiy3fV9b4=,ptRajtQLO0z9jpysaOheyc1dYBY=
0,-21,1AgD3DLqgCWSW7RNX6Tiy3fV9b4=,azTGCBVzPgx1H1cKl6sQ5bntMxw=
1,-21,1AgD3DLqgCWSW7RNX6Tiy3fV9b4=,azTGCBVzPgx1H1cKl6sQ5bntMxw=
4,-23,1AgD3DLqgCWSW7RNX6Tiy3fV9b4=,ptRajtQLO0z9jpysaOheyc1dYBY=
3,-22,1AgD3DLqgCWSW7RNX6Tiy3fV9b4=,azTGCBVzPgx1H1cKl6sQ5bntMxw=
1,-22,1AgD3DLqgCWSW7RNX6Tiy3fV9b4=,azTGCBVzPgx1H1cKl6sQ5bntMxw=
0,-25,1AgD3DLqgCWSW7RNX6Tiy3fV9b4=,yEyH5c55HlJ8/b9M5QGK5V/MIWc=
2,-22,1AgD3DLqgCWSW7RNX6Tiy3fV9b4=,azTGCBVzPgx1H1cKl6sQ5bntMxw=
0,-22,1AgD3DLqgCWSW7RNX6Tiy3fV9b4=,azTGCBVzPgx1H1cKl6sQ5bntMxw=
4,-25,1AgD3DLqgCWSW7RNX6Tiy3fV9b4=,tPxOaW32Yd622PCFZkaxupy4+vo=
4,-24,1AgD3DLqgCWSW7RNX6Tiy3fV9b4=,ptRajtQLO0z9jpysaOheyc1dYBY=
0,-23,1AgD3DLqgCWSW7RNX6Tiy3fV9b4=,azTGCBVzPgx1H1cKl6sQ5bntMxw=
1,-23,1AgD3DLqgCWSW7RNX6Tiy3fV9b4=,azTGCBVzPgx1H1cKl6sQ5bntMxw=
1,-25,1AgD3DLqgCWSW7RNX6Tiy3fV9b4=,yEyH5c55HlJ8/b9M5QGK5V/MIWc=
2,-23,1AgD3DLqgCWSW7RNX6Tiy3fV9b4=,azTGCBVzPgx1H1cKl6sQ5bntMxw=
2,-25,1AgD3DLqgCWSW7RNX6Tiy3fV9b4=,yEyH5c55HlJ8/b9M5QGK5V/MIWc=
1,-24,1AgD3DLqgCWSW7RNX6Tiy3fV9b4=,azTGCBVzPgx1H1cKl6sQ5bntMxw=
3,-21,1AgD3DLqgCWSW7RNX6Tiy3fV9b4=,azTGCBVzPgx1H1cKl6sQ5bntMxw=
3,-25,1AgD3DLqgCWSW7RNX6Tiy3fV9b4=,yEyH5c55HlJ8/b9M5QGK5V/MIWc=
2,-21,1AgD3DLqgCWSW7RNX6Tiy3fV9b4=,azTGCBVzPgx1H1cKl6sQ5bntMxw=
4,-22,1AgD3DLqgCWSW7RNX6Tiy3fV9b4=,ptRajtQLO0z9jpysaOheyc1dYBY=
0,-24,1AgD3DLqgCWSW7RNX6Tiy3fV9b4=,azTGCBVzPgx1H1cKl6sQ5bntMxw=
2,-24,1AgD3DLqgCWSW7RNX6Tiy3fV9b4=,azTGCBVzPgx1H1cKl6sQ5bntMxw=
3,-23,1AgD3DLqgCWSW7RNX6Tiy3fV9b4=,azTGCBVzPgx1H1cKl6sQ5bntMxw=
13,-21,1AgD3DLqgCWSW7RNX6Tiy3fV9b4=,rHrCfuZKTKfJbs+mnyo5JIfvYwk=
14,-21,1AgD3DLqgCWSW7RNX6Tiy3fV9b4=,rHrCfuZKTKfJbs+mnyo5JIfvYwk=
3,-24,1AgD3DLqgCWSW7RNX6Tiy3fV9b4=,azTGCBVzPgx1H1cKl6sQ5bntMxw=
11,-21,1AgD3DLqgCWSW7RNX6Tiy3fV9b4=,Iu6wx2JQ84oLCJGV1S+5UTfjHeU=
15,-22,1AgD3DLqgCWSW7RNX6Tiy3fV9b4=,rHrCfuZKTKfJbs+mnyo5JIfvYwk=
12,-21,1AgD3DLqgCWSW7RNX6Tiy3fV9b4=,rHrCfuZKTKfJbs+mnyo5JIfvYwk=
15,-24,1AgD3DLqgCWSW7RNX6Tiy3fV9b4=,rHrCfuZKTKfJbs+mnyo5JIfvYwk=
14,-22,1AgD3DLqgCWSW7RNX6Tiy3fV9b4=,rHrCfuZKTKfJbs+mnyo5JIfvYwk=
11,-24,1AgD3DLqgCWSW7RNX6Tiy3fV9b4=,Iu6wx2JQ84oLCJGV1S+5UTfjHeU=
11,-23,1AgD3DLqgCWSW7RNX6Tiy3fV9b4=,Iu6wx2JQ84oLCJGV1S+5UTfjHeU=
15,-21,1AgD3DLqgCWSW7RNX6Tiy3fV9b4=,rHrCfuZKTKfJbs+mnyo5JIfvYwk=
13,-23,1AgD3DLqgCWSW7RNX6Tiy3fV9b4=,rHrCfuZKTKfJbs+mnyo5JIfvYwk=
12,-24,1AgD3DLqgCWSW7RNX6Tiy3fV9b4=,rHrCfuZKTKfJbs+mnyo5JIfvYwk=
11,-20,1AgD3DLqgCWSW7RNX6Tiy3fV9b4=,xEuwxdO/+QRlpFfrYS9Qr+EFUhI=
15,-23,1AgD3DLqgCWSW7RNX6Tiy3fV9b4=,rHrCfuZKTKfJbs+mnyo5JIfvYwk=
14,-24,1AgD3DLqgCWSW7RNX6Tiy3fV9b4=,rHrCfuZKTKfJbs+mnyo5JIfvYwk=
14,-23,1AgD3DLqgCWSW7RNX6Tiy3fV9b4=,rHrCfuZKTKfJbs+mnyo5JIfvYwk=
13,-22,1AgD3DLqgCWSW7RNX6Tiy3fV9b4=,rHrCfuZKTKfJbs+mnyo5JIfvYwk=
11,-22,1AgD3DLqgCWSW7RNX6Tiy3fV9b4=,Iu6wx2JQ84oLCJGV1S+5UTfjHeU=
13,-24,1AgD3DLqgCWSW7RNX6Tiy3fV9b4=,rHrCfuZKTKfJbs+mnyo5JIfvYwk=
12,-22,1AgD3DLqgCWSW7RNX6Tiy3fV9b4=,rHrCfuZKTKfJbs+mnyo5JIfvYwk=
12,-23,1AgD3DLqgCWSW7RNX6Tiy3fV9b4=,rHrCfuZKTKfJbs+mnyo5JIfvYwk=
13,-11,d0w0QIvjmtxqyVsefVVAffd/Mjo=,0Kych4SY47p3IPGevB2g8JvJwZA=
14,-11,d0w0QIvjmtxqyVsefVVAffd/Mjo=,0Kych4SY47p3IPGevB2g8JvJwZA=
14,-10,d0w0QIvjmtxqyVsefVVAffd/Mjo=,0Kych4SY47p3IPGevB2g8JvJwZA=
13,-10,d0w0QIvjmtxqyVsefVVAffd/Mjo=,0Kych4SY47p3IPGevB2g8JvJwZA=
5,-7,d0w0QIvjmtxqyVsefVVAffd/Mjo=,5OfjdcKwnYOqqd9cDm3hnR3RB10=
6,-6,d0w0QIvjmtxqyVsefVVAffd/Mjo=,5OfjdcKwnYOqqd9cDm3hnR3RB10=
5,-6,d0w0QIvjmtxqyVsefVVAffd/Mjo=,5OfjdcKwnYOqqd9cDm3hnR3RB10=
6,-7,d0w0QIvjmtxqyVsefVVAffd/Mjo=,5OfjdcKwnYOqqd9cDm3hnR3RB10=
14,-9,d0w0QIvjmtxqyVsefVVAffd/Mjo=,0Kych4SY47p3IPGevB2g8JvJwZA=
13,-6,d0w0QIvjmtxqyVsefVVAffd/Mjo=,SEYxzIgA2wiMd2rpTyD35Ew1I1Q=
14,-8,d0w0QIvjmtxqyVsefVVAffd/Mjo=,SEYxzIgA2wiMd2rpTyD35Ew1I1Q=
13,-8,d0w0QIvjmtxqyVsefVVAffd/Mjo=,SEYxzIgA2wiMd2rpTyD35Ew1I1Q=
13,-7,d0w0QIvjmtxqyVsefVVAffd/Mjo=,SEYxzIgA2wiMd2rpTyD35Ew1I1Q=
14,-7,d0w0QIvjmtxqyVsefVVAffd/Mjo=,SEYxzIgA2wiMd2rpTyD35Ew1I1Q=
13,-9,d0w0QIvjmtxqyVsefVVAffd/Mjo=,0Kych4SY47p3IPGevB2g8JvJwZA=
14,-6,d0w0QIvjmtxqyVsefVVAffd/Mjo=,SEYxzIgA2wiMd2rpTyD35Ew1I1Q=
12,-11,d0w0QIvjmtxqyVsefVVAffd/Mjo=,0Kych4SY47p3IPGevB2g8JvJwZA=
12,-10,d0w0QIvjmtxqyVsefVVAffd/Mjo=,0Kych4SY47p3IPGevB2g8JvJwZA=
9,-11,d0w0QIvjmtxqyVsefVVAffd/Mjo=,7Z9Iplajw7G4QPDRgsj7HaW9EfU=
11,-11,d0w0QIvjmtxqyVsefVVAffd/Mjo=,7Z9Iplajw7G4QPDRgsj7HaW9EfU=
10,-11,d0w0QIvjmtxqyVsefVVAffd/Mjo=,7Z9Iplajw7G4QPDRgsj7HaW9EfU=
9,-10,d0w0QIvjmtxqyVsefVVAffd/Mjo=,7Z9Iplajw7G4QPDRgsj7HaW9EfU=
11,-10,d0w0QIvjmtxqyVsefVVAffd/Mjo=,7Z9Iplajw7G4QPDRgsj7HaW9EfU=
11,-9,d0w0QIvjmtxqyVsefVVAffd/Mjo=,7Z9Iplajw7G4QPDRgsj7HaW9EfU=
7,-6,d0w0QIvjmtxqyVsefVVAffd/Mjo=,5OfjdcKwnYOqqd9cDm3hnR3RB10=
11,-8,d0w0QIvjmtxqyVsefVVAffd/Mjo=,5FEE36x7RMCr1ZRzIWBmSQz5tXo=
10,-10,d0w0QIvjmtxqyVsefVVAffd/Mjo=,7Z9Iplajw7G4QPDRgsj7HaW9EfU=
11,-6,d0w0QIvjmtxqyVsefVVAffd/Mjo=,5FEE36x7RMCr1ZRzIWBmSQz5tXo=
12,-6,d0w0QIvjmtxqyVsefVVAffd/Mjo=,SEYxzIgA2wiMd2rpTyD35Ew1I1Q=
9,-8,d0w0QIvjmtxqyVsefVVAffd/Mjo=,5FEE36x7RMCr1ZRzIWBmSQz5tXo=
10,-9,d0w0QIvjmtxqyVsefVVAffd/Mjo=,7Z9Iplajw7G4QPDRgsj7HaW9EfU=
9,-9,d0w0QIvjmtxqyVsefVVAffd/Mjo=,7Z9Iplajw7G4QPDRgsj7HaW9EfU=
10,-8,d0w0QIvjmtxqyVsefVVAffd/Mjo=,5FEE36x7RMCr1ZRzIWBmSQz5tXo=
12,-7,d0w0QIvjmtxqyVsefVVAffd/Mjo=,SEYxzIgA2wiMd2rpTyD35Ew1I1Q=
7,-7,d0w0QIvjmtxqyVsefVVAffd/Mjo=,5OfjdcKwnYOqqd9cDm3hnR3RB10=
12,-8,d0w0QIvjmtxqyVsefVVAffd/Mjo=,SEYxzIgA2wiMd2rpTyD35Ew1I1Q=
12,-9,d0w0QIvjmtxqyVsefVVAffd/Mjo=,0Kych4SY47p3IPGevB2g8JvJwZA=
10,-6,d0w0QIvjmtxqyVsefVVAffd/Mjo=,5FEE36x7RMCr1ZRzIWBmSQz5tXo=
9,-7,d0w0QIvjmtxqyVsefVVAffd/Mjo=,5FEE36x7RMCr1ZRzIWBmSQz5tXo=
9,-6,d0w0QIvjmtxqyVsefVVAffd/Mjo=,5FEE36x7RMCr1ZRzIWBmSQz5tXo=
8,-7,d0w0QIvjmtxqyVsefVVAffd/Mjo=,5FEE36x7RMCr1ZRzIWBmSQz5tXo=
10,-7,d0w0QIvjmtxqyVsefVVAffd/Mjo=,5FEE36x7RMCr1ZRzIWBmSQz5tXo=
11,-7,d0w0QIvjmtxqyVsefVVAffd/Mjo=,5FEE36x7RMCr1ZRzIWBmSQz5tXo=
8,-6,d0w0QIvjmtxqyVsefVVAffd/Mjo=,5FEE36x7RMCr1ZRzIWBmSQz5tXo=
5,-15,d0w0QIvjmtxqyVsefVVAffd/Mjo=,QsdWxN34yRC2EECtREBp/q7zz9g=
6,-15,d0w0QIvjmtxqyVsefVVAffd/Mjo=,QsdWxN34yRC2EECtREBp/q7zz9g=
6,-14,d0w0QIvjmtxqyVsefVVAffd/Mjo=,QsdWxN34yRC2EECtREBp/q7zz9g=
5,-14,d0w0QIvjmtxqyVsefVVAffd/Mjo=,QsdWxN34yRC2EECtREBp/q7zz9g=
13,-13,d0w0QIvjmtxqyVsefVVAffd/Mjo=,un0YGsazM8xjKts0gaK9gvZDFiU=
14,-13,d0w0QIvjmtxqyVsefVVAffd/Mjo=,un0YGsazM8xjKts0gaK9gvZDFiU=
13,-15,d0w0QIvjmtxqyVsefVVAffd/Mjo=,un0YGsazM8xjKts0gaK9gvZDFiU=
14,-15,d0w0QIvjmtxqyVsefVVAffd/Mjo=,un0YGsazM8xjKts0gaK9gvZDFiU=
13,-14,d0w0QIvjmtxqyVsefVVAffd/Mjo=,un0YGsazM8xjKts0gaK9gvZDFiU=
14,-14,d0w0QIvjmtxqyVsefVVAffd/Mjo=,un0YGsazM8xjKts0gaK9gvZDFiU=
13,-12,d0w0QIvjmtxqyVsefVVAffd/Mjo=,0Kych4SY47p3IPGevB2g8JvJwZA=
14,-12,d0w0QIvjmtxqyVsefVVAffd/Mjo=,0Kych4SY47p3IPGevB2g8JvJwZA=
5,-5,d0w0QIvjmtxqyVsefVVAffd/Mjo=,5OfjdcKwnYOqqd9cDm3hnR3RB10=
6,-4,d0w0QIvjmtxqyVsefVVAffd/Mjo=,BoYSGcihNNFE7OnPfL/6tFF1Yxs=
6,-5,d0w0QIvjmtxqyVsefVVAffd/Mjo=,5OfjdcKwnYOqqd9cDm3hnR3RB10=
5,-3,d0w0QIvjmtxqyVsefVVAffd/Mjo=,BoYSGcihNNFE7OnPfL/6tFF1Yxs=
6,-3,d0w0QIvjmtxqyVsefVVAffd/Mjo=,BoYSGcihNNFE7OnPfL/6tFF1Yxs=
5,-2,d0w0QIvjmtxqyVsefVVAffd/Mjo=,BoYSGcihNNFE7OnPfL/6tFF1Yxs=
6,-2,d0w0QIvjmtxqyVsefVVAffd/Mjo=,BoYSGcihNNFE7OnPfL/6tFF1Yxs=
5,-4,d0w0QIvjmtxqyVsefVVAffd/Mjo=,BoYSGcihNNFE7OnPfL/6tFF1Yxs=
6,-8,d0w0QIvjmtxqyVsefVVAffd/Mjo=,5OfjdcKwnYOqqd9cDm3hnR3RB10=
5,-8,d0w0QIvjmtxqyVsefVVAffd/Mjo=,5OfjdcKwnYOqqd9cDm3hnR3RB10=
6,-13,d0w0QIvjmtxqyVsefVVAffd/Mjo=,QsdWxN34yRC2EECtREBp/q7zz9g=
5,-13,d0w0QIvjmtxqyVsefVVAffd/Mjo=,QsdWxN34yRC2EECtREBp/q7zz9g=
8,-9,d0w0QIvjmtxqyVsefVVAffd/Mjo=,7Z9Iplajw7G4QPDRgsj7HaW9EfU=
6,-11,d0w0QIvjmtxqyVsefVVAffd/Mjo=,gNcj1F/BCfkBG3BTFIlbcAeunMU=
8,-8,d0w0QIvjmtxqyVsefVVAffd/Mjo=,5FEE36x7RMCr1ZRzIWBmSQz5tXo=
5,-9,d0w0QIvjmtxqyVsefVVAffd/Mjo=,gNcj1F/BCfkBG3BTFIlbcAeunMU=
5,-10,d0w0QIvjmtxqyVsefVVAffd/Mjo=,gNcj1F/BCfkBG3BTFIlbcAeunMU=
5,-12,d0w0QIvjmtxqyVsefVVAffd/Mjo=,gNcj1F/BCfkBG3BTFIlbcAeunMU=
8,-10,d0w0QIvjmtxqyVsefVVAffd/Mjo=,7Z9Iplajw7G4QPDRgsj7HaW9EfU=
6,-10,d0w0QIvjmtxqyVsefVVAffd/Mjo=,gNcj1F/BCfkBG3BTFIlbcAeunMU=
7,-8,d0w0QIvjmtxqyVsefVVAffd/Mjo=,5OfjdcKwnYOqqd9cDm3hnR3RB10=
6,-9,d0w0QIvjmtxqyVsefVVAffd/Mjo=,gNcj1F/BCfkBG3BTFIlbcAeunMU=
8,-11,d0w0QIvjmtxqyVsefVVAffd/Mjo=,7Z9Iplajw7G4QPDRgsj7HaW9EfU=
6,-12,d0w0QIvjmtxqyVsefVVAffd/Mjo=,gNcj1F/BCfkBG3BTFIlbcAeunMU=
5,-11,d0w0QIvjmtxqyVsefVVAffd/Mjo=,gNcj1F/BCfkBG3BTFIlbcAeunMU=
7,-9,d0w0QIvjmtxqyVsefVVAffd/Mjo=,gNcj1F/BCfkBG3BTFIlbcAeunMU=
7,-11,d0w0QIvjmtxqyVsefVVAffd/Mjo=,gNcj1F/BCfkBG3BTFIlbcAeunMU=
7,-10,d0w0QIvjmtxqyVsefVVAffd/Mjo=,gNcj1F/BCfkBG3BTFIlbcAeunMU=
13,-16,d0w0QIvjmtxqyVsefVVAffd/Mjo=,un0YGsazM8xjKts0gaK9gvZDFiU=
14,-16,d0w0QIvjmtxqyVsefVVAffd/Mjo=,un0YGsazM8xjKts0gaK9gvZDFiU=
15,-6,d0w0QIvjmtxqyVsefVVAffd/Mjo=,SEYxzIgA2wiMd2rpTyD35Ew1I1Q=
15,-10,d0w0QIvjmtxqyVsefVVAffd/Mjo=,0Kych4SY47p3IPGevB2g8JvJwZA=
15,-7,d0w0QIvjmtxqyVsefVVAffd/Mjo=,SEYxzIgA2wiMd2rpTyD35Ew1I1Q=
15,-9,d0w0QIvjmtxqyVsefVVAffd/Mjo=,0Kych4SY47p3IPGevB2g8JvJwZA=
15,-13,d0w0QIvjmtxqyVsefVVAffd/Mjo=,un0YGsazM8xjKts0gaK9gvZDFiU=
15,-15,d0w0QIvjmtxqyVsefVVAffd/Mjo=,un0YGsazM8xjKts0gaK9gvZDFiU=
15,-14,d0w0QIvjmtxqyVsefVVAffd/Mjo=,un0YGsazM8xjKts0gaK9gvZDFiU=
5,-1,d0w0QIvjmtxqyVsefVVAffd/Mjo=,BoYSGcihNNFE7OnPfL/6tFF1Yxs=
6,-1,d0w0QIvjmtxqyVsefVVAffd/Mjo=,BoYSGcihNNFE7OnPfL/6tFF1Yxs=
15,-11,d0w0QIvjmtxqyVsefVVAffd/Mjo=,0Kych4SY47p3IPGevB2g8JvJwZA=
6,-16,d0w0QIvjmtxqyVsefVVAffd/Mjo=,QsdWxN34yRC2EECtREBp/q7zz9g=
5,-16,d0w0QIvjmtxqyVsefVVAffd/Mjo=,QsdWxN34yRC2EECtREBp/q7zz9g=
4,-14,d0w0QIvjmtxqyVsefVVAffd/Mjo=,QsdWxN34yRC2EECtREBp/q7zz9g=
4,-15,d0w0QIvjmtxqyVsefVVAffd/Mjo=,QsdWxN34yRC2EECtREBp/q7zz9g=
15,-12,d0w0QIvjmtxqyVsefVVAffd/Mjo=,0Kych4SY47p3IPGevB2g8JvJwZA=
15,-8,d0w0QIvjmtxqyVsefVVAffd/Mjo=,SEYxzIgA2wiMd2rpTyD35Ew1I1Q=
4,-3,d0w0QIvjmtxqyVsefVVAffd/Mjo=,BoYSGcihNNFE7OnPfL/6tFF1Yxs=
3,-2,d0w0QIvjmtxqyVsefVVAffd/Mjo=,nagclQgPxQ3onC1CXf6IGjZ04L0=
2,-2,d0w0QIvjmtxqyVsefVVAffd/Mjo=,nagclQgPxQ3onC1CXf6IGjZ04L0=
1,-2,d0w0QIvjmtxqyVsefVVAffd/Mjo=,nagclQgPxQ3onC1CXf6IGjZ04L0=
3,-3,d0w0QIvjmtxqyVsefVVAffd/Mjo=,nagclQgPxQ3onC1CXf6IGjZ04L0=
2,-3,d0w0QIvjmtxqyVsefVVAffd/Mjo=,nagclQgPxQ3onC1CXf6IGjZ04L0=
1,-3,d0w0QIvjmtxqyVsefVVAffd/Mjo=,nagclQgPxQ3onC1CXf6IGjZ04L0=
4,-2,d0w0QIvjmtxqyVsefVVAffd/Mjo=,BoYSGcihNNFE7OnPfL/6tFF1Yxs=
4,-5,d0w0QIvjmtxqyVsefVVAffd/Mjo=,5OfjdcKwnYOqqd9cDm3hnR3RB10=
4,-7,d0w0QIvjmtxqyVsefVVAffd/Mjo=,5OfjdcKwnYOqqd9cDm3hnR3RB10=
1,-4,d0w0QIvjmtxqyVsefVVAffd/Mjo=,nagclQgPxQ3onC1CXf6IGjZ04L0=
2,-4,d0w0QIvjmtxqyVsefVVAffd/Mjo=,nagclQgPxQ3onC1CXf6IGjZ04L0=
3,-4,d0w0QIvjmtxqyVsefVVAffd/Mjo=,nagclQgPxQ3onC1CXf6IGjZ04L0=
4,-4,d0w0QIvjmtxqyVsefVVAffd/Mjo=,BoYSGcihNNFE7OnPfL/6tFF1Yxs=
4,-6,d0w0QIvjmtxqyVsefVVAffd/Mjo=,5OfjdcKwnYOqqd9cDm3hnR3RB10=
15,-16,d0w0QIvjmtxqyVsefVVAffd/Mjo=,un0YGsazM8xjKts0gaK9gvZDFiU=
0,-3,d0w0QIvjmtxqyVsefVVAffd/Mjo=,nagclQgPxQ3onC1CXf6IGjZ04L0=
0,-2,d0w0QIvjmtxqyVsefVVAffd/Mjo=,nagclQgPxQ3onC1CXf6IGjZ04L0=
1,-1,d0w0QIvjmtxqyVsefVVAffd/Mjo=,nagclQgPxQ3onC1CXf6IGjZ04L0=
2,-1,d0w0QIvjmtxqyVsefVVAffd/Mjo=,nagclQgPxQ3onC1CXf6IGjZ04L0=
3,-1,d0w0QIvjmtxqyVsefVVAffd/Mjo=,nagclQgPxQ3onC1CXf6IGjZ04L0=
4,-1,d0w0QIvjmtxqyVsefVVAffd/Mjo=,BoYSGcihNNFE7OnPfL/6tFF1Yxs=
4,-12,d0w0QIvjmtxqyVsefVVAffd/Mjo=,gNcj1F/BCfkBG3BTFIlbcAeunMU=
4,-10,d0w0QIvjmtxqyVsefVVAffd/Mjo=,gNcj1F/BCfkBG3BTFIlbcAeunMU=
4,-9,d0w0QIvjmtxqyVsefVVAffd/Mjo=,gNcj1F/BCfkBG3BTFIlbcAeunMU=
4,-11,d0w0QIvjmtxqyVsefVVAffd/Mjo=,gNcj1F/BCfkBG3BTFIlbcAeunMU=
4,-13,d0w0QIvjmtxqyVsefVVAffd/Mjo=,QsdWxN34yRC2EECtREBp/q7zz9g=
4,-8,d0w0QIvjmtxqyVsefVVAffd/Mjo=,5OfjdcKwnYOqqd9cDm3hnR3RB10=
4,-16,d0w0QIvjmtxqyVsefVVAffd/Mjo=,QsdWxN34yRC2EECtREBp/q7zz9g=
0,-4,d0w0QIvjmtxqyVsefVVAffd/Mjo=,nagclQgPxQ3onC1CXf6IGjZ04L0=
0,-1,d0w0QIvjmtxqyVsefVVAffd/Mjo=,nagclQgPxQ3onC1CXf6IGjZ04L0=
13,-1,d0w0QIvjmtxqyVsefVVAffd/Mjo=,2aAG3LR7AqXJgO/36Lj0KIN/vQM=
14,-2,d0w0QIvjmtxqyVsefVVAffd/Mjo=,2aAG3LR7AqXJgO/36Lj0KIN/vQM=
13,-2,d0w0QIvjmtxqyVsefVVAffd/Mjo=,2aAG3LR7AqXJgO/36Lj0KIN/vQM=
14,-3,d0w0QIvjmtxqyVsefVVAffd/Mjo=,2aAG3LR7AqXJgO/36Lj0KIN/vQM=
11,-12,d0w0QIvjmtxqyVsefVVAffd/Mjo=,7Z9Iplajw7G4QPDRgsj7HaW9EfU=
10,-12,d0w0QIvjmtxqyVsefVVAffd/Mjo=,7Z9Iplajw7G4QPDRgsj7HaW9EfU=
9,-12,d0w0QIvjmtxqyVsefVVAffd/Mjo=,7Z9Iplajw7G4QPDRgsj7HaW9EfU=
15,-3,d0w0QIvjmtxqyVsefVVAffd/Mjo=,2aAG3LR7AqXJgO/36Lj0KIN/vQM=
15,-1,d0w0QIvjmtxqyVsefVVAffd/Mjo=,2aAG3LR7AqXJgO/36Lj0KIN/vQM=
13,-3,d0w0QIvjmtxqyVsefVVAffd/Mjo=,2aAG3LR7AqXJgO/36Lj0KIN/vQM=
15,-4,d0w0QIvjmtxqyVsefVVAffd/Mjo=,2aAG3LR7AqXJgO/36Lj0KIN/vQM=
15,-5,d0w0QIvjmtxqyVsefVVAffd/Mjo=,SEYxzIgA2wiMd2rpTyD35Ew1I1Q=
14,-1,d0w0QIvjmtxqyVsefVVAffd/Mjo=,2aAG3LR7AqXJgO/36Lj0KIN/vQM=
15,-2,d0w0QIvjmtxqyVsefVVAffd/Mjo=,2aAG3LR7AqXJgO/36Lj0KIN/vQM=
14,-5,d0w0QIvjmtxqyVsefVVAffd/Mjo=,SEYxzIgA2wiMd2rpTyD35Ew1I1Q=
13,-4,d0w0QIvjmtxqyVsefVVAffd/Mjo=,2aAG3LR7AqXJgO/36Lj0KIN/vQM=
13,-5,d0w0QIvjmtxqyVsefVVAffd/Mjo=,SEYxzIgA2wiMd2rpTyD35Ew1I1Q=
12,-16,d0w0QIvjmtxqyVsefVVAffd/Mjo=,un0YGsazM8xjKts0gaK9gvZDFiU=
7,-14,d0w0QIvjmtxqyVsefVVAffd/Mjo=,QsdWxN34yRC2EECtREBp/q7zz9g=
12,-14,d0w0QIvjmtxqyVsefVVAffd/Mjo=,un0YGsazM8xjKts0gaK9gvZDFiU=
7,-15,d0w0QIvjmtxqyVsefVVAffd/Mjo=,QsdWxN34yRC2EECtREBp/q7zz9g=
12,-12,d0w0QIvjmtxqyVsefVVAffd/Mjo=,0Kych4SY47p3IPGevB2g8JvJwZA=
8,-12,d0w0QIvjmtxqyVsefVVAffd/Mjo=,7Z9Iplajw7G4QPDRgsj7HaW9EfU=
11,-13,d0w0QIvjmtxqyVsefVVAffd/Mjo=,Rr364scywFsdpIQEgK3xHnr1UOo=
10,-13,d0w0QIvjmtxqyVsefVVAffd/Mjo=,Rr364scywFsdpIQEgK3xHnr1UOo=
7,-16,d0w0QIvjmtxqyVsefVVAffd/Mjo=,QsdWxN34yRC2EECtREBp/q7zz9g=
9,-13,d0w0QIvjmtxqyVsefVVAffd/Mjo=,Rr364scywFsdpIQEgK3xHnr1UOo=
12,-15,d0w0QIvjmtxqyVsefVVAffd/Mjo=,un0YGsazM8xjKts0gaK9gvZDFiU=
12,-13,d0w0QIvjmtxqyVsefVVAffd/Mjo=,un0YGsazM8xjKts0gaK9gvZDFiU=
8,-16,d0w0QIvjmtxqyVsefVVAffd/Mjo=,Rr364scywFsdpIQEgK3xHnr1UOo=
9,-16,d0w0QIvjmtxqyVsefVVAffd/Mjo=,Rr364scywFsdpIQEgK3xHnr1UOo=
11,-16,d0w0QIvjmtxqyVsefVVAffd/Mjo=,Rr364scywFsdpIQEgK3xHnr1UOo=
7,-12,d0w0QIvjmtxqyVsefVVAffd/Mjo=,gNcj1F/BCfkBG3BTFIlbcAeunMU=
8,-15,d0w0QIvjmtxqyVsefVVAffd/Mjo=,Rr364scywFsdpIQEgK3xHnr1UOo=
7,-13,d0w0QIvjmtxqyVsefVVAffd/Mjo=,QsdWxN34yRC2EECtREBp/q7zz9g=
10,-16,d0w0QIvjmtxqyVsefVVAffd/Mjo=,Rr364scywFsdpIQEgK3xHnr1UOo=
8,-14,d0w0QIvjmtxqyVsefVVAffd/Mjo=,Rr364scywFsdpIQEgK3xHnr1UOo=
9,-14,d0w0QIvjmtxqyVsefVVAffd/Mjo=,Rr364scywFsdpIQEgK3xHnr1UOo=
11,-15,d0w0QIvjmtxqyVsefVVAffd/Mjo=,Rr364scywFsdpIQEgK3xHnr1UOo=
9,-15,d0w0QIvjmtxqyVsefVVAffd/Mjo=,Rr364scywFsdpIQEgK3xHnr1UOo=
11,-14,d0w0QIvjmtxqyVsefVVAffd/Mjo=,Rr364scywFsdpIQEgK3xHnr1UOo=
10,-15,d0w0QIvjmtxqyVsefVVAffd/Mjo=,Rr364scywFsdpIQEgK3xHnr1UOo=
10,-14,d0w0QIvjmtxqyVsefVVAffd/Mjo=,Rr364scywFsdpIQEgK3xHnr1UOo=
8,-13,d0w0QIvjmtxqyVsefVVAffd/Mjo=,Rr364scywFsdpIQEgK3xHnr1UOo=
14,-4,d0w0QIvjmtxqyVsefVVAffd/Mjo=,2aAG3LR7AqXJgO/36Lj0KIN/vQM=
11,-5,d0w0QIvjmtxqyVsefVVAffd/Mjo=,5FEE36x7RMCr1ZRzIWBmSQz5tXo=
7,-4,d0w0QIvjmtxqyVsefVVAffd/Mjo=,BoYSGcihNNFE7OnPfL/6tFF1Yxs=
7,-2,d0w0QIvjmtxqyVsefVVAffd/Mjo=,BoYSGcihNNFE7OnPfL/6tFF1Yxs=
10,-5,d0w0QIvjmtxqyVsefVVAffd/Mjo=,5FEE36x7RMCr1ZRzIWBmSQz5tXo=
7,-1,d0w0QIvjmtxqyVsefVVAffd/Mjo=,BoYSGcihNNFE7OnPfL/6tFF1Yxs=
11,-1,d0w0QIvjmtxqyVsefVVAffd/Mjo=,H5VEE48K3HchVXyTDtoG08D9LrI=
12,-2,d0w0QIvjmtxqyVsefVVAffd/Mjo=,2aAG3LR7AqXJgO/36Lj0KIN/vQM=
8,-5,d0w0QIvjmtxqyVsefVVAffd/Mjo=,5FEE36x7RMCr1ZRzIWBmSQz5tXo=
12,-4,d0w0QIvjmtxqyVsefVVAffd/Mjo=,2aAG3LR7AqXJgO/36Lj0KIN/vQM=
7,-5,d0w0QIvjmtxqyVsefVVAffd/Mjo=,5OfjdcKwnYOqqd9cDm3hnR3RB10=
7,-3,d0w0QIvjmtxqyVsefVVAffd/Mjo=,BoYSGcihNNFE7OnPfL/6tFF1Yxs=
12,-5,d0w0QIvjmtxqyVsefVVAffd/Mjo=,SEYxzIgA2wiMd2rpTyD35Ew1I1Q=
8,-4,d0w0QIvjmtxqyVsefVVAffd/Mjo=,H5VEE48K3HchVXyTDtoG08D9LrI=
9,-5,d0w0QIvjmtxqyVsefVVAffd/Mjo=,5FEE36x7RMCr1ZRzIWBmSQz5tXo=
10,-4,d0w0QIvjmtxqyVsefVVAffd/Mjo=,H5VEE48K3HchVXyTDtoG08D9LrI=
11,-4,d0w0QIvjmtxqyVsefVVAffd/Mjo=,H5VEE48K3HchVXyTDtoG08D9LrI=
12,-3,d0w0QIvjmtxqyVsefVVAffd/Mjo=,2aAG3LR7AqXJgO/36Lj0KIN/vQM=
8,-3,d0w0QIvjmtxqyVsefVVAffd/Mjo=,H5VEE48K3HchVXyTDtoG08D9LrI=
9,-4,d0w0QIvjmtxqyVsefVVAffd/Mjo=,H5VEE48K3HchVXyTDtoG08D9LrI=
10,-3,d0w0QIvjmtxqyVsefVVAffd/Mjo=,H5VEE48K3HchVXyTDtoG08D9LrI=
12,-1,d0w0QIvjmtxqyVsefVVAffd/Mjo=,2aAG3LR7AqXJgO/36Lj0KIN/vQM=
10,-1,d0w0QIvjmtxqyVsefVVAffd/Mjo=,H5VEE48K3HchVXyTDtoG08D9LrI=
9,-3,d0w0QIvjmtxqyVsefVVAffd/Mjo=,H5VEE48K3HchVXyTDtoG08D9LrI=
11,-3,d0w0QIvjmtxqyVsefVVAffd/Mjo=,H5VEE48K3HchVXyTDtoG08D9LrI=
9,-2,d0w0QIvjmtxqyVsefVVAffd/Mjo=,H5VEE48K3HchVXyTDtoG08D9LrI=
9,-1,d0w0QIvjmtxqyVsefVVAffd/Mjo=,H5VEE48K3HchVXyTDtoG08D9LrI=
8,-2,d0w0QIvjmtxqyVsefVVAffd/Mjo=,H5VEE48K3HchVXyTDtoG08D9LrI=
11,-2,d0w0QIvjmtxqyVsefVVAffd/Mjo=,H5VEE48K3HchVXyTDtoG08D9LrI=
10,-2,d0w0QIvjmtxqyVsefVVAffd/Mjo=,H5VEE48K3HchVXyTDtoG08D9LrI=
8,-1,d0w0QIvjmtxqyVsefVVAffd/Mjo=,H5VEE48K3HchVXyTDtoG08D9LrI=
31,-19,d0w0QIvjmtxqyVsefVVAffd/Mjo=,KTo1WQ1NlyMCi9wWtJeicyr8bNI=
29,-20,d0w0QIvjmtxqyVsefVVAffd/Mjo=,KTo1WQ1NlyMCi9wWtJeicyr8bNI=
30,-20,d0w0QIvjmtxqyVsefVVAffd/Mjo=,KTo1WQ1NlyMCi9wWtJeicyr8bNI=
31,-17,d0w0QIvjmtxqyVsefVVAffd/Mjo=,KTo1WQ1NlyMCi9wWtJeicyr8bNI=
30,-17,d0w0QIvjmtxqyVsefVVAffd/Mjo=,KTo1WQ1NlyMCi9wWtJeicyr8bNI=
29,-17,d0w0QIvjmtxqyVsefVVAffd/Mjo=,KTo1WQ1NlyMCi9wWtJeicyr8bNI=
31,-18,d0w0QIvjmtxqyVsefVVAffd/Mjo=,KTo1WQ1NlyMCi9wWtJeicyr8bNI=
30,-19,d0w0QIvjmtxqyVsefVVAffd/Mjo=,KTo1WQ1NlyMCi9wWtJeicyr8bNI=
30,-18,d0w0QIvjmtxqyVsefVVAffd/Mjo=,KTo1WQ1NlyMCi9wWtJeicyr8bNI=
29,-18,d0w0QIvjmtxqyVsefVVAffd/Mjo=,KTo1WQ1NlyMCi9wWtJeicyr8bNI=
29,-19,d0w0QIvjmtxqyVsefVVAffd/Mjo=,KTo1WQ1NlyMCi9wWtJeicyr8bNI=
24,-19,d0w0QIvjmtxqyVsefVVAffd/Mjo=,aAiVLD3tbWx34Kyz22penhCkiXM=
28,-20,d0w0QIvjmtxqyVsefVVAffd/Mjo=,KTo1WQ1NlyMCi9wWtJeicyr8bNI=
26,-19,d0w0QIvjmtxqyVsefVVAffd/Mjo=,aAiVLD3tbWx34Kyz22penhCkiXM=
27,-20,d0w0QIvjmtxqyVsefVVAffd/Mjo=,aAiVLD3tbWx34Kyz22penhCkiXM=
25,-18,d0w0QIvjmtxqyVsefVVAffd/Mjo=,aAiVLD3tbWx34Kyz22penhCkiXM=
26,-20,d0w0QIvjmtxqyVsefVVAffd/Mjo=,aAiVLD3tbWx34Kyz22penhCkiXM=
24,-17,d0w0QIvjmtxqyVsefVVAffd/Mjo=,aAiVLD3tbWx34Kyz22penhCkiXM=
24,-20,d0w0QIvjmtxqyVsefVVAffd/Mjo=,aAiVLD3tbWx34Kyz22penhCkiXM=
27,-19,d0w0QIvjmtxqyVsefVVAffd/Mjo=,aAiVLD3tbWx34Kyz22penhCkiXM=
27,-18,d0w0QIvjmtxqyVsefVVAffd/Mjo=,aAiVLD3tbWx34Kyz22penhCkiXM=
26,-18,d0w0QIvjmtxqyVsefVVAffd/Mjo=,aAiVLD3tbWx34Kyz22penhCkiXM=
24,-18,d0w0QIvjmtxqyVsefVVAffd/Mjo=,aAiVLD3tbWx34Kyz22penhCkiXM=
31,-20,d0w0QIvjmtxqyVsefVVAffd/Mjo=,KTo1WQ1NlyMCi9wWtJeicyr8bNI=
25,-17,d0w0QIvjmtxqyVsefVVAffd/Mjo=,aAiVLD3tbWx34Kyz22penhCkiXM=
25,-20,d0w0QIvjmtxqyVsefVVAffd/Mjo=,aAiVLD3tbWx34Kyz22penhCkiXM=
28,-17,d0w0QIvjmtxqyVsefVVAffd/Mjo=,KTo1WQ1NlyMCi9wWtJeicyr8bNI=
28,-19,d0w0QIvjmtxqyVsefVVAffd/Mjo=,KTo1WQ1NlyMCi9wWtJeicyr8bNI=
28,-18,d0w0QIvjmtxqyVsefVVAffd/Mjo=,KTo1WQ1NlyMCi9wWtJeicyr8bNI=
25,-19,d0w0QIvjmtxqyVsefVVAffd/Mjo=,aAiVLD3tbWx34Kyz22penhCkiXM=
26,-17,d0w0QIvjmtxqyVsefVVAffd/Mjo=,aAiVLD3tbWx34Kyz22penhCkiXM=
27,-17,d0w0QIvjmtxqyVsefVVAffd/Mjo=,aAiVLD3tbWx34Kyz22penhCkiXM=
