12,5,idelYqQ9UYFYhOdVEzUebk6uezM=,LgBbb5BTZ2OVW5CHXKyFNRAXutQ=
11,5,idelYqQ9UYFYhOdVEzUebk6uezM=,LgBbb5BTZ2OVW5CHXKyFNRAXutQ=
10,5,idelYqQ9UYFYhOdVEzUebk6uezM=,LgBbb5BTZ2OVW5CHXKyFNRAXutQ=
9,5,idelYqQ9UYFYhOdVEzUebk6uezM=,LgBbb5BTZ2OVW5CHXKyFNRAXutQ=
14,4,idelYqQ9UYFYhOdVEzUebk6uezM=,LgBbb5BTZ2OVW5CHXKyFNRAXutQ=
12,4,idelYqQ9UYFYhOdVEzUebk6uezM=,LgBbb5BTZ2OVW5CHXKyFNRAXutQ=
13,4,idelYqQ9UYFYhOdVEzUebk6uezM=,LgBbb5BTZ2OVW5CHXKyFNRAXutQ=
11,4,idelYqQ9UYFYhOdVEzUebk6uezM=,LgBbb5BTZ2OVW5CHXKyFNRAXutQ=
10,4,idelYqQ9UYFYhOdVEzUebk6uezM=,LgBbb5BTZ2OVW5CHXKyFNRAXutQ=
15,4,idelYqQ9UYFYhOdVEzUebk6uezM=,LgBbb5BTZ2OVW5CHXKyFNRAXutQ=
9,4,idelYqQ9UYFYhOdVEzUebk6uezM=,LgBbb5BTZ2OVW5CHXKyFNRAXutQ=
14,3,idelYqQ9UYFYhOdVEzUebk6uezM=,LgBbb5BTZ2OVW5CHXKyFNRAXutQ=
13,3,idelYqQ9UYFYhOdVEzUebk6uezM=,LgBbb5BTZ2OVW5CHXKyFNRAXutQ=
12,3,idelYqQ9UYFYhOdVEzUebk6uezM=,LgBbb5BTZ2OVW5CHXKyFNRAXutQ=
11,3,idelYqQ9UYFYhOdVEzUebk6uezM=,LgBbb5BTZ2OVW5CHXKyFNRAXutQ=
10,3,idelYqQ9UYFYhOdVEzUebk6uezM=,LgBbb5BTZ2OVW5CHXKyFNRAXutQ=
9,3,idelYqQ9UYFYhOdVEzUebk6uezM=,LgBbb5BTZ2OVW5CHXKyFNRAXutQ=
15,3,idelYqQ9UYFYhOdVEzUebk6uezM=,LgBbb5BTZ2OVW5CHXKyFNRAXutQ=
14,2,idelYqQ9UYFYhOdVEzUebk6uezM=,LgBbb5BTZ2OVW5CHXKyFNRAXutQ=
10,2,idelYqQ9UYFYhOdVEzUebk6uezM=,LgBbb5BTZ2OVW5CHXKyFNRAXutQ=
13,2,idelYqQ9UYFYhOdVEzUebk6uezM=,LgBbb5BTZ2OVW5CHXKyFNRAXutQ=
11,2,idelYqQ9UYFYhOdVEzUebk6uezM=,LgBbb5BTZ2OVW5CHXKyFNRAXutQ=
9,2,idelYqQ9UYFYhOdVEzUebk6uezM=,LgBbb5BTZ2OVW5CHXKyFNRAXutQ=
12,2,idelYqQ9UYFYhOdVEzUebk6uezM=,LgBbb5BTZ2OVW5CHXKyFNRAXutQ=
14,7,idelYqQ9UYFYhOdVEzUebk6uezM=,LgBbb5BTZ2OVW5CHXKyFNRAXutQ=
13,7,idelYqQ9UYFYhOdVEzUebk6uezM=,LgBbb5BTZ2OVW5CHXKyFNRAXutQ=
15,1,idelYqQ9UYFYhOdVEzUebk6uezM=,LgBbb5BTZ2OVW5CHXKyFNRAXutQ=
12,7,idelYqQ9UYFYhOdVEzUebk6uezM=,LgBbb5BTZ2OVW5CHXKyFNRAXutQ=
11,7,idelYqQ9UYFYhOdVEzUebk6uezM=,LgBbb5BTZ2OVW5CHXKyFNRAXutQ=
14,1,idelYqQ9UYFYhOdVEzUebk6uezM=,LgBbb5BTZ2OVW5CHXKyFNRAXutQ=
15,2,idelYqQ9UYFYhOdVEzUebk6uezM=,LgBbb5BTZ2OVW5CHXKyFNRAXutQ=
15,7,idelYqQ9UYFYhOdVEzUebk6uezM=,LgBbb5BTZ2OVW5CHXKyFNRAXutQ=
13,1,idelYqQ9UYFYhOdVEzUebk6uezM=,LgBbb5BTZ2OVW5CHXKyFNRAXutQ=
12,1,idelYqQ9UYFYhOdVEzUebk6uezM=,LgBbb5BTZ2OVW5CHXKyFNRAXutQ=
10,7,idelYqQ9UYFYhOdVEzUebk6uezM=,LgBbb5BTZ2OVW5CHXKyFNRAXutQ=
9,7,idelYqQ9UYFYhOdVEzUebk6uezM=,LgBbb5BTZ2OVW5CHXKyFNRAXutQ=
15,6,idelYqQ9UYFYhOdVEzUebk6uezM=,LgBbb5BTZ2OVW5CHXKyFNRAXutQ=
11,1,idelYqQ9UYFYhOdVEzUebk6uezM=,LgBbb5BTZ2OVW5CHXKyFNRAXutQ=
9,1,idelYqQ9UYFYhOdVEzUebk6uezM=,LgBbb5BTZ2OVW5CHXKyFNRAXutQ=
10,1,idelYqQ9UYFYhOdVEzUebk6uezM=,LgBbb5BTZ2OVW5CHXKyFNRAXutQ=
14,6,idelYqQ9UYFYhOdVEzUebk6uezM=,LgBbb5BTZ2OVW5CHXKyFNRAXutQ=
15,0,idelYqQ9UYFYhOdVEzUebk6uezM=,LgBbb5BTZ2OVW5CHXKyFNRAXutQ=
13,6,idelYqQ9UYFYhOdVEzUebk6uezM=,LgBbb5BTZ2OVW5CHXKyFNRAXutQ=
12,6,idelYqQ9UYFYhOdVEzUebk6uezM=,LgBbb5BTZ2OVW5CHXKyFNRAXutQ=
14,0,idelYqQ9UYFYhOdVEzUebk6uezM=,LgBbb5BTZ2OVW5CHXKyFNRAXutQ=
13,0,idelYqQ9UYFYhOdVEzUebk6uezM=,LgBbb5BTZ2OVW5CHXKyFNRAXutQ=
12,0,idelYqQ9UYFYhOdVEzUebk6uezM=,LgBbb5BTZ2OVW5CHXKyFNRAXutQ=
10,0,idelYqQ9UYFYhOdVEzUebk6uezM=,LgBbb5BTZ2OVW5CHXKyFNRAXutQ=
11,0,idelYqQ9UYFYhOdVEzUebk6uezM=,LgBbb5BTZ2OVW5CHXKyFNRAXutQ=
11,6,idelYqQ9UYFYhOdVEzUebk6uezM=,LgBbb5BTZ2OVW5CHXKyFNRAXutQ=
10,6,idelYqQ9UYFYhOdVEzUebk6uezM=,LgBbb5BTZ2OVW5CHXKyFNRAXutQ=
9,0,idelYqQ9UYFYhOdVEzUebk6uezM=,LgBbb5BTZ2OVW5CHXKyFNRAXutQ=
15,5,idelYqQ9UYFYhOdVEzUebk6uezM=,LgBbb5BTZ2OVW5CHXKyFNRAXutQ=
9,6,idelYqQ9UYFYhOdVEzUebk6uezM=,LgBbb5BTZ2OVW5CHXKyFNRAXutQ=
14,5,idelYqQ9UYFYhOdVEzUebk6uezM=,LgBbb5BTZ2OVW5CHXKyFNRAXutQ=
4,5,idelYqQ9UYFYhOdVEzUebk6uezM=,KT80oF8wg1lXQJVuNeoOwdPqXgQ=
13,5,idelYqQ9UYFYhOdVEzUebk6uezM=,LgBbb5BTZ2OVW5CHXKyFNRAXutQ=
5,5,idelYqQ9UYFYhOdVEzUebk6uezM=,KT80oF8wg1lXQJVuNeoOwdPqXgQ=
3,7,idelYqQ9UYFYhOdVEzUebk6uezM=,KT80oF8wg1lXQJVuNeoOwdPqXgQ=
0,4,idelYqQ9UYFYhOdVEzUebk6uezM=,KT80oF8wg1lXQJVuNeoOwdPqXgQ=
6,5,idelYqQ9UYFYhOdVEzUebk6uezM=,KT80oF8wg1lXQJVuNeoOwdPqXgQ=
6,4,idelYqQ9UYFYhOdVEzUebk6uezM=,KT80oF8wg1lXQJVuNeoOwdPqXgQ=
4,7,idelYqQ9UYFYhOdVEzUebk6uezM=,KT80oF8wg1lXQJVuNeoOwdPqXgQ=
2,7,idelYqQ9UYFYhOdVEzUebk6uezM=,KT80oF8wg1lXQJVuNeoOwdPqXgQ=
1,2,idelYqQ9UYFYhOdVEzUebk6uezM=,KT80oF8wg1lXQJVuNeoOwdPqXgQ=
2,2,idelYqQ9UYFYhOdVEzUebk6uezM=,KT80oF8wg1lXQJVuNeoOwdPqXgQ=
0,3,idelYqQ9UYFYhOdVEzUebk6uezM=,KT80oF8wg1lXQJVuNeoOwdPqXgQ=
5,7,idelYqQ9UYFYhOdVEzUebk6uezM=,KT80oF8wg1lXQJVuNeoOwdPqXgQ=
8,5,idelYqQ9UYFYhOdVEzUebk6uezM=,LgBbb5BTZ2OVW5CHXKyFNRAXutQ=
6,7,idelYqQ9UYFYhOdVEzUebk6uezM=,KT80oF8wg1lXQJVuNeoOwdPqXgQ=
7,2,idelYqQ9UYFYhOdVEzUebk6uezM=,KT80oF8wg1lXQJVuNeoOwdPqXgQ=
3,2,idelYqQ9UYFYhOdVEzUebk6uezM=,KT80oF8wg1lXQJVuNeoOwdPqXgQ=
1,7,idelYqQ9UYFYhOdVEzUebk6uezM=,KT80oF8wg1lXQJVuNeoOwdPqXgQ=
0,7,idelYqQ9UYFYhOdVEzUebk6uezM=,KT80oF8wg1lXQJVuNeoOwdPqXgQ=
7,6,idelYqQ9UYFYhOdVEzUebk6uezM=,KT80oF8wg1lXQJVuNeoOwdPqXgQ=
7,3,idelYqQ9UYFYhOdVEzUebk6uezM=,KT80oF8wg1lXQJVuNeoOwdPqXgQ=
6,2,idelYqQ9UYFYhOdVEzUebk6uezM=,KT80oF8wg1lXQJVuNeoOwdPqXgQ=
6,3,idelYqQ9UYFYhOdVEzUebk6uezM=,KT80oF8wg1lXQJVuNeoOwdPqXgQ=
5,2,idelYqQ9UYFYhOdVEzUebk6uezM=,KT80oF8wg1lXQJVuNeoOwdPqXgQ=
6,6,idelYqQ9UYFYhOdVEzUebk6uezM=,KT80oF8wg1lXQJVuNeoOwdPqXgQ=
0,2,idelYqQ9UYFYhOdVEzUebk6uezM=,KT80oF8wg1lXQJVuNeoOwdPqXgQ=
4,0,idelYqQ9UYFYhOdVEzUebk6uezM=,KT80oF8wg1lXQJVuNeoOwdPqXgQ=
2,1,idelYqQ9UYFYhOdVEzUebk6uezM=,KT80oF8wg1lXQJVuNeoOwdPqXgQ=
5,6,idelYqQ9UYFYhOdVEzUebk6uezM=,KT80oF8wg1lXQJVuNeoOwdPqXgQ=
8,4,idelYqQ9UYFYhOdVEzUebk6uezM=,LgBbb5BTZ2OVW5CHXKyFNRAXutQ=
5,3,idelYqQ9UYFYhOdVEzUebk6uezM=,KT80oF8wg1lXQJVuNeoOwdPqXgQ=
4,6,idelYqQ9UYFYhOdVEzUebk6uezM=,KT80oF8wg1lXQJVuNeoOwdPqXgQ=
7,0,idelYqQ9UYFYhOdVEzUebk6uezM=,KT80oF8wg1lXQJVuNeoOwdPqXgQ=
5,4,idelYqQ9UYFYhOdVEzUebk6uezM=,KT80oF8wg1lXQJVuNeoOwdPqXgQ=
7,1,idelYqQ9UYFYhOdVEzUebk6uezM=,KT80oF8wg1lXQJVuNeoOwdPqXgQ=
3,5,idelYqQ9UYFYhOdVEzUebk6uezM=,KT80oF8wg1lXQJVuNeoOwdPqXgQ=
4,4,idelYqQ9UYFYhOdVEzUebk6uezM=,KT80oF8wg1lXQJVuNeoOwdPqXgQ=
6,1,idelYqQ9UYFYhOdVEzUebk6uezM=,KT80oF8wg1lXQJVuNeoOwdPqXgQ=
4,2,idelYqQ9UYFYhOdVEzUebk6uezM=,KT80oF8wg1lXQJVuNeoOwdPqXgQ=
8,3,idelYqQ9UYFYhOdVEzUebk6uezM=,LgBbb5BTZ2OVW5CHXKyFNRAXutQ=
5,1,idelYqQ9UYFYhOdVEzUebk6uezM=,KT80oF8wg1lXQJVuNeoOwdPqXgQ=
3,4,idelYqQ9UYFYhOdVEzUebk6uezM=,KT80oF8wg1lXQJVuNeoOwdPqXgQ=
2,5,idelYqQ9UYFYhOdVEzUebk6uezM=,KT80oF8wg1lXQJVuNeoOwdPqXgQ=
6,0,idelYqQ9UYFYhOdVEzUebk6uezM=,KT80oF8wg1lXQJVuNeoOwdPqXgQ=
1,5,idelYqQ9UYFYhOdVEzUebk6uezM=,KT80oF8wg1lXQJVuNeoOwdPqXgQ=
8,2,idelYqQ9UYFYhOdVEzUebk6uezM=,LgBbb5BTZ2OVW5CHXKyFNRAXutQ=
5,0,idelYqQ9UYFYhOdVEzUebk6uezM=,KT80oF8wg1lXQJVuNeoOwdPqXgQ=
0,5,idelYqQ9UYFYhOdVEzUebk6uezM=,KT80oF8wg1lXQJVuNeoOwdPqXgQ=
2,4,idelYqQ9UYFYhOdVEzUebk6uezM=,KT80oF8wg1lXQJVuNeoOwdPqXgQ=
3,0,idelYqQ9UYFYhOdVEzUebk6uezM=,KT80oF8wg1lXQJVuNeoOwdPqXgQ=
4,3,idelYqQ9UYFYhOdVEzUebk6uezM=,KT80oF8wg1lXQJVuNeoOwdPqXgQ=
3,6,idelYqQ9UYFYhOdVEzUebk6uezM=,KT80oF8wg1lXQJVuNeoOwdPqXgQ=
3,3,idelYqQ9UYFYhOdVEzUebk6uezM=,KT80oF8wg1lXQJVuNeoOwdPqXgQ=
0,1,idelYqQ9UYFYhOdVEzUebk6uezM=,KT80oF8wg1lXQJVuNeoOwdPqXgQ=
2,6,idelYqQ9UYFYhOdVEzUebk6uezM=,KT80oF8wg1lXQJVuNeoOwdPqXgQ=
2,3,idelYqQ9UYFYhOdVEzUebk6uezM=,KT80oF8wg1lXQJVuNeoOwdPqXgQ=
1,4,idelYqQ9UYFYhOdVEzUebk6uezM=,KT80oF8wg1lXQJVuNeoOwdPqXgQ=
2,0,idelYqQ9UYFYhOdVEzUebk6uezM=,KT80oF8wg1lXQJVuNeoOwdPqXgQ=
4,1,idelYqQ9UYFYhOdVEzUebk6uezM=,KT80oF8wg1lXQJVuNeoOwdPqXgQ=
1,6,idelYqQ9UYFYhOdVEzUebk6uezM=,KT80oF8wg1lXQJVuNeoOwdPqXgQ=
7,4,idelYqQ9UYFYhOdVEzUebk6uezM=,KT80oF8wg1lXQJVuNeoOwdPqXgQ=
8,7,idelYqQ9UYFYhOdVEzUebk6uezM=,LgBbb5BTZ2OVW5CHXKyFNRAXutQ=
8,1,idelYqQ9UYFYhOdVEzUebk6uezM=,LgBbb5BTZ2OVW5CHXKyFNRAXutQ=
1,3,idelYqQ9UYFYhOdVEzUebk6uezM=,KT80oF8wg1lXQJVuNeoOwdPqXgQ=
3,1,idelYqQ9UYFYhOdVEzUebk6uezM=,KT80oF8wg1lXQJVuNeoOwdPqXgQ=
7,5,idelYqQ9UYFYhOdVEzUebk6uezM=,KT80oF8wg1lXQJVuNeoOwdPqXgQ=
0,6,idelYqQ9UYFYhOdVEzUebk6uezM=,KT80oF8wg1lXQJVuNeoOwdPqXgQ=
8,6,idelYqQ9UYFYhOdVEzUebk6uezM=,LgBbb5BTZ2OVW5CHXKyFNRAXutQ=
8,0,idelYqQ9UYFYhOdVEzUebk6uezM=,LgBbb5BTZ2OVW5CHXKyFNRAXutQ=
1,1,idelYqQ9UYFYhOdVEzUebk6uezM=,KT80oF8wg1lXQJVuNeoOwdPqXgQ=
7,7,idelYqQ9UYFYhOdVEzUebk6uezM=,KT80oF8wg1lXQJVuNeoOwdPqXgQ=
1,0,idelYqQ9UYFYhOdVEzUebk6uezM=,KT80oF8wg1lXQJVuNeoOwdPqXgQ=
0,0,idelYqQ9UYFYhOdVEzUebk6uezM=,KT80oF8wg1lXQJVuNeoOwdPqXgQ=
28,11,idelYqQ9UYFYhOdVEzUebk6uezM=,6G19dUdr/gFKFxcy7z3rf8thgNU=
27,11,idelYqQ9UYFYhOdVEzUebk6uezM=,6G19dUdr/gFKFxcy7z3rf8thgNU=
29,10,idelYqQ9UYFYhOdVEzUebk6uezM=,6G19dUdr/gFKFxcy7z3rf8thgNU=
26,11,idelYqQ9UYFYhOdVEzUebk6uezM=,6G19dUdr/gFKFxcy7z3rf8thgNU=
30,9,idelYqQ9UYFYhOdVEzUebk6uezM=,6G19dUdr/gFKFxcy7z3rf8thgNU=
28,10,idelYqQ9UYFYhOdVEzUebk6uezM=,6G19dUdr/gFKFxcy7z3rf8thgNU=
30,14,idelYqQ9UYFYhOdVEzUebk6uezM=,6G19dUdr/gFKFxcy7z3rf8thgNU=
29,14,idelYqQ9UYFYhOdVEzUebk6uezM=,6G19dUdr/gFKFxcy7z3rf8thgNU=
29,9,idelYqQ9UYFYhOdVEzUebk6uezM=,6G19dUdr/gFKFxcy7z3rf8thgNU=
25,9,idelYqQ9UYFYhOdVEzUebk6uezM=,6G19dUdr/gFKFxcy7z3rf8thgNU=
28,14,idelYqQ9UYFYhOdVEzUebk6uezM=,6G19dUdr/gFKFxcy7z3rf8thgNU=
25,11,idelYqQ9UYFYhOdVEzUebk6uezM=,6G19dUdr/gFKFxcy7z3rf8thgNU=
28,9,idelYqQ9UYFYhOdVEzUebk6uezM=,6G19dUdr/gFKFxcy7z3rf8thgNU=
27,14,idelYqQ9UYFYhOdVEzUebk6uezM=,6G19dUdr/gFKFxcy7z3rf8thgNU=
25,14,idelYqQ9UYFYhOdVEzUebk6uezM=,6G19dUdr/gFKFxcy7z3rf8thgNU=
26,14,idelYqQ9UYFYhOdVEzUebk6uezM=,6G19dUdr/gFKFxcy7z3rf8thgNU=
30,13,idelYqQ9UYFYhOdVEzUebk6uezM=,6G19dUdr/gFKFxcy7z3rf8thgNU=
28,13,idelYqQ9UYFYhOdVEzUebk6uezM=,6G19dUdr/gFKFxcy7z3rf8thgNU=
29,13,idelYqQ9UYFYhOdVEzUebk6uezM=,6G19dUdr/gFKFxcy7z3rf8thgNU=
27,10,idelYqQ9UYFYhOdVEzUebk6uezM=,6G19dUdr/gFKFxcy7z3rf8thgNU=
26,13,idelYqQ9UYFYhOdVEzUebk6uezM=,6G19dUdr/gFKFxcy7z3rf8thgNU=
27,13,idelYqQ9UYFYhOdVEzUebk6uezM=,6G19dUdr/gFKFxcy7z3rf8thgNU=
27,9,idelYqQ9UYFYhOdVEzUebk6uezM=,6G19dUdr/gFKFxcy7z3rf8thgNU=
25,13,idelYqQ9UYFYhOdVEzUebk6uezM=,6G19dUdr/gFKFxcy7z3rf8thgNU=
26,9,idelYqQ9UYFYhOdVEzUebk6uezM=,6G19dUdr/gFKFxcy7z3rf8thgNU=
30,12,idelYqQ9UYFYhOdVEzUebk6uezM=,6G19dUdr/gFKFxcy7z3rf8thgNU=
29,12,idelYqQ9UYFYhOdVEzUebk6uezM=,6G19dUdr/gFKFxcy7z3rf8thgNU=
28,12,idelYqQ9UYFYhOdVEzUebk6uezM=,6G19dUdr/gFKFxcy7z3rf8thgNU=
27,12,idelYqQ9UYFYhOdVEzUebk6uezM=,6G19dUdr/gFKFxcy7z3rf8thgNU=
26,10,idelYqQ9UYFYhOdVEzUebk6uezM=,6G19dUdr/gFKFxcy7z3rf8thgNU=
26,12,idelYqQ9UYFYhOdVEzUebk6uezM=,6G19dUdr/gFKFxcy7z3rf8thgNU=
25,10,idelYqQ9UYFYhOdVEzUebk6uezM=,6G19dUdr/gFKFxcy7z3rf8thgNU=
25,12,idelYqQ9UYFYhOdVEzUebk6uezM=,6G19dUdr/gFKFxcy7z3rf8thgNU=
30,10,idelYqQ9UYFYhOdVEzUebk6uezM=,6G19dUdr/gFKFxcy7z3rf8thgNU=
30,11,idelYqQ9UYFYhOdVEzUebk6uezM=,6G19dUdr/gFKFxcy7z3rf8thgNU=
29,11,idelYqQ9UYFYhOdVEzUebk6uezM=,6G19dUdr/gFKFxcy7z3rf8thgNU=
28,3,idelYqQ9UYFYhOdVEzUebk6uezM=,O0rBpAX0J7vtqCnZ8kznCUVHRGY=
27,3,idelYqQ9UYFYhOdVEzUebk6uezM=,O0rBpAX0J7vtqCnZ8kznCUVHRGY=
29,3,idelYqQ9UYFYhOdVEzUebk6uezM=,O0rBpAX0J7vtqCnZ8kznCUVHRGY=
30,7,idelYqQ9UYFYhOdVEzUebk6uezM=,O0rBpAX0J7vtqCnZ8kznCUVHRGY=
30,3,idelYqQ9UYFYhOdVEzUebk6uezM=,O0rBpAX0J7vtqCnZ8kznCUVHRGY=
31,3,idelYqQ9UYFYhOdVEzUebk6uezM=,O0rBpAX0J7vtqCnZ8kznCUVHRGY=
26,3,idelYqQ9UYFYhOdVEzUebk6uezM=,O0rBpAX0J7vtqCnZ8kznCUVHRGY=
25,4,idelYqQ9UYFYhOdVEzUebk6uezM=,O0rBpAX0J7vtqCnZ8kznCUVHRGY=
25,3,idelYqQ9UYFYhOdVEzUebk6uezM=,O0rBpAX0J7vtqCnZ8kznCUVHRGY=
26,4,idelYqQ9UYFYhOdVEzUebk6uezM=,O0rBpAX0J7vtqCnZ8kznCUVHRGY=
27,4,idelYqQ9UYFYhOdVEzUebk6uezM=,O0rBpAX0J7vtqCnZ8kznCUVHRGY=
29,7,idelYqQ9UYFYhOdVEzUebk6uezM=,O0rBpAX0J7vtqCnZ8kznCUVHRGY=
28,4,idelYqQ9UYFYhOdVEzUebk6uezM=,O0rBpAX0J7vtqCnZ8kznCUVHRGY=
28,7,idelYqQ9UYFYhOdVEzUebk6uezM=,O0rBpAX0J7vtqCnZ8kznCUVHRGY=
29,4,idelYqQ9UYFYhOdVEzUebk6uezM=,O0rBpAX0J7vtqCnZ8kznCUVHRGY=
30,4,idelYqQ9UYFYhOdVEzUebk6uezM=,O0rBpAX0J7vtqCnZ8kznCUVHRGY=
27,7,idelYqQ9UYFYhOdVEzUebk6uezM=,O0rBpAX0J7vtqCnZ8kznCUVHRGY=
31,4,idelYqQ9UYFYhOdVEzUebk6uezM=,O0rBpAX0J7vtqCnZ8kznCUVHRGY=
25,5,idelYqQ9UYFYhOdVEzUebk6uezM=,O0rBpAX0J7vtqCnZ8kznCUVHRGY=
26,5,idelYqQ9UYFYhOdVEzUebk6uezM=,O0rBpAX0J7vtqCnZ8kznCUVHRGY=
25,8,idelYqQ9UYFYhOdVEzUebk6uezM=,6G19dUdr/gFKFxcy7z3rf8thgNU=
28,8,idelYqQ9UYFYhOdVEzUebk6uezM=,6G19dUdr/gFKFxcy7z3rf8thgNU=
27,5,idelYqQ9UYFYhOdVEzUebk6uezM=,O0rBpAX0J7vtqCnZ8kznCUVHRGY=
28,5,idelYqQ9UYFYhOdVEzUebk6uezM=,O0rBpAX0J7vtqCnZ8kznCUVHRGY=
29,5,idelYqQ9UYFYhOdVEzUebk6uezM=,O0rBpAX0J7vtqCnZ8kznCUVHRGY=
30,5,idelYqQ9UYFYhOdVEzUebk6uezM=,O0rBpAX0J7vtqCnZ8kznCUVHRGY=
31,5,idelYqQ9UYFYhOdVEzUebk6uezM=,O0rBpAX0J7vtqCnZ8kznCUVHRGY=
29,8,idelYqQ9UYFYhOdVEzUebk6uezM=,6G19dUdr/gFKFxcy7z3rf8thgNU=
30,8,idelYqQ9UYFYhOdVEzUebk6uezM=,6G19dUdr/gFKFxcy7z3rf8thgNU=
25,6,idelYqQ9UYFYhOdVEzUebk6uezM=,O0rBpAX0J7vtqCnZ8kznCUVHRGY=
26,6,idelYqQ9UYFYhOdVEzUebk6uezM=,O0rBpAX0J7vtqCnZ8kznCUVHRGY=
26,8,idelYqQ9UYFYhOdVEzUebk6uezM=,6G19dUdr/gFKFxcy7z3rf8thgNU=
27,6,idelYqQ9UYFYhOdVEzUebk6uezM=,O0rBpAX0J7vtqCnZ8kznCUVHRGY=
28,6,idelYqQ9UYFYhOdVEzUebk6uezM=,O0rBpAX0J7vtqCnZ8kznCUVHRGY=
29,6,idelYqQ9UYFYhOdVEzUebk6uezM=,O0rBpAX0J7vtqCnZ8kznCUVHRGY=
26,7,idelYqQ9UYFYhOdVEzUebk6uezM=,O0rBpAX0J7vtqCnZ8kznCUVHRGY=
30,6,idelYqQ9UYFYhOdVEzUebk6uezM=,O0rBpAX0J7vtqCnZ8kznCUVHRGY=
31,6,idelYqQ9UYFYhOdVEzUebk6uezM=,O0rBpAX0J7vtqCnZ8kznCUVHRGY=
31,2,idelYqQ9UYFYhOdVEzUebk6uezM=,O0rBpAX0J7vtqCnZ8kznCUVHRGY=
27,8,idelYqQ9UYFYhOdVEzUebk6uezM=,6G19dUdr/gFKFxcy7z3rf8thgNU=
30,2,idelYqQ9UYFYhOdVEzUebk6uezM=,O0rBpAX0J7vtqCnZ8kznCUVHRGY=
25,1,idelYqQ9UYFYhOdVEzUebk6uezM=,O0rBpAX0J7vtqCnZ8kznCUVHRGY=
25,7,idelYqQ9UYFYhOdVEzUebk6uezM=,O0rBpAX0J7vtqCnZ8kznCUVHRGY=
26,1,idelYqQ9UYFYhOdVEzUebk6uezM=,O0rBpAX0J7vtqCnZ8kznCUVHRGY=
29,2,idelYqQ9UYFYhOdVEzUebk6uezM=,O0rBpAX0J7vtqCnZ8kznCUVHRGY=
28,2,idelYqQ9UYFYhOdVEzUebk6uezM=,O0rBpAX0J7vtqCnZ8kznCUVHRGY=
27,1,idelYqQ9UYFYhOdVEzUebk6uezM=,O0rBpAX0J7vtqCnZ8kznCUVHRGY=
27,2,idelYqQ9UYFYhOdVEzUebk6uezM=,O0rBpAX0J7vtqCnZ8kznCUVHRGY=
28,1,idelYqQ9UYFYhOdVEzUebk6uezM=,O0rBpAX0J7vtqCnZ8kznCUVHRGY=
29,1,idelYqQ9UYFYhOdVEzUebk6uezM=,O0rBpAX0J7vtqCnZ8kznCUVHRGY=
25,2,idelYqQ9UYFYhOdVEzUebk6uezM=,O0rBpAX0J7vtqCnZ8kznCUVHRGY=
30,1,idelYqQ9UYFYhOdVEzUebk6uezM=,O0rBpAX0J7vtqCnZ8kznCUVHRGY=
31,1,idelYqQ9UYFYhOdVEzUebk6uezM=,O0rBpAX0J7vtqCnZ8kznCUVHRGY=
26,2,idelYqQ9UYFYhOdVEzUebk6uezM=,O0rBpAX0J7vtqCnZ8kznCUVHRGY=
25,15,idelYqQ9UYFYhOdVEzUebk6uezM=,6G19dUdr/gFKFxcy7z3rf8thgNU=
26,15,idelYqQ9UYFYhOdVEzUebk6uezM=,6G19dUdr/gFKFxcy7z3rf8thgNU=
27,15,idelYqQ9UYFYhOdVEzUebk6uezM=,6G19dUdr/gFKFxcy7z3rf8thgNU=
28,15,idelYqQ9UYFYhOdVEzUebk6uezM=,6G19dUdr/gFKFxcy7z3rf8thgNU=
29,15,idelYqQ9UYFYhOdVEzUebk6uezM=,6G19dUdr/gFKFxcy7z3rf8thgNU=
30,15,idelYqQ9UYFYhOdVEzUebk6uezM=,6G19dUdr/gFKFxcy7z3rf8thgNU=
25,0,idelYqQ9UYFYhOdVEzUebk6uezM=,O0rBpAX0J7vtqCnZ8kznCUVHRGY=
26,0,idelYqQ9UYFYhOdVEzUebk6uezM=,O0rBpAX0J7vtqCnZ8kznCUVHRGY=
27,0,idelYqQ9UYFYhOdVEzUebk6uezM=,O0rBpAX0J7vtqCnZ8kznCUVHRGY=
28,0,idelYqQ9UYFYhOdVEzUebk6uezM=,O0rBpAX0J7vtqCnZ8kznCUVHRGY=
29,0,idelYqQ9UYFYhOdVEzUebk6uezM=,O0rBpAX0J7vtqCnZ8kznCUVHRGY=
30,0,idelYqQ9UYFYhOdVEzUebk6uezM=,O0rBpAX0J7vtqCnZ8kznCUVHRGY=
31,0,idelYqQ9UYFYhOdVEzUebk6uezM=,O0rBpAX0J7vtqCnZ8kznCUVHRGY=
31,11,idelYqQ9UYFYhOdVEzUebk6uezM=,6G19dUdr/gFKFxcy7z3rf8thgNU=
31,15,idelYqQ9UYFYhOdVEzUebk6uezM=,6G19dUdr/gFKFxcy7z3rf8thgNU=
31,7,idelYqQ9UYFYhOdVEzUebk6uezM=,O0rBpAX0J7vtqCnZ8kznCUVHRGY=
31,10,idelYqQ9UYFYhOdVEzUebk6uezM=,6G19dUdr/gFKFxcy7z3rf8thgNU=
31,9,idelYqQ9UYFYhOdVEzUebk6uezM=,6G19dUdr/gFKFxcy7z3rf8thgNU=
31,12,idelYqQ9UYFYhOdVEzUebk6uezM=,6G19dUdr/gFKFxcy7z3rf8thgNU=
31,14,idelYqQ9UYFYhOdVEzUebk6uezM=,6G19dUdr/gFKFxcy7z3rf8thgNU=
31,8,idelYqQ9UYFYhOdVEzUebk6uezM=,6G19dUdr/gFKFxcy7z3rf8thgNU=
31,13,idelYqQ9UYFYhOdVEzUebk6uezM=,6G19dUdr/gFKFxcy7z3rf8thgNU=
23,15,idelYqQ9UYFYhOdVEzUebk6uezM=,SDKilnRV4n3SXUsCGx79Pt/K9lo=
22,15,idelYqQ9UYFYhOdVEzUebk6uezM=,SDKilnRV4n3SXUsCGx79Pt/K9lo=
21,15,idelYqQ9UYFYhOdVEzUebk6uezM=,SDKilnRV4n3SXUsCGx79Pt/K9lo=
20,15,idelYqQ9UYFYhOdVEzUebk6uezM=,SDKilnRV4n3SXUsCGx79Pt/K9lo=
19,15,idelYqQ9UYFYhOdVEzUebk6uezM=,SDKilnRV4n3SXUsCGx79Pt/K9lo=
18,15,idelYqQ9UYFYhOdVEzUebk6uezM=,SDKilnRV4n3SXUsCGx79Pt/K9lo=
16,15,idelYqQ9UYFYhOdVEzUebk6uezM=,SDKilnRV4n3SXUsCGx79Pt/K9lo=
17,15,idelYqQ9UYFYhOdVEzUebk6uezM=,SDKilnRV4n3SXUsCGx79Pt/K9lo=
22,14,idelYqQ9UYFYhOdVEzUebk6uezM=,SDKilnRV4n3SXUsCGx79Pt/K9lo=
21,14,idelYqQ9UYFYhOdVEzUebk6uezM=,SDKilnRV4n3SXUsCGx79Pt/K9lo=
23,14,idelYqQ9UYFYhOdVEzUebk6uezM=,SDKilnRV4n3SXUsCGx79Pt/K9lo=
20,14,idelYqQ9UYFYhOdVEzUebk6uezM=,SDKilnRV4n3SXUsCGx79Pt/K9lo=
19,14,idelYqQ9UYFYhOdVEzUebk6uezM=,SDKilnRV4n3SXUsCGx79Pt/K9lo=
18,14,idelYqQ9UYFYhOdVEzUebk6uezM=,SDKilnRV4n3SXUsCGx79Pt/K9lo=
17,14,idelYqQ9UYFYhOdVEzUebk6uezM=,SDKilnRV4n3SXUsCGx79Pt/K9lo=
16,14,idelYqQ9UYFYhOdVEzUebk6uezM=,SDKilnRV4n3SXUsCGx79Pt/K9lo=
23,13,idelYqQ9UYFYhOdVEzUebk6uezM=,SDKilnRV4n3SXUsCGx79Pt/K9lo=
22,13,idelYqQ9UYFYhOdVEzUebk6uezM=,SDKilnRV4n3SXUsCGx79Pt/K9lo=
21,13,idelYqQ9UYFYhOdVEzUebk6uezM=,SDKilnRV4n3SXUsCGx79Pt/K9lo=
20,13,idelYqQ9UYFYhOdVEzUebk6uezM=,SDKilnRV4n3SXUsCGx79Pt/K9lo=
19,13,idelYqQ9UYFYhOdVEzUebk6uezM=,SDKilnRV4n3SXUsCGx79Pt/K9lo=
18,13,idelYqQ9UYFYhOdVEzUebk6uezM=,SDKilnRV4n3SXUsCGx79Pt/K9lo=
17,13,idelYqQ9UYFYhOdVEzUebk6uezM=,SDKilnRV4n3SXUsCGx79Pt/K9lo=
16,13,idelYqQ9UYFYhOdVEzUebk6uezM=,SDKilnRV4n3SXUsCGx79Pt/K9lo=
23,12,idelYqQ9UYFYhOdVEzUebk6uezM=,SDKilnRV4n3SXUsCGx79Pt/K9lo=
22,12,idelYqQ9UYFYhOdVEzUebk6uezM=,SDKilnRV4n3SXUsCGx79Pt/K9lo=
21,12,idelYqQ9UYFYhOdVEzUebk6uezM=,SDKilnRV4n3SXUsCGx79Pt/K9lo=
20,12,idelYqQ9UYFYhOdVEzUebk6uezM=,SDKilnRV4n3SXUsCGx79Pt/K9lo=
19,12,idelYqQ9UYFYhOdVEzUebk6uezM=,SDKilnRV4n3SXUsCGx79Pt/K9lo=
18,12,idelYqQ9UYFYhOdVEzUebk6uezM=,SDKilnRV4n3SXUsCGx79Pt/K9lo=
17,12,idelYqQ9UYFYhOdVEzUebk6uezM=,SDKilnRV4n3SXUsCGx79Pt/K9lo=
16,12,idelYqQ9UYFYhOdVEzUebk6uezM=,SDKilnRV4n3SXUsCGx79Pt/K9lo=
23,11,idelYqQ9UYFYhOdVEzUebk6uezM=,SDKilnRV4n3SXUsCGx79Pt/K9lo=
22,11,idelYqQ9UYFYhOdVEzUebk6uezM=,SDKilnRV4n3SXUsCGx79Pt/K9lo=
21,11,idelYqQ9UYFYhOdVEzUebk6uezM=,SDKilnRV4n3SXUsCGx79Pt/K9lo=
20,11,idelYqQ9UYFYhOdVEzUebk6uezM=,SDKilnRV4n3SXUsCGx79Pt/K9lo=
19,11,idelYqQ9UYFYhOdVEzUebk6uezM=,SDKilnRV4n3SXUsCGx79Pt/K9lo=
18,11,idelYqQ9UYFYhOdVEzUebk6uezM=,SDKilnRV4n3SXUsCGx79Pt/K9lo=
17,11,idelYqQ9UYFYhOdVEzUebk6uezM=,SDKilnRV4n3SXUsCGx79Pt/K9lo=
16,11,idelYqQ9UYFYhOdVEzUebk6uezM=,SDKilnRV4n3SXUsCGx79Pt/K9lo=
23,10,idelYqQ9UYFYhOdVEzUebk6uezM=,SDKilnRV4n3SXUsCGx79Pt/K9lo=
22,10,idelYqQ9UYFYhOdVEzUebk6uezM=,SDKilnRV4n3SXUsCGx79Pt/K9lo=
21,10,idelYqQ9UYFYhOdVEzUebk6uezM=,SDKilnRV4n3SXUsCGx79Pt/K9lo=
20,10,idelYqQ9UYFYhOdVEzUebk6uezM=,SDKilnRV4n3SXUsCGx79Pt/K9lo=
19,10,idelYqQ9UYFYhOdVEzUebk6uezM=,SDKilnRV4n3SXUsCGx79Pt/K9lo=
18,10,idelYqQ9UYFYhOdVEzUebk6uezM=,SDKilnRV4n3SXUsCGx79Pt/K9lo=
17,10,idelYqQ9UYFYhOdVEzUebk6uezM=,SDKilnRV4n3SXUsCGx79Pt/K9lo=
16,10,idelYqQ9UYFYhOdVEzUebk6uezM=,SDKilnRV4n3SXUsCGx79Pt/K9lo=
16,9,idelYqQ9UYFYhOdVEzUebk6uezM=,SDKilnRV4n3SXUsCGx79Pt/K9lo=
17,9,idelYqQ9UYFYhOdVEzUebk6uezM=,SDKilnRV4n3SXUsCGx79Pt/K9lo=
24,10,idelYqQ9UYFYhOdVEzUebk6uezM=,6G19dUdr/gFKFxcy7z3rf8thgNU=
24,12,idelYqQ9UYFYhOdVEzUebk6uezM=,6G19dUdr/gFKFxcy7z3rf8thgNU=
24,13,idelYqQ9UYFYhOdVEzUebk6uezM=,6G19dUdr/gFKFxcy7z3rf8thgNU=
24,14,idelYqQ9UYFYhOdVEzUebk6uezM=,6G19dUdr/gFKFxcy7z3rf8thgNU=
18,9,idelYqQ9UYFYhOdVEzUebk6uezM=,SDKilnRV4n3SXUsCGx79Pt/K9lo=
24,11,idelYqQ9UYFYhOdVEzUebk6uezM=,6G19dUdr/gFKFxcy7z3rf8thgNU=
20,9,idelYqQ9UYFYhOdVEzUebk6uezM=,SDKilnRV4n3SXUsCGx79Pt/K9lo=
24,9,idelYqQ9UYFYhOdVEzUebk6uezM=,6G19dUdr/gFKFxcy7z3rf8thgNU=
21,9,idelYqQ9UYFYhOdVEzUebk6uezM=,SDKilnRV4n3SXUsCGx79Pt/K9lo=
19,9,idelYqQ9UYFYhOdVEzUebk6uezM=,SDKilnRV4n3SXUsCGx79Pt/K9lo=
22,9,idelYqQ9UYFYhOdVEzUebk6uezM=,SDKilnRV4n3SXUsCGx79Pt/K9lo=
23,9,idelYqQ9UYFYhOdVEzUebk6uezM=,SDKilnRV4n3SXUsCGx79Pt/K9lo=
24,15,idelYqQ9UYFYhOdVEzUebk6uezM=,6G19dUdr/gFKFxcy7z3rf8thgNU=
20,8,idelYqQ9UYFYhOdVEzUebk6uezM=,SDKilnRV4n3SXUsCGx79Pt/K9lo=
21,8,idelYqQ9UYFYhOdVEzUebk6uezM=,SDKilnRV4n3SXUsCGx79Pt/K9lo=
22,8,idelYqQ9UYFYhOdVEzUebk6uezM=,SDKilnRV4n3SXUsCGx79Pt/K9lo=
19,3,idelYqQ9UYFYhOdVEzUebk6uezM=,0p8qXIlPJoMgdHrRN1tydi7nKk4=
23,7,idelYqQ9UYFYhOdVEzUebk6uezM=,0p8qXIlPJoMgdHrRN1tydi7nKk4=
23,8,idelYqQ9UYFYhOdVEzUebk6uezM=,SDKilnRV4n3SXUsCGx79Pt/K9lo=
24,4,idelYqQ9UYFYhOdVEzUebk6uezM=,O0rBpAX0J7vtqCnZ8kznCUVHRGY=
18,3,idelYqQ9UYFYhOdVEzUebk6uezM=,0p8qXIlPJoMgdHrRN1tydi7nKk4=
19,8,idelYqQ9UYFYhOdVEzUebk6uezM=,SDKilnRV4n3SXUsCGx79Pt/K9lo=
18,8,idelYqQ9UYFYhOdVEzUebk6uezM=,SDKilnRV4n3SXUsCGx79Pt/K9lo=
22,7,idelYqQ9UYFYhOdVEzUebk6uezM=,0p8qXIlPJoMgdHrRN1tydi7nKk4=
20,7,idelYqQ9UYFYhOdVEzUebk6uezM=,0p8qXIlPJoMgdHrRN1tydi7nKk4=
21,7,idelYqQ9UYFYhOdVEzUebk6uezM=,0p8qXIlPJoMgdHrRN1tydi7nKk4=
20,3,idelYqQ9UYFYhOdVEzUebk6uezM=,0p8qXIlPJoMgdHrRN1tydi7nKk4=
23,2,idelYqQ9UYFYhOdVEzUebk6uezM=,0p8qXIlPJoMgdHrRN1tydi7nKk4=
22,2,idelYqQ9UYFYhOdVEzUebk6uezM=,0p8qXIlPJoMgdHrRN1tydi7nKk4=
24,3,idelYqQ9UYFYhOdVEzUebk6uezM=,O0rBpAX0J7vtqCnZ8kznCUVHRGY=
17,3,idelYqQ9UYFYhOdVEzUebk6uezM=,0p8qXIlPJoMgdHrRN1tydi7nKk4=
19,7,idelYqQ9UYFYhOdVEzUebk6uezM=,0p8qXIlPJoMgdHrRN1tydi7nKk4=
21,3,idelYqQ9UYFYhOdVEzUebk6uezM=,0p8qXIlPJoMgdHrRN1tydi7nKk4=
22,3,idelYqQ9UYFYhOdVEzUebk6uezM=,0p8qXIlPJoMgdHrRN1tydi7nKk4=
18,7,idelYqQ9UYFYhOdVEzUebk6uezM=,0p8qXIlPJoMgdHrRN1tydi7nKk4=
24,8,idelYqQ9UYFYhOdVEzUebk6uezM=,6G19dUdr/gFKFxcy7z3rf8thgNU=
24,5,idelYqQ9UYFYhOdVEzUebk6uezM=,O0rBpAX0J7vtqCnZ8kznCUVHRGY=
23,3,idelYqQ9UYFYhOdVEzUebk6uezM=,0p8qXIlPJoMgdHrRN1tydi7nKk4=
17,7,idelYqQ9UYFYhOdVEzUebk6uezM=,0p8qXIlPJoMgdHrRN1tydi7nKk4=
23,6,idelYqQ9UYFYhOdVEzUebk6uezM=,0p8qXIlPJoMgdHrRN1tydi7nKk4=
21,2,idelYqQ9UYFYhOdVEzUebk6uezM=,0p8qXIlPJoMgdHrRN1tydi7nKk4=
19,2,idelYqQ9UYFYhOdVEzUebk6uezM=,0p8qXIlPJoMgdHrRN1tydi7nKk4=
20,2,idelYqQ9UYFYhOdVEzUebk6uezM=,0p8qXIlPJoMgdHrRN1tydi7nKk4=
16,7,idelYqQ9UYFYhOdVEzUebk6uezM=,0p8qXIlPJoMgdHrRN1tydi7nKk4=
16,3,idelYqQ9UYFYhOdVEzUebk6uezM=,0p8qXIlPJoMgdHrRN1tydi7nKk4=
16,4,idelYqQ9UYFYhOdVEzUebk6uezM=,0p8qXIlPJoMgdHrRN1tydi7nKk4=
16,8,idelYqQ9UYFYhOdVEzUebk6uezM=,SDKilnRV4n3SXUsCGx79Pt/K9lo=
24,6,idelYqQ9UYFYhOdVEzUebk6uezM=,O0rBpAX0J7vtqCnZ8kznCUVHRGY=
20,6,idelYqQ9UYFYhOdVEzUebk6uezM=,0p8qXIlPJoMgdHrRN1tydi7nKk4=
22,6,idelYqQ9UYFYhOdVEzUebk6uezM=,0p8qXIlPJoMgdHrRN1tydi7nKk4=
23,1,idelYqQ9UYFYhOdVEzUebk6uezM=,0p8qXIlPJoMgdHrRN1tydi7nKk4=
21,6,idelYqQ9UYFYhOdVEzUebk6uezM=,0p8qXIlPJoMgdHrRN1tydi7nKk4=
22,1,idelYqQ9UYFYhOdVEzUebk6uezM=,0p8qXIlPJoMgdHrRN1tydi7nKk4=
18,2,idelYqQ9UYFYhOdVEzUebk6uezM=,0p8qXIlPJoMgdHrRN1tydi7nKk4=
17,2,idelYqQ9UYFYhOdVEzUebk6uezM=,0p8qXIlPJoMgdHrRN1tydi7nKk4=
19,6,idelYqQ9UYFYhOdVEzUebk6uezM=,0p8qXIlPJoMgdHrRN1tydi7nKk4=
24,2,idelYqQ9UYFYhOdVEzUebk6uezM=,O0rBpAX0J7vtqCnZ8kznCUVHRGY=
18,6,idelYqQ9UYFYhOdVEzUebk6uezM=,0p8qXIlPJoMgdHrRN1tydi7nKk4=
16,2,idelYqQ9UYFYhOdVEzUebk6uezM=,0p8qXIlPJoMgdHrRN1tydi7nKk4=
23,5,idelYqQ9UYFYhOdVEzUebk6uezM=,0p8qXIlPJoMgdHrRN1tydi7nKk4=
19,1,idelYqQ9UYFYhOdVEzUebk6uezM=,0p8qXIlPJoMgdHrRN1tydi7nKk4=
20,1,idelYqQ9UYFYhOdVEzUebk6uezM=,0p8qXIlPJoMgdHrRN1tydi7nKk4=
17,6,idelYqQ9UYFYhOdVEzUebk6uezM=,0p8qXIlPJoMgdHrRN1tydi7nKk4=
21,1,idelYqQ9UYFYhOdVEzUebk6uezM=,0p8qXIlPJoMgdHrRN1tydi7nKk4=
22,5,idelYqQ9UYFYhOdVEzUebk6uezM=,0p8qXIlPJoMgdHrRN1tydi7nKk4=
16,6,idelYqQ9UYFYhOdVEzUebk6uezM=,0p8qXIlPJoMgdHrRN1tydi7nKk4=
24,7,idelYqQ9UYFYhOdVEzUebk6uezM=,O0rBpAX0J7vtqCnZ8kznCUVHRGY=
18,1,idelYqQ9UYFYhOdVEzUebk6uezM=,0p8qXIlPJoMgdHrRN1tydi7nKk4=
24,1,idelYqQ9UYFYhOdVEzUebk6uezM=,O0rBpAX0J7vtqCnZ8kznCUVHRGY=
17,1,idelYqQ9UYFYhOdVEzUebk6uezM=,0p8qXIlPJoMgdHrRN1tydi7nKk4=
19,5,idelYqQ9UYFYhOdVEzUebk6uezM=,0p8qXIlPJoMgdHrRN1tydi7nKk4=
20,5,idelYqQ9UYFYhOdVEzUebk6uezM=,0p8qXIlPJoMgdHrRN1tydi7nKk4=
23,0,idelYqQ9UYFYhOdVEzUebk6uezM=,0p8qXIlPJoMgdHrRN1tydi7nKk4=
22,0,idelYqQ9UYFYhOdVEzUebk6uezM=,0p8qXIlPJoMgdHrRN1tydi7nKk4=
21,5,idelYqQ9UYFYhOdVEzUebk6uezM=,0p8qXIlPJoMgdHrRN1tydi7nKk4=
17,8,idelYqQ9UYFYhOdVEzUebk6uezM=,SDKilnRV4n3SXUsCGx79Pt/K9lo=
17,4,idelYqQ9UYFYhOdVEzUebk6uezM=,0p8qXIlPJoMgdHrRN1tydi7nKk4=
24,0,idelYqQ9UYFYhOdVEzUebk6uezM=,O0rBpAX0J7vtqCnZ8kznCUVHRGY=
16,1,idelYqQ9UYFYhOdVEzUebk6uezM=,0p8qXIlPJoMgdHrRN1tydi7nKk4=
16,0,idelYqQ9UYFYhOdVEzUebk6uezM=,0p8qXIlPJoMgdHrRN1tydi7nKk4=
18,5,idelYqQ9UYFYhOdVEzUebk6uezM=,0p8qXIlPJoMgdHrRN1tydi7nKk4=
20,0,idelYqQ9UYFYhOdVEzUebk6uezM=,0p8qXIlPJoMgdHrRN1tydi7nKk4=
21,0,idelYqQ9UYFYhOdVEzUebk6uezM=,0p8qXIlPJoMgdHrRN1tydi7nKk4=
23,4,idelYqQ9UYFYhOdVEzUebk6uezM=,0p8qXIlPJoMgdHrRN1tydi7nKk4=
19,0,idelYqQ9UYFYhOdVEzUebk6uezM=,0p8qXIlPJoMgdHrRN1tydi7nKk4=
22,4,idelYqQ9UYFYhOdVEzUebk6uezM=,0p8qXIlPJoMgdHrRN1tydi7nKk4=
17,5,idelYqQ9UYFYhOdVEzUebk6uezM=,0p8qXIlPJoMgdHrRN1tydi7nKk4=
16,5,idelYqQ9UYFYhOdVEzUebk6uezM=,0p8qXIlPJoMgdHrRN1tydi7nKk4=
18,4,idelYqQ9UYFYhOdVEzUebk6uezM=,0p8qXIlPJoMgdHrRN1tydi7nKk4=
19,4,idelYqQ9UYFYhOdVEzUebk6uezM=,0p8qXIlPJoMgdHrRN1tydi7nKk4=
21,4,idelYqQ9UYFYhOdVEzUebk6uezM=,0p8qXIlPJoMgdHrRN1tydi7nKk4=
20,4,idelYqQ9UYFYhOdVEzUebk6uezM=,0p8qXIlPJoMgdHrRN1tydi7nKk4=
18,0,idelYqQ9UYFYhOdVEzUebk6uezM=,0p8qXIlPJoMgdHrRN1tydi7nKk4=
17,0,idelYqQ9UYFYhOdVEzUebk6uezM=,0p8qXIlPJoMgdHrRN1tydi7nKk4=
