-71,-47,nxg34r6zJ71NANzwrvbUHw+0gW4=,eREU1WcO40L7hRBJTh0DAQOQn6M=
-66,-42,nxg34r6zJ71NANzwrvbUHw+0gW4=,eREU1WcO40L7hRBJTh0DAQOQn6M=
-67,-42,nxg34r6zJ71NANzwrvbUHw+0gW4=,eREU1WcO40L7hRBJTh0DAQOQn6M=
-70,-42,nxg34r6zJ71NANzwrvbUHw+0gW4=,eREU1WcO40L7hRBJTh0DAQOQn6M=
-69,-42,nxg34r6zJ71NANzwrvbUHw+0gW4=,eREU1WcO40L7hRBJTh0DAQOQn6M=
-68,-42,nxg34r6zJ71NANzwrvbUHw+0gW4=,eREU1WcO40L7hRBJTh0DAQOQn6M=
-71,-42,nxg34r6zJ71NANzwrvbUHw+0gW4=,eREU1WcO40L7hRBJTh0DAQOQn6M=
-66,-43,nxg34r6zJ71NANzwrvbUHw+0gW4=,eREU1WcO40L7hRBJTh0DAQOQn6M=
-67,-43,nxg34r6zJ71NANzwrvbUHw+0gW4=,eREU1WcO40L7hRBJTh0DAQOQn6M=
-68,-43,nxg34r6zJ71NANzwrvbUHw+0gW4=,eREU1WcO40L7hRBJTh0DAQOQn6M=
-69,-43,nxg34r6zJ71NANzwrvbUHw+0gW4=,eREU1WcO40L7hRBJTh0DAQOQn6M=
-70,-43,nxg34r6zJ71NANzwrvbUHw+0gW4=,eREU1WcO40L7hRBJTh0DAQOQn6M=
-71,-43,nxg34r6zJ71NANzwrvbUHw+0gW4=,eREU1WcO40L7hRBJTh0DAQOQn6M=
-66,-44,nxg34r6zJ71NANzwrvbUHw+0gW4=,eREU1WcO40L7hRBJTh0DAQOQn6M=
-67,-44,nxg34r6zJ71NANzwrvbUHw+0gW4=,eREU1WcO40L7hRBJTh0DAQOQn6M=
-68,-44,nxg34r6zJ71NANzwrvbUHw+0gW4=,eREU1WcO40L7hRBJTh0DAQOQn6M=
-69,-44,nxg34r6zJ71NANzwrvbUHw+0gW4=,eREU1WcO40L7hRBJTh0DAQOQn6M=
-70,-44,nxg34r6zJ71NANzwrvbUHw+0gW4=,eREU1WcO40L7hRBJTh0DAQOQn6M=
-71,-44,nxg34r6zJ71NANzwrvbUHw+0gW4=,eREU1WcO40L7hRBJTh0DAQOQn6M=
-66,-45,nxg34r6zJ71NANzwrvbUHw+0gW4=,eREU1WcO40L7hRBJTh0DAQOQn6M=
-67,-45,nxg34r6zJ71NANzwrvbUHw+0gW4=,eREU1WcO40L7hRBJTh0DAQOQn6M=
-68,-45,nxg34r6zJ71NANzwrvbUHw+0gW4=,eREU1WcO40L7hRBJTh0DAQOQn6M=
-69,-45,nxg34r6zJ71NANzwrvbUHw+0gW4=,eREU1WcO40L7hRBJTh0DAQOQn6M=
-70,-45,nxg34r6zJ71NANzwrvbUHw+0gW4=,eREU1WcO40L7hRBJTh0DAQOQn6M=
-71,-45,nxg34r6zJ71NANzwrvbUHw+0gW4=,eREU1WcO40L7hRBJTh0DAQOQn6M=
-66,-46,nxg34r6zJ71NANzwrvbUHw+0gW4=,eREU1WcO40L7hRBJTh0DAQOQn6M=
-67,-46,nxg34r6zJ71NANzwrvbUHw+0gW4=,eREU1WcO40L7hRBJTh0DAQOQn6M=
-68,-46,nxg34r6zJ71NANzwrvbUHw+0gW4=,eREU1WcO40L7hRBJTh0DAQOQn6M=
-69,-46,nxg34r6zJ71NANzwrvbUHw+0gW4=,eREU1WcO40L7hRBJTh0DAQOQn6M=
-70,-46,nxg34r6zJ71NANzwrvbUHw+0gW4=,eREU1WcO40L7hRBJTh0DAQOQn6M=
-71,-46,nxg34r6zJ71NANzwrvbUHw+0gW4=,eREU1WcO40L7hRBJTh0DAQOQn6M=
-66,-47,nxg34r6zJ71NANzwrvbUHw+0gW4=,eREU1WcO40L7hRBJTh0DAQOQn6M=
-67,-47,nxg34r6zJ71NANzwrvbUHw+0gW4=,eREU1WcO40L7hRBJTh0DAQOQn6M=
-68,-47,nxg34r6zJ71NANzwrvbUHw+0gW4=,eREU1WcO40L7hRBJTh0DAQOQn6M=
-69,-47,nxg34r6zJ71NANzwrvbUHw+0gW4=,eREU1WcO40L7hRBJTh0DAQOQn6M=
-70,-47,nxg34r6zJ71NANzwrvbUHw+0gW4=,eREU1WcO40L7hRBJTh0DAQOQn6M=
-65,-47,nxg34r6zJ71NANzwrvbUHw+0gW4=,eREU1WcO40L7hRBJTh0DAQOQn6M=
-65,-46,nxg34r6zJ71NANzwrvbUHw+0gW4=,eREU1WcO40L7hRBJTh0DAQOQn6M=
-65,-45,nxg34r6zJ71NANzwrvbUHw+0gW4=,eREU1WcO40L7hRBJTh0DAQOQn6M=
-65,-44,nxg34r6zJ71NANzwrvbUHw+0gW4=,eREU1WcO40L7hRBJTh0DAQOQn6M=
-65,-43,nxg34r6zJ71NANzwrvbUHw+0gW4=,eREU1WcO40L7hRBJTh0DAQOQn6M=
-65,-42,nxg34r6zJ71NANzwrvbUHw+0gW4=,eREU1WcO40L7hRBJTh0DAQOQn6M=
-71,-48,nxg34r6zJ71NANzwrvbUHw+0gW4=,eREU1WcO40L7hRBJTh0DAQOQn6M=
-70,-48,nxg34r6zJ71NANzwrvbUHw+0gW4=,eREU1WcO40L7hRBJTh0DAQOQn6M=
-69,-48,nxg34r6zJ71NANzwrvbUHw+0gW4=,eREU1WcO40L7hRBJTh0DAQOQn6M=
-68,-48,nxg34r6zJ71NANzwrvbUHw+0gW4=,eREU1WcO40L7hRBJTh0DAQOQn6M=
-67,-48,nxg34r6zJ71NANzwrvbUHw+0gW4=,eREU1WcO40L7hRBJTh0DAQOQn6M=
-66,-48,nxg34r6zJ71NANzwrvbUHw+0gW4=,eREU1WcO40L7hRBJTh0DAQOQn6M=
-65,-48,nxg34r6zJ71NANzwrvbUHw+0gW4=,eREU1WcO40L7hRBJTh0DAQOQn6M=
-76,-43,nxg34r6zJ71NANzwrvbUHw+0gW4=,SLpYfgB0fUP3xKIYYA1H+OELlkk=
-77,-43,nxg34r6zJ71NANzwrvbUHw+0gW4=,SLpYfgB0fUP3xKIYYA1H+OELlkk=
-78,-43,nxg34r6zJ71NANzwrvbUHw+0gW4=,SLpYfgB0fUP3xKIYYA1H+OELlkk=
-79,-43,nxg34r6zJ71NANzwrvbUHw+0gW4=,SLpYfgB0fUP3xKIYYA1H+OELlkk=
-80,-43,nxg34r6zJ71NANzwrvbUHw+0gW4=,SLpYfgB0fUP3xKIYYA1H+OELlkk=
-73,-44,nxg34r6zJ71NANzwrvbUHw+0gW4=,SLpYfgB0fUP3xKIYYA1H+OELlkk=
-75,-43,nxg34r6zJ71NANzwrvbUHw+0gW4=,SLpYfgB0fUP3xKIYYA1H+OELlkk=
-74,-44,nxg34r6zJ71NANzwrvbUHw+0gW4=,SLpYfgB0fUP3xKIYYA1H+OELlkk=
-75,-44,nxg34r6zJ71NANzwrvbUHw+0gW4=,SLpYfgB0fUP3xKIYYA1H+OELlkk=
-76,-44,nxg34r6zJ71NANzwrvbUHw+0gW4=,SLpYfgB0fUP3xKIYYA1H+OELlkk=
-77,-44,nxg34r6zJ71NANzwrvbUHw+0gW4=,SLpYfgB0fUP3xKIYYA1H+OELlkk=
-78,-44,nxg34r6zJ71NANzwrvbUHw+0gW4=,SLpYfgB0fUP3xKIYYA1H+OELlkk=
-74,-43,nxg34r6zJ71NANzwrvbUHw+0gW4=,SLpYfgB0fUP3xKIYYA1H+OELlkk=
-79,-44,nxg34r6zJ71NANzwrvbUHw+0gW4=,SLpYfgB0fUP3xKIYYA1H+OELlkk=
-80,-44,nxg34r6zJ71NANzwrvbUHw+0gW4=,SLpYfgB0fUP3xKIYYA1H+OELlkk=
-73,-45,nxg34r6zJ71NANzwrvbUHw+0gW4=,SLpYfgB0fUP3xKIYYA1H+OELlkk=
-74,-45,nxg34r6zJ71NANzwrvbUHw+0gW4=,SLpYfgB0fUP3xKIYYA1H+OELlkk=
-73,-43,nxg34r6zJ71NANzwrvbUHw+0gW4=,SLpYfgB0fUP3xKIYYA1H+OELlkk=
-80,-42,nxg34r6zJ71NANzwrvbUHw+0gW4=,SLpYfgB0fUP3xKIYYA1H+OELlkk=
-79,-42,nxg34r6zJ71NANzwrvbUHw+0gW4=,SLpYfgB0fUP3xKIYYA1H+OELlkk=
-72,-48,nxg34r6zJ71NANzwrvbUHw+0gW4=,eREU1WcO40L7hRBJTh0DAQOQn6M=
-78,-42,nxg34r6zJ71NANzwrvbUHw+0gW4=,SLpYfgB0fUP3xKIYYA1H+OELlkk=
-75,-45,nxg34r6zJ71NANzwrvbUHw+0gW4=,SLpYfgB0fUP3xKIYYA1H+OELlkk=
-76,-45,nxg34r6zJ71NANzwrvbUHw+0gW4=,SLpYfgB0fUP3xKIYYA1H+OELlkk=
-77,-42,nxg34r6zJ71NANzwrvbUHw+0gW4=,SLpYfgB0fUP3xKIYYA1H+OELlkk=
-72,-47,nxg34r6zJ71NANzwrvbUHw+0gW4=,eREU1WcO40L7hRBJTh0DAQOQn6M=
-77,-45,nxg34r6zJ71NANzwrvbUHw+0gW4=,SLpYfgB0fUP3xKIYYA1H+OELlkk=
-78,-45,nxg34r6zJ71NANzwrvbUHw+0gW4=,SLpYfgB0fUP3xKIYYA1H+OELlkk=
-72,-42,nxg34r6zJ71NANzwrvbUHw+0gW4=,eREU1WcO40L7hRBJTh0DAQOQn6M=
-80,-45,nxg34r6zJ71NANzwrvbUHw+0gW4=,SLpYfgB0fUP3xKIYYA1H+OELlkk=
-79,-45,nxg34r6zJ71NANzwrvbUHw+0gW4=,SLpYfgB0fUP3xKIYYA1H+OELlkk=
-76,-42,nxg34r6zJ71NANzwrvbUHw+0gW4=,SLpYfgB0fUP3xKIYYA1H+OELlkk=
-73,-46,nxg34r6zJ71NANzwrvbUHw+0gW4=,SLpYfgB0fUP3xKIYYA1H+OELlkk=
-74,-46,nxg34r6zJ71NANzwrvbUHw+0gW4=,SLpYfgB0fUP3xKIYYA1H+OELlkk=
-72,-43,nxg34r6zJ71NANzwrvbUHw+0gW4=,eREU1WcO40L7hRBJTh0DAQOQn6M=
-75,-46,nxg34r6zJ71NANzwrvbUHw+0gW4=,SLpYfgB0fUP3xKIYYA1H+OELlkk=
-76,-46,nxg34r6zJ71NANzwrvbUHw+0gW4=,SLpYfgB0fUP3xKIYYA1H+OELlkk=
-77,-46,nxg34r6zJ71NANzwrvbUHw+0gW4=,SLpYfgB0fUP3xKIYYA1H+OELlkk=
-78,-46,nxg34r6zJ71NANzwrvbUHw+0gW4=,SLpYfgB0fUP3xKIYYA1H+OELlkk=
-79,-46,nxg34r6zJ71NANzwrvbUHw+0gW4=,SLpYfgB0fUP3xKIYYA1H+OELlkk=
-80,-46,nxg34r6zJ71NANzwrvbUHw+0gW4=,SLpYfgB0fUP3xKIYYA1H+OELlkk=
-75,-42,nxg34r6zJ71NANzwrvbUHw+0gW4=,SLpYfgB0fUP3xKIYYA1H+OELlkk=
-73,-47,nxg34r6zJ71NANzwrvbUHw+0gW4=,SLpYfgB0fUP3xKIYYA1H+OELlkk=
-74,-47,nxg34r6zJ71NANzwrvbUHw+0gW4=,SLpYfgB0fUP3xKIYYA1H+OELlkk=
-72,-44,nxg34r6zJ71NANzwrvbUHw+0gW4=,eREU1WcO40L7hRBJTh0DAQOQn6M=
-75,-47,nxg34r6zJ71NANzwrvbUHw+0gW4=,SLpYfgB0fUP3xKIYYA1H+OELlkk=
-76,-47,nxg34r6zJ71NANzwrvbUHw+0gW4=,SLpYfgB0fUP3xKIYYA1H+OELlkk=
-78,-47,nxg34r6zJ71NANzwrvbUHw+0gW4=,SLpYfgB0fUP3xKIYYA1H+OELlkk=
-77,-47,nxg34r6zJ71NANzwrvbUHw+0gW4=,SLpYfgB0fUP3xKIYYA1H+OELlkk=
-79,-47,nxg34r6zJ71NANzwrvbUHw+0gW4=,SLpYfgB0fUP3xKIYYA1H+OELlkk=
-80,-47,nxg34r6zJ71NANzwrvbUHw+0gW4=,SLpYfgB0fUP3xKIYYA1H+OELlkk=
-74,-42,nxg34r6zJ71NANzwrvbUHw+0gW4=,SLpYfgB0fUP3xKIYYA1H+OELlkk=
-72,-46,nxg34r6zJ71NANzwrvbUHw+0gW4=,eREU1WcO40L7hRBJTh0DAQOQn6M=
-80,-48,nxg34r6zJ71NANzwrvbUHw+0gW4=,SLpYfgB0fUP3xKIYYA1H+OELlkk=
-73,-48,nxg34r6zJ71NANzwrvbUHw+0gW4=,SLpYfgB0fUP3xKIYYA1H+OELlkk=
-74,-48,nxg34r6zJ71NANzwrvbUHw+0gW4=,SLpYfgB0fUP3xKIYYA1H+OELlkk=
-75,-48,nxg34r6zJ71NANzwrvbUHw+0gW4=,SLpYfgB0fUP3xKIYYA1H+OELlkk=
-72,-45,nxg34r6zJ71NANzwrvbUHw+0gW4=,eREU1WcO40L7hRBJTh0DAQOQn6M=
-76,-48,nxg34r6zJ71NANzwrvbUHw+0gW4=,SLpYfgB0fUP3xKIYYA1H+OELlkk=
-77,-48,nxg34r6zJ71NANzwrvbUHw+0gW4=,SLpYfgB0fUP3xKIYYA1H+OELlkk=
-78,-48,nxg34r6zJ71NANzwrvbUHw+0gW4=,SLpYfgB0fUP3xKIYYA1H+OELlkk=
-79,-48,nxg34r6zJ71NANzwrvbUHw+0gW4=,SLpYfgB0fUP3xKIYYA1H+OELlkk=
-73,-42,nxg34r6zJ71NANzwrvbUHw+0gW4=,SLpYfgB0fUP3xKIYYA1H+OELlkk=
-76,-37,nxg34r6zJ71NANzwrvbUHw+0gW4=,7UmAdjXPbyKy6KVwevqZfDTAa4A=
-75,-37,nxg34r6zJ71NANzwrvbUHw+0gW4=,7UmAdjXPbyKy6KVwevqZfDTAa4A=
-77,-37,nxg34r6zJ71NANzwrvbUHw+0gW4=,7UmAdjXPbyKy6KVwevqZfDTAa4A=
-74,-33,nxg34r6zJ71NANzwrvbUHw+0gW4=,7UmAdjXPbyKy6KVwevqZfDTAa4A=
-78,-37,nxg34r6zJ71NANzwrvbUHw+0gW4=,7UmAdjXPbyKy6KVwevqZfDTAa4A=
-74,-37,nxg34r6zJ71NANzwrvbUHw+0gW4=,7UmAdjXPbyKy6KVwevqZfDTAa4A=
-80,-36,nxg34r6zJ71NANzwrvbUHw+0gW4=,7UmAdjXPbyKy6KVwevqZfDTAa4A=
-79,-36,nxg34r6zJ71NANzwrvbUHw+0gW4=,7UmAdjXPbyKy6KVwevqZfDTAa4A=
-78,-36,nxg34r6zJ71NANzwrvbUHw+0gW4=,7UmAdjXPbyKy6KVwevqZfDTAa4A=
-77,-36,nxg34r6zJ71NANzwrvbUHw+0gW4=,7UmAdjXPbyKy6KVwevqZfDTAa4A=
-75,-36,nxg34r6zJ71NANzwrvbUHw+0gW4=,7UmAdjXPbyKy6KVwevqZfDTAa4A=
-76,-36,nxg34r6zJ71NANzwrvbUHw+0gW4=,7UmAdjXPbyKy6KVwevqZfDTAa4A=
-74,-36,nxg34r6zJ71NANzwrvbUHw+0gW4=,7UmAdjXPbyKy6KVwevqZfDTAa4A=
-80,-35,nxg34r6zJ71NANzwrvbUHw+0gW4=,7UmAdjXPbyKy6KVwevqZfDTAa4A=
-79,-35,nxg34r6zJ71NANzwrvbUHw+0gW4=,7UmAdjXPbyKy6KVwevqZfDTAa4A=
-80,-41,nxg34r6zJ71NANzwrvbUHw+0gW4=,SLpYfgB0fUP3xKIYYA1H+OELlkk=
-79,-41,nxg34r6zJ71NANzwrvbUHw+0gW4=,SLpYfgB0fUP3xKIYYA1H+OELlkk=
-78,-35,nxg34r6zJ71NANzwrvbUHw+0gW4=,7UmAdjXPbyKy6KVwevqZfDTAa4A=
-77,-35,nxg34r6zJ71NANzwrvbUHw+0gW4=,7UmAdjXPbyKy6KVwevqZfDTAa4A=
-76,-35,nxg34r6zJ71NANzwrvbUHw+0gW4=,7UmAdjXPbyKy6KVwevqZfDTAa4A=
-75,-35,nxg34r6zJ71NANzwrvbUHw+0gW4=,7UmAdjXPbyKy6KVwevqZfDTAa4A=
-78,-41,nxg34r6zJ71NANzwrvbUHw+0gW4=,SLpYfgB0fUP3xKIYYA1H+OELlkk=
-74,-35,nxg34r6zJ71NANzwrvbUHw+0gW4=,7UmAdjXPbyKy6KVwevqZfDTAa4A=
-80,-34,nxg34r6zJ71NANzwrvbUHw+0gW4=,7UmAdjXPbyKy6KVwevqZfDTAa4A=
-79,-34,nxg34r6zJ71NANzwrvbUHw+0gW4=,7UmAdjXPbyKy6KVwevqZfDTAa4A=
-78,-34,nxg34r6zJ71NANzwrvbUHw+0gW4=,7UmAdjXPbyKy6KVwevqZfDTAa4A=
-75,-33,nxg34r6zJ71NANzwrvbUHw+0gW4=,7UmAdjXPbyKy6KVwevqZfDTAa4A=
-79,-37,nxg34r6zJ71NANzwrvbUHw+0gW4=,7UmAdjXPbyKy6KVwevqZfDTAa4A=
-80,-37,nxg34r6zJ71NANzwrvbUHw+0gW4=,7UmAdjXPbyKy6KVwevqZfDTAa4A=
-76,-33,nxg34r6zJ71NANzwrvbUHw+0gW4=,7UmAdjXPbyKy6KVwevqZfDTAa4A=
-77,-41,nxg34r6zJ71NANzwrvbUHw+0gW4=,SLpYfgB0fUP3xKIYYA1H+OELlkk=
-74,-38,nxg34r6zJ71NANzwrvbUHw+0gW4=,7UmAdjXPbyKy6KVwevqZfDTAa4A=
-78,-38,nxg34r6zJ71NANzwrvbUHw+0gW4=,7UmAdjXPbyKy6KVwevqZfDTAa4A=
-79,-38,nxg34r6zJ71NANzwrvbUHw+0gW4=,7UmAdjXPbyKy6KVwevqZfDTAa4A=
-80,-38,nxg34r6zJ71NANzwrvbUHw+0gW4=,7UmAdjXPbyKy6KVwevqZfDTAa4A=
-76,-41,nxg34r6zJ71NANzwrvbUHw+0gW4=,SLpYfgB0fUP3xKIYYA1H+OELlkk=
-77,-34,nxg34r6zJ71NANzwrvbUHw+0gW4=,7UmAdjXPbyKy6KVwevqZfDTAa4A=
-76,-34,nxg34r6zJ71NANzwrvbUHw+0gW4=,7UmAdjXPbyKy6KVwevqZfDTAa4A=
-75,-34,nxg34r6zJ71NANzwrvbUHw+0gW4=,7UmAdjXPbyKy6KVwevqZfDTAa4A=
-74,-34,nxg34r6zJ71NANzwrvbUHw+0gW4=,7UmAdjXPbyKy6KVwevqZfDTAa4A=
-80,-33,nxg34r6zJ71NANzwrvbUHw+0gW4=,7UmAdjXPbyKy6KVwevqZfDTAa4A=
-77,-38,nxg34r6zJ71NANzwrvbUHw+0gW4=,7UmAdjXPbyKy6KVwevqZfDTAa4A=
-75,-38,nxg34r6zJ71NANzwrvbUHw+0gW4=,7UmAdjXPbyKy6KVwevqZfDTAa4A=
-76,-38,nxg34r6zJ71NANzwrvbUHw+0gW4=,7UmAdjXPbyKy6KVwevqZfDTAa4A=
-77,-33,nxg34r6zJ71NANzwrvbUHw+0gW4=,7UmAdjXPbyKy6KVwevqZfDTAa4A=
-76,-39,nxg34r6zJ71NANzwrvbUHw+0gW4=,7UmAdjXPbyKy6KVwevqZfDTAa4A=
-78,-33,nxg34r6zJ71NANzwrvbUHw+0gW4=,7UmAdjXPbyKy6KVwevqZfDTAa4A=
-75,-39,nxg34r6zJ71NANzwrvbUHw+0gW4=,7UmAdjXPbyKy6KVwevqZfDTAa4A=
-79,-33,nxg34r6zJ71NANzwrvbUHw+0gW4=,7UmAdjXPbyKy6KVwevqZfDTAa4A=
-75,-41,nxg34r6zJ71NANzwrvbUHw+0gW4=,SLpYfgB0fUP3xKIYYA1H+OELlkk=
-79,-39,nxg34r6zJ71NANzwrvbUHw+0gW4=,7UmAdjXPbyKy6KVwevqZfDTAa4A=
-77,-39,nxg34r6zJ71NANzwrvbUHw+0gW4=,7UmAdjXPbyKy6KVwevqZfDTAa4A=
-80,-39,nxg34r6zJ71NANzwrvbUHw+0gW4=,7UmAdjXPbyKy6KVwevqZfDTAa4A=
-74,-39,nxg34r6zJ71NANzwrvbUHw+0gW4=,7UmAdjXPbyKy6KVwevqZfDTAa4A=
-78,-39,nxg34r6zJ71NANzwrvbUHw+0gW4=,7UmAdjXPbyKy6KVwevqZfDTAa4A=
-74,-41,nxg34r6zJ71NANzwrvbUHw+0gW4=,SLpYfgB0fUP3xKIYYA1H+OELlkk=
-80,-40,nxg34r6zJ71NANzwrvbUHw+0gW4=,7UmAdjXPbyKy6KVwevqZfDTAa4A=
-78,-40,nxg34r6zJ71NANzwrvbUHw+0gW4=,7UmAdjXPbyKy6KVwevqZfDTAa4A=
-79,-40,nxg34r6zJ71NANzwrvbUHw+0gW4=,7UmAdjXPbyKy6KVwevqZfDTAa4A=
-75,-40,nxg34r6zJ71NANzwrvbUHw+0gW4=,7UmAdjXPbyKy6KVwevqZfDTAa4A=
-74,-40,nxg34r6zJ71NANzwrvbUHw+0gW4=,7UmAdjXPbyKy6KVwevqZfDTAa4A=
-76,-40,nxg34r6zJ71NANzwrvbUHw+0gW4=,7UmAdjXPbyKy6KVwevqZfDTAa4A=
-77,-40,nxg34r6zJ71NANzwrvbUHw+0gW4=,7UmAdjXPbyKy6KVwevqZfDTAa4A=
-73,-33,nxg34r6zJ71NANzwrvbUHw+0gW4=,7UmAdjXPbyKy6KVwevqZfDTAa4A=
-69,-33,nxg34r6zJ71NANzwrvbUHw+0gW4=,bZXTChokfK6vhaOBBNaXBAASGTg=
-69,-41,nxg34r6zJ71NANzwrvbUHw+0gW4=,eREU1WcO40L7hRBJTh0DAQOQn6M=
-73,-38,nxg34r6zJ71NANzwrvbUHw+0gW4=,7UmAdjXPbyKy6KVwevqZfDTAa4A=
-70,-33,nxg34r6zJ71NANzwrvbUHw+0gW4=,bZXTChokfK6vhaOBBNaXBAASGTg=
-68,-33,nxg34r6zJ71NANzwrvbUHw+0gW4=,bZXTChokfK6vhaOBBNaXBAASGTg=
-68,-41,nxg34r6zJ71NANzwrvbUHw+0gW4=,eREU1WcO40L7hRBJTh0DAQOQn6M=
-70,-41,nxg34r6zJ71NANzwrvbUHw+0gW4=,eREU1WcO40L7hRBJTh0DAQOQn6M=
-73,-39,nxg34r6zJ71NANzwrvbUHw+0gW4=,7UmAdjXPbyKy6KVwevqZfDTAa4A=
-71,-41,nxg34r6zJ71NANzwrvbUHw+0gW4=,eREU1WcO40L7hRBJTh0DAQOQn6M=
-67,-34,nxg34r6zJ71NANzwrvbUHw+0gW4=,bZXTChokfK6vhaOBBNaXBAASGTg=
-73,-37,nxg34r6zJ71NANzwrvbUHw+0gW4=,7UmAdjXPbyKy6KVwevqZfDTAa4A=
-65,-35,nxg34r6zJ71NANzwrvbUHw+0gW4=,bZXTChokfK6vhaOBBNaXBAASGTg=
-72,-41,nxg34r6zJ71NANzwrvbUHw+0gW4=,eREU1WcO40L7hRBJTh0DAQOQn6M=
-67,-33,nxg34r6zJ71NANzwrvbUHw+0gW4=,bZXTChokfK6vhaOBBNaXBAASGTg=
-72,-34,nxg34r6zJ71NANzwrvbUHw+0gW4=,bZXTChokfK6vhaOBBNaXBAASGTg=
-71,-36,nxg34r6zJ71NANzwrvbUHw+0gW4=,bZXTChokfK6vhaOBBNaXBAASGTg=
-72,-40,nxg34r6zJ71NANzwrvbUHw+0gW4=,bZXTChokfK6vhaOBBNaXBAASGTg=
-67,-41,nxg34r6zJ71NANzwrvbUHw+0gW4=,eREU1WcO40L7hRBJTh0DAQOQn6M=
-66,-36,nxg34r6zJ71NANzwrvbUHw+0gW4=,bZXTChokfK6vhaOBBNaXBAASGTg=
-69,-39,nxg34r6zJ71NANzwrvbUHw+0gW4=,bZXTChokfK6vhaOBBNaXBAASGTg=
-66,-35,nxg34r6zJ71NANzwrvbUHw+0gW4=,bZXTChokfK6vhaOBBNaXBAASGTg=
-68,-36,nxg34r6zJ71NANzwrvbUHw+0gW4=,bZXTChokfK6vhaOBBNaXBAASGTg=
-68,-34,nxg34r6zJ71NANzwrvbUHw+0gW4=,bZXTChokfK6vhaOBBNaXBAASGTg=
-67,-36,nxg34r6zJ71NANzwrvbUHw+0gW4=,bZXTChokfK6vhaOBBNaXBAASGTg=
-66,-33,nxg34r6zJ71NANzwrvbUHw+0gW4=,bZXTChokfK6vhaOBBNaXBAASGTg=
-71,-37,nxg34r6zJ71NANzwrvbUHw+0gW4=,bZXTChokfK6vhaOBBNaXBAASGTg=
-65,-33,nxg34r6zJ71NANzwrvbUHw+0gW4=,bZXTChokfK6vhaOBBNaXBAASGTg=
-69,-36,nxg34r6zJ71NANzwrvbUHw+0gW4=,bZXTChokfK6vhaOBBNaXBAASGTg=
-70,-36,nxg34r6zJ71NANzwrvbUHw+0gW4=,bZXTChokfK6vhaOBBNaXBAASGTg=
-72,-37,nxg34r6zJ71NANzwrvbUHw+0gW4=,bZXTChokfK6vhaOBBNaXBAASGTg=
-71,-33,nxg34r6zJ71NANzwrvbUHw+0gW4=,bZXTChokfK6vhaOBBNaXBAASGTg=
-70,-38,nxg34r6zJ71NANzwrvbUHw+0gW4=,bZXTChokfK6vhaOBBNaXBAASGTg=
-66,-41,nxg34r6zJ71NANzwrvbUHw+0gW4=,eREU1WcO40L7hRBJTh0DAQOQn6M=
-71,-38,nxg34r6zJ71NANzwrvbUHw+0gW4=,bZXTChokfK6vhaOBBNaXBAASGTg=
-67,-35,nxg34r6zJ71NANzwrvbUHw+0gW4=,bZXTChokfK6vhaOBBNaXBAASGTg=
-73,-40,nxg34r6zJ71NANzwrvbUHw+0gW4=,7UmAdjXPbyKy6KVwevqZfDTAa4A=
-68,-39,nxg34r6zJ71NANzwrvbUHw+0gW4=,bZXTChokfK6vhaOBBNaXBAASGTg=
-71,-34,nxg34r6zJ71NANzwrvbUHw+0gW4=,bZXTChokfK6vhaOBBNaXBAASGTg=
-68,-35,nxg34r6zJ71NANzwrvbUHw+0gW4=,bZXTChokfK6vhaOBBNaXBAASGTg=
-70,-35,nxg34r6zJ71NANzwrvbUHw+0gW4=,bZXTChokfK6vhaOBBNaXBAASGTg=
-65,-38,nxg34r6zJ71NANzwrvbUHw+0gW4=,bZXTChokfK6vhaOBBNaXBAASGTg=
-73,-34,nxg34r6zJ71NANzwrvbUHw+0gW4=,7UmAdjXPbyKy6KVwevqZfDTAa4A=
-72,-33,nxg34r6zJ71NANzwrvbUHw+0gW4=,bZXTChokfK6vhaOBBNaXBAASGTg=
-66,-38,nxg34r6zJ71NANzwrvbUHw+0gW4=,bZXTChokfK6vhaOBBNaXBAASGTg=
-69,-35,nxg34r6zJ71NANzwrvbUHw+0gW4=,bZXTChokfK6vhaOBBNaXBAASGTg=
-73,-35,nxg34r6zJ71NANzwrvbUHw+0gW4=,7UmAdjXPbyKy6KVwevqZfDTAa4A=
-73,-41,nxg34r6zJ71NANzwrvbUHw+0gW4=,SLpYfgB0fUP3xKIYYA1H+OELlkk=
-69,-34,nxg34r6zJ71NANzwrvbUHw+0gW4=,bZXTChokfK6vhaOBBNaXBAASGTg=
-65,-34,nxg34r6zJ71NANzwrvbUHw+0gW4=,bZXTChokfK6vhaOBBNaXBAASGTg=
-70,-37,nxg34r6zJ71NANzwrvbUHw+0gW4=,bZXTChokfK6vhaOBBNaXBAASGTg=
-67,-39,nxg34r6zJ71NANzwrvbUHw+0gW4=,bZXTChokfK6vhaOBBNaXBAASGTg=
-71,-35,nxg34r6zJ71NANzwrvbUHw+0gW4=,bZXTChokfK6vhaOBBNaXBAASGTg=
-70,-34,nxg34r6zJ71NANzwrvbUHw+0gW4=,bZXTChokfK6vhaOBBNaXBAASGTg=
-70,-40,nxg34r6zJ71NANzwrvbUHw+0gW4=,bZXTChokfK6vhaOBBNaXBAASGTg=
-72,-35,nxg34r6zJ71NANzwrvbUHw+0gW4=,bZXTChokfK6vhaOBBNaXBAASGTg=
-65,-41,nxg34r6zJ71NANzwrvbUHw+0gW4=,eREU1WcO40L7hRBJTh0DAQOQn6M=
-65,-40,nxg34r6zJ71NANzwrvbUHw+0gW4=,bZXTChokfK6vhaOBBNaXBAASGTg=
-66,-40,nxg34r6zJ71NANzwrvbUHw+0gW4=,bZXTChokfK6vhaOBBNaXBAASGTg=
-67,-40,nxg34r6zJ71NANzwrvbUHw+0gW4=,bZXTChokfK6vhaOBBNaXBAASGTg=
-67,-38,nxg34r6zJ71NANzwrvbUHw+0gW4=,bZXTChokfK6vhaOBBNaXBAASGTg=
-68,-38,nxg34r6zJ71NANzwrvbUHw+0gW4=,bZXTChokfK6vhaOBBNaXBAASGTg=
-69,-37,nxg34r6zJ71NANzwrvbUHw+0gW4=,bZXTChokfK6vhaOBBNaXBAASGTg=
-68,-40,nxg34r6zJ71NANzwrvbUHw+0gW4=,bZXTChokfK6vhaOBBNaXBAASGTg=
-70,-39,nxg34r6zJ71NANzwrvbUHw+0gW4=,bZXTChokfK6vhaOBBNaXBAASGTg=
-73,-36,nxg34r6zJ71NANzwrvbUHw+0gW4=,7UmAdjXPbyKy6KVwevqZfDTAa4A=
-71,-39,nxg34r6zJ71NANzwrvbUHw+0gW4=,bZXTChokfK6vhaOBBNaXBAASGTg=
-65,-36,nxg34r6zJ71NANzwrvbUHw+0gW4=,bZXTChokfK6vhaOBBNaXBAASGTg=
-72,-39,nxg34r6zJ71NANzwrvbUHw+0gW4=,bZXTChokfK6vhaOBBNaXBAASGTg=
-65,-37,nxg34r6zJ71NANzwrvbUHw+0gW4=,bZXTChokfK6vhaOBBNaXBAASGTg=
-65,-39,nxg34r6zJ71NANzwrvbUHw+0gW4=,bZXTChokfK6vhaOBBNaXBAASGTg=
-71,-40,nxg34r6zJ71NANzwrvbUHw+0gW4=,bZXTChokfK6vhaOBBNaXBAASGTg=
-72,-36,nxg34r6zJ71NANzwrvbUHw+0gW4=,bZXTChokfK6vhaOBBNaXBAASGTg=
-66,-39,nxg34r6zJ71NANzwrvbUHw+0gW4=,bZXTChokfK6vhaOBBNaXBAASGTg=
-68,-37,nxg34r6zJ71NANzwrvbUHw+0gW4=,bZXTChokfK6vhaOBBNaXBAASGTg=
-69,-38,nxg34r6zJ71NANzwrvbUHw+0gW4=,bZXTChokfK6vhaOBBNaXBAASGTg=
-67,-37,nxg34r6zJ71NANzwrvbUHw+0gW4=,bZXTChokfK6vhaOBBNaXBAASGTg=
-69,-40,nxg34r6zJ71NANzwrvbUHw+0gW4=,bZXTChokfK6vhaOBBNaXBAASGTg=
-66,-37,nxg34r6zJ71NANzwrvbUHw+0gW4=,bZXTChokfK6vhaOBBNaXBAASGTg=
-66,-34,nxg34r6zJ71NANzwrvbUHw+0gW4=,bZXTChokfK6vhaOBBNaXBAASGTg=
-72,-38,nxg34r6zJ71NANzwrvbUHw+0gW4=,bZXTChokfK6vhaOBBNaXBAASGTg=
-68,-61,nxg34r6zJ71NANzwrvbUHw+0gW4=,vU2LQk8zCk9wGabW5T/aJ+oFXUA=
-65,-57,nxg34r6zJ71NANzwrvbUHw+0gW4=,vU2LQk8zCk9wGabW5T/aJ+oFXUA=
-66,-62,nxg34r6zJ71NANzwrvbUHw+0gW4=,vU2LQk8zCk9wGabW5T/aJ+oFXUA=
-70,-63,nxg34r6zJ71NANzwrvbUHw+0gW4=,vU2LQk8zCk9wGabW5T/aJ+oFXUA=
-69,-61,nxg34r6zJ71NANzwrvbUHw+0gW4=,vU2LQk8zCk9wGabW5T/aJ+oFXUA=
-72,-62,nxg34r6zJ71NANzwrvbUHw+0gW4=,vU2LQk8zCk9wGabW5T/aJ+oFXUA=
-66,-57,nxg34r6zJ71NANzwrvbUHw+0gW4=,vU2LQk8zCk9wGabW5T/aJ+oFXUA=
-65,-62,nxg34r6zJ71NANzwrvbUHw+0gW4=,vU2LQk8zCk9wGabW5T/aJ+oFXUA=
-67,-57,nxg34r6zJ71NANzwrvbUHw+0gW4=,vU2LQk8zCk9wGabW5T/aJ+oFXUA=
-70,-61,nxg34r6zJ71NANzwrvbUHw+0gW4=,vU2LQk8zCk9wGabW5T/aJ+oFXUA=
-71,-61,nxg34r6zJ71NANzwrvbUHw+0gW4=,vU2LQk8zCk9wGabW5T/aJ+oFXUA=
-72,-61,nxg34r6zJ71NANzwrvbUHw+0gW4=,vU2LQk8zCk9wGabW5T/aJ+oFXUA=
-68,-57,nxg34r6zJ71NANzwrvbUHw+0gW4=,vU2LQk8zCk9wGabW5T/aJ+oFXUA=
-72,-64,nxg34r6zJ71NANzwrvbUHw+0gW4=,vU2LQk8zCk9wGabW5T/aJ+oFXUA=
-69,-64,nxg34r6zJ71NANzwrvbUHw+0gW4=,vU2LQk8zCk9wGabW5T/aJ+oFXUA=
-69,-57,nxg34r6zJ71NANzwrvbUHw+0gW4=,vU2LQk8zCk9wGabW5T/aJ+oFXUA=
-67,-61,nxg34r6zJ71NANzwrvbUHw+0gW4=,vU2LQk8zCk9wGabW5T/aJ+oFXUA=
-70,-57,nxg34r6zJ71NANzwrvbUHw+0gW4=,vU2LQk8zCk9wGabW5T/aJ+oFXUA=
-65,-63,nxg34r6zJ71NANzwrvbUHw+0gW4=,vU2LQk8zCk9wGabW5T/aJ+oFXUA=
-71,-62,nxg34r6zJ71NANzwrvbUHw+0gW4=,vU2LQk8zCk9wGabW5T/aJ+oFXUA=
-66,-63,nxg34r6zJ71NANzwrvbUHw+0gW4=,vU2LQk8zCk9wGabW5T/aJ+oFXUA=
-71,-57,nxg34r6zJ71NANzwrvbUHw+0gW4=,vU2LQk8zCk9wGabW5T/aJ+oFXUA=
-68,-64,nxg34r6zJ71NANzwrvbUHw+0gW4=,vU2LQk8zCk9wGabW5T/aJ+oFXUA=
-72,-57,nxg34r6zJ71NANzwrvbUHw+0gW4=,vU2LQk8zCk9wGabW5T/aJ+oFXUA=
-65,-58,nxg34r6zJ71NANzwrvbUHw+0gW4=,vU2LQk8zCk9wGabW5T/aJ+oFXUA=
-67,-64,nxg34r6zJ71NANzwrvbUHw+0gW4=,vU2LQk8zCk9wGabW5T/aJ+oFXUA=
-66,-58,nxg34r6zJ71NANzwrvbUHw+0gW4=,vU2LQk8zCk9wGabW5T/aJ+oFXUA=
-67,-62,nxg34r6zJ71NANzwrvbUHw+0gW4=,vU2LQk8zCk9wGabW5T/aJ+oFXUA=
-67,-58,nxg34r6zJ71NANzwrvbUHw+0gW4=,vU2LQk8zCk9wGabW5T/aJ+oFXUA=
-68,-58,nxg34r6zJ71NANzwrvbUHw+0gW4=,vU2LQk8zCk9wGabW5T/aJ+oFXUA=
-67,-63,nxg34r6zJ71NANzwrvbUHw+0gW4=,vU2LQk8zCk9wGabW5T/aJ+oFXUA=
-71,-63,nxg34r6zJ71NANzwrvbUHw+0gW4=,vU2LQk8zCk9wGabW5T/aJ+oFXUA=
-70,-58,nxg34r6zJ71NANzwrvbUHw+0gW4=,vU2LQk8zCk9wGabW5T/aJ+oFXUA=
-69,-58,nxg34r6zJ71NANzwrvbUHw+0gW4=,vU2LQk8zCk9wGabW5T/aJ+oFXUA=
-71,-58,nxg34r6zJ71NANzwrvbUHw+0gW4=,vU2LQk8zCk9wGabW5T/aJ+oFXUA=
-68,-62,nxg34r6zJ71NANzwrvbUHw+0gW4=,vU2LQk8zCk9wGabW5T/aJ+oFXUA=
-65,-59,nxg34r6zJ71NANzwrvbUHw+0gW4=,vU2LQk8zCk9wGabW5T/aJ+oFXUA=
-72,-58,nxg34r6zJ71NANzwrvbUHw+0gW4=,vU2LQk8zCk9wGabW5T/aJ+oFXUA=
-67,-59,nxg34r6zJ71NANzwrvbUHw+0gW4=,vU2LQk8zCk9wGabW5T/aJ+oFXUA=
-66,-59,nxg34r6zJ71NANzwrvbUHw+0gW4=,vU2LQk8zCk9wGabW5T/aJ+oFXUA=
-68,-59,nxg34r6zJ71NANzwrvbUHw+0gW4=,vU2LQk8zCk9wGabW5T/aJ+oFXUA=
-69,-59,nxg34r6zJ71NANzwrvbUHw+0gW4=,vU2LQk8zCk9wGabW5T/aJ+oFXUA=
-70,-59,nxg34r6zJ71NANzwrvbUHw+0gW4=,vU2LQk8zCk9wGabW5T/aJ+oFXUA=
-69,-62,nxg34r6zJ71NANzwrvbUHw+0gW4=,vU2LQk8zCk9wGabW5T/aJ+oFXUA=
-68,-63,nxg34r6zJ71NANzwrvbUHw+0gW4=,vU2LQk8zCk9wGabW5T/aJ+oFXUA=
-71,-59,nxg34r6zJ71NANzwrvbUHw+0gW4=,vU2LQk8zCk9wGabW5T/aJ+oFXUA=
-72,-59,nxg34r6zJ71NANzwrvbUHw+0gW4=,vU2LQk8zCk9wGabW5T/aJ+oFXUA=
-65,-60,nxg34r6zJ71NANzwrvbUHw+0gW4=,vU2LQk8zCk9wGabW5T/aJ+oFXUA=
-66,-60,nxg34r6zJ71NANzwrvbUHw+0gW4=,vU2LQk8zCk9wGabW5T/aJ+oFXUA=
-69,-63,nxg34r6zJ71NANzwrvbUHw+0gW4=,vU2LQk8zCk9wGabW5T/aJ+oFXUA=
-72,-63,nxg34r6zJ71NANzwrvbUHw+0gW4=,vU2LQk8zCk9wGabW5T/aJ+oFXUA=
-67,-60,nxg34r6zJ71NANzwrvbUHw+0gW4=,vU2LQk8zCk9wGabW5T/aJ+oFXUA=
-68,-60,nxg34r6zJ71NANzwrvbUHw+0gW4=,vU2LQk8zCk9wGabW5T/aJ+oFXUA=
-69,-60,nxg34r6zJ71NANzwrvbUHw+0gW4=,vU2LQk8zCk9wGabW5T/aJ+oFXUA=
-70,-60,nxg34r6zJ71NANzwrvbUHw+0gW4=,vU2LQk8zCk9wGabW5T/aJ+oFXUA=
-72,-60,nxg34r6zJ71NANzwrvbUHw+0gW4=,vU2LQk8zCk9wGabW5T/aJ+oFXUA=
-65,-61,nxg34r6zJ71NANzwrvbUHw+0gW4=,vU2LQk8zCk9wGabW5T/aJ+oFXUA=
-70,-64,nxg34r6zJ71NANzwrvbUHw+0gW4=,vU2LQk8zCk9wGabW5T/aJ+oFXUA=
-66,-61,nxg34r6zJ71NANzwrvbUHw+0gW4=,vU2LQk8zCk9wGabW5T/aJ+oFXUA=
-71,-60,nxg34r6zJ71NANzwrvbUHw+0gW4=,vU2LQk8zCk9wGabW5T/aJ+oFXUA=
-70,-62,nxg34r6zJ71NANzwrvbUHw+0gW4=,vU2LQk8zCk9wGabW5T/aJ+oFXUA=
-71,-64,nxg34r6zJ71NANzwrvbUHw+0gW4=,vU2LQk8zCk9wGabW5T/aJ+oFXUA=
-66,-64,nxg34r6zJ71NANzwrvbUHw+0gW4=,vU2LQk8zCk9wGabW5T/aJ+oFXUA=
-65,-64,nxg34r6zJ71NANzwrvbUHw+0gW4=,vU2LQk8zCk9wGabW5T/aJ+oFXUA=
