4,39,M8hxdsXvor2h/95/NYuExZguTh8=,UNvoN44e7juQZlgg+Xe5PVBGXIQ=
6,38,M8hxdsXvor2h/95/NYuExZguTh8=,UNvoN44e7juQZlgg+Xe5PVBGXIQ=
3,39,M8hxdsXvor2h/95/NYuExZguTh8=,UNvoN44e7juQZlgg+Xe5PVBGXIQ=
3,34,M8hxdsXvor2h/95/NYuExZguTh8=,UNvoN44e7juQZlgg+Xe5PVBGXIQ=
2,39,M8hxdsXvor2h/95/NYuExZguTh8=,UNvoN44e7juQZlgg+Xe5PVBGXIQ=
2,34,M8hxdsXvor2h/95/NYuExZguTh8=,UNvoN44e7juQZlgg+Xe5PVBGXIQ=
1,39,M8hxdsXvor2h/95/NYuExZguTh8=,UNvoN44e7juQZlgg+Xe5PVBGXIQ=
3,32,M8hxdsXvor2h/95/NYuExZguTh8=,UNvoN44e7juQZlgg+Xe5PVBGXIQ=
5,38,M8hxdsXvor2h/95/NYuExZguTh8=,UNvoN44e7juQZlgg+Xe5PVBGXIQ=
1,37,M8hxdsXvor2h/95/NYuExZguTh8=,UNvoN44e7juQZlgg+Xe5PVBGXIQ=
1,36,M8hxdsXvor2h/95/NYuExZguTh8=,UNvoN44e7juQZlgg+Xe5PVBGXIQ=
1,34,M8hxdsXvor2h/95/NYuExZguTh8=,UNvoN44e7juQZlgg+Xe5PVBGXIQ=
7,37,M8hxdsXvor2h/95/NYuExZguTh8=,UNvoN44e7juQZlgg+Xe5PVBGXIQ=
0,37,M8hxdsXvor2h/95/NYuExZguTh8=,UNvoN44e7juQZlgg+Xe5PVBGXIQ=
4,38,M8hxdsXvor2h/95/NYuExZguTh8=,UNvoN44e7juQZlgg+Xe5PVBGXIQ=
3,38,M8hxdsXvor2h/95/NYuExZguTh8=,UNvoN44e7juQZlgg+Xe5PVBGXIQ=
0,34,M8hxdsXvor2h/95/NYuExZguTh8=,UNvoN44e7juQZlgg+Xe5PVBGXIQ=
7,36,M8hxdsXvor2h/95/NYuExZguTh8=,UNvoN44e7juQZlgg+Xe5PVBGXIQ=
6,37,M8hxdsXvor2h/95/NYuExZguTh8=,UNvoN44e7juQZlgg+Xe5PVBGXIQ=
0,36,M8hxdsXvor2h/95/NYuExZguTh8=,UNvoN44e7juQZlgg+Xe5PVBGXIQ=
7,33,M8hxdsXvor2h/95/NYuExZguTh8=,UNvoN44e7juQZlgg+Xe5PVBGXIQ=
0,32,M8hxdsXvor2h/95/NYuExZguTh8=,UNvoN44e7juQZlgg+Xe5PVBGXIQ=
6,36,M8hxdsXvor2h/95/NYuExZguTh8=,UNvoN44e7juQZlgg+Xe5PVBGXIQ=
2,38,M8hxdsXvor2h/95/NYuExZguTh8=,UNvoN44e7juQZlgg+Xe5PVBGXIQ=
3,35,M8hxdsXvor2h/95/NYuExZguTh8=,UNvoN44e7juQZlgg+Xe5PVBGXIQ=
2,35,M8hxdsXvor2h/95/NYuExZguTh8=,UNvoN44e7juQZlgg+Xe5PVBGXIQ=
1,35,M8hxdsXvor2h/95/NYuExZguTh8=,UNvoN44e7juQZlgg+Xe5PVBGXIQ=
0,35,M8hxdsXvor2h/95/NYuExZguTh8=,UNvoN44e7juQZlgg+Xe5PVBGXIQ=
2,32,M8hxdsXvor2h/95/NYuExZguTh8=,UNvoN44e7juQZlgg+Xe5PVBGXIQ=
5,36,M8hxdsXvor2h/95/NYuExZguTh8=,UNvoN44e7juQZlgg+Xe5PVBGXIQ=
7,34,M8hxdsXvor2h/95/NYuExZguTh8=,UNvoN44e7juQZlgg+Xe5PVBGXIQ=
4,36,M8hxdsXvor2h/95/NYuExZguTh8=,UNvoN44e7juQZlgg+Xe5PVBGXIQ=
6,34,M8hxdsXvor2h/95/NYuExZguTh8=,UNvoN44e7juQZlgg+Xe5PVBGXIQ=
5,37,M8hxdsXvor2h/95/NYuExZguTh8=,UNvoN44e7juQZlgg+Xe5PVBGXIQ=
1,38,M8hxdsXvor2h/95/NYuExZguTh8=,UNvoN44e7juQZlgg+Xe5PVBGXIQ=
6,33,M8hxdsXvor2h/95/NYuExZguTh8=,UNvoN44e7juQZlgg+Xe5PVBGXIQ=
4,37,M8hxdsXvor2h/95/NYuExZguTh8=,UNvoN44e7juQZlgg+Xe5PVBGXIQ=
5,34,M8hxdsXvor2h/95/NYuExZguTh8=,UNvoN44e7juQZlgg+Xe5PVBGXIQ=
1,32,M8hxdsXvor2h/95/NYuExZguTh8=,UNvoN44e7juQZlgg+Xe5PVBGXIQ=
3,33,M8hxdsXvor2h/95/NYuExZguTh8=,UNvoN44e7juQZlgg+Xe5PVBGXIQ=
2,33,M8hxdsXvor2h/95/NYuExZguTh8=,UNvoN44e7juQZlgg+Xe5PVBGXIQ=
1,33,M8hxdsXvor2h/95/NYuExZguTh8=,UNvoN44e7juQZlgg+Xe5PVBGXIQ=
3,37,M8hxdsXvor2h/95/NYuExZguTh8=,UNvoN44e7juQZlgg+Xe5PVBGXIQ=
0,33,M8hxdsXvor2h/95/NYuExZguTh8=,UNvoN44e7juQZlgg+Xe5PVBGXIQ=
4,34,M8hxdsXvor2h/95/NYuExZguTh8=,UNvoN44e7juQZlgg+Xe5PVBGXIQ=
7,32,M8hxdsXvor2h/95/NYuExZguTh8=,UNvoN44e7juQZlgg+Xe5PVBGXIQ=
7,35,M8hxdsXvor2h/95/NYuExZguTh8=,UNvoN44e7juQZlgg+Xe5PVBGXIQ=
2,37,M8hxdsXvor2h/95/NYuExZguTh8=,UNvoN44e7juQZlgg+Xe5PVBGXIQ=
6,32,M8hxdsXvor2h/95/NYuExZguTh8=,UNvoN44e7juQZlgg+Xe5PVBGXIQ=
5,32,M8hxdsXvor2h/95/NYuExZguTh8=,UNvoN44e7juQZlgg+Xe5PVBGXIQ=
5,33,M8hxdsXvor2h/95/NYuExZguTh8=,UNvoN44e7juQZlgg+Xe5PVBGXIQ=
3,36,M8hxdsXvor2h/95/NYuExZguTh8=,UNvoN44e7juQZlgg+Xe5PVBGXIQ=
6,35,M8hxdsXvor2h/95/NYuExZguTh8=,UNvoN44e7juQZlgg+Xe5PVBGXIQ=
5,35,M8hxdsXvor2h/95/NYuExZguTh8=,UNvoN44e7juQZlgg+Xe5PVBGXIQ=
2,36,M8hxdsXvor2h/95/NYuExZguTh8=,UNvoN44e7juQZlgg+Xe5PVBGXIQ=
0,38,M8hxdsXvor2h/95/NYuExZguTh8=,UNvoN44e7juQZlgg+Xe5PVBGXIQ=
4,32,M8hxdsXvor2h/95/NYuExZguTh8=,UNvoN44e7juQZlgg+Xe5PVBGXIQ=
0,39,M8hxdsXvor2h/95/NYuExZguTh8=,UNvoN44e7juQZlgg+Xe5PVBGXIQ=
7,38,M8hxdsXvor2h/95/NYuExZguTh8=,UNvoN44e7juQZlgg+Xe5PVBGXIQ=
7,39,M8hxdsXvor2h/95/NYuExZguTh8=,UNvoN44e7juQZlgg+Xe5PVBGXIQ=
4,33,M8hxdsXvor2h/95/NYuExZguTh8=,UNvoN44e7juQZlgg+Xe5PVBGXIQ=
6,39,M8hxdsXvor2h/95/NYuExZguTh8=,UNvoN44e7juQZlgg+Xe5PVBGXIQ=
4,35,M8hxdsXvor2h/95/NYuExZguTh8=,UNvoN44e7juQZlgg+Xe5PVBGXIQ=
5,39,M8hxdsXvor2h/95/NYuExZguTh8=,UNvoN44e7juQZlgg+Xe5PVBGXIQ=
12,63,M8hxdsXvor2h/95/NYuExZguTh8=,dbs+fpsbSyDZf/wxFX9tN/jBKt8=
13,63,M8hxdsXvor2h/95/NYuExZguTh8=,dbs+fpsbSyDZf/wxFX9tN/jBKt8=
14,63,JiyI3Sx5meMh/eVbwBKLgga9Idk=,dbs+fpsbSyDZf/wxFX9tN/jBKt8=
11,63,JiyI3Sx5meMh/eVbwBKLgga9Idk=,dbs+fpsbSyDZf/wxFX9tN/jBKt8=
10,63,JiyI3Sx5meMh/eVbwBKLgga9Idk=,dbs+fpsbSyDZf/wxFX9tN/jBKt8=
9,63,JiyI3Sx5meMh/eVbwBKLgga9Idk=,dbs+fpsbSyDZf/wxFX9tN/jBKt8=
15,62,JiyI3Sx5meMh/eVbwBKLgga9Idk=,dbs+fpsbSyDZf/wxFX9tN/jBKt8=
14,62,JiyI3Sx5meMh/eVbwBKLgga9Idk=,dbs+fpsbSyDZf/wxFX9tN/jBKt8=
13,62,JiyI3Sx5meMh/eVbwBKLgga9Idk=,dbs+fpsbSyDZf/wxFX9tN/jBKt8=
12,62,JiyI3Sx5meMh/eVbwBKLgga9Idk=,dbs+fpsbSyDZf/wxFX9tN/jBKt8=
11,62,JiyI3Sx5meMh/eVbwBKLgga9Idk=,dbs+fpsbSyDZf/wxFX9tN/jBKt8=
9,62,JiyI3Sx5meMh/eVbwBKLgga9Idk=,dbs+fpsbSyDZf/wxFX9tN/jBKt8=
10,62,JiyI3Sx5meMh/eVbwBKLgga9Idk=,dbs+fpsbSyDZf/wxFX9tN/jBKt8=
15,61,JiyI3Sx5meMh/eVbwBKLgga9Idk=,dbs+fpsbSyDZf/wxFX9tN/jBKt8=
13,61,JiyI3Sx5meMh/eVbwBKLgga9Idk=,dbs+fpsbSyDZf/wxFX9tN/jBKt8=
12,61,JiyI3Sx5meMh/eVbwBKLgga9Idk=,dbs+fpsbSyDZf/wxFX9tN/jBKt8=
14,61,JiyI3Sx5meMh/eVbwBKLgga9Idk=,dbs+fpsbSyDZf/wxFX9tN/jBKt8=
11,61,JiyI3Sx5meMh/eVbwBKLgga9Idk=,dbs+fpsbSyDZf/wxFX9tN/jBKt8=
10,61,JiyI3Sx5meMh/eVbwBKLgga9Idk=,dbs+fpsbSyDZf/wxFX9tN/jBKt8=
9,61,JiyI3Sx5meMh/eVbwBKLgga9Idk=,dbs+fpsbSyDZf/wxFX9tN/jBKt8=
15,60,JiyI3Sx5meMh/eVbwBKLgga9Idk=,dbs+fpsbSyDZf/wxFX9tN/jBKt8=
14,60,JiyI3Sx5meMh/eVbwBKLgga9Idk=,dbs+fpsbSyDZf/wxFX9tN/jBKt8=
13,60,JiyI3Sx5meMh/eVbwBKLgga9Idk=,dbs+fpsbSyDZf/wxFX9tN/jBKt8=
12,60,JiyI3Sx5meMh/eVbwBKLgga9Idk=,dbs+fpsbSyDZf/wxFX9tN/jBKt8=
11,60,JiyI3Sx5meMh/eVbwBKLgga9Idk=,dbs+fpsbSyDZf/wxFX9tN/jBKt8=
10,60,JiyI3Sx5meMh/eVbwBKLgga9Idk=,dbs+fpsbSyDZf/wxFX9tN/jBKt8=
9,60,JiyI3Sx5meMh/eVbwBKLgga9Idk=,dbs+fpsbSyDZf/wxFX9tN/jBKt8=
15,59,JiyI3Sx5meMh/eVbwBKLgga9Idk=,dbs+fpsbSyDZf/wxFX9tN/jBKt8=
14,59,JiyI3Sx5meMh/eVbwBKLgga9Idk=,dbs+fpsbSyDZf/wxFX9tN/jBKt8=
13,59,JiyI3Sx5meMh/eVbwBKLgga9Idk=,dbs+fpsbSyDZf/wxFX9tN/jBKt8=
12,59,JiyI3Sx5meMh/eVbwBKLgga9Idk=,dbs+fpsbSyDZf/wxFX9tN/jBKt8=
11,59,JiyI3Sx5meMh/eVbwBKLgga9Idk=,dbs+fpsbSyDZf/wxFX9tN/jBKt8=
10,59,JiyI3Sx5meMh/eVbwBKLgga9Idk=,dbs+fpsbSyDZf/wxFX9tN/jBKt8=
9,59,JiyI3Sx5meMh/eVbwBKLgga9Idk=,dbs+fpsbSyDZf/wxFX9tN/jBKt8=
15,58,JiyI3Sx5meMh/eVbwBKLgga9Idk=,dbs+fpsbSyDZf/wxFX9tN/jBKt8=
14,58,JiyI3Sx5meMh/eVbwBKLgga9Idk=,dbs+fpsbSyDZf/wxFX9tN/jBKt8=
12,58,JiyI3Sx5meMh/eVbwBKLgga9Idk=,dbs+fpsbSyDZf/wxFX9tN/jBKt8=
13,58,JiyI3Sx5meMh/eVbwBKLgga9Idk=,dbs+fpsbSyDZf/wxFX9tN/jBKt8=
11,58,JiyI3Sx5meMh/eVbwBKLgga9Idk=,dbs+fpsbSyDZf/wxFX9tN/jBKt8=
9,58,JiyI3Sx5meMh/eVbwBKLgga9Idk=,dbs+fpsbSyDZf/wxFX9tN/jBKt8=
10,58,JiyI3Sx5meMh/eVbwBKLgga9Idk=,dbs+fpsbSyDZf/wxFX9tN/jBKt8=
15,57,JiyI3Sx5meMh/eVbwBKLgga9Idk=,dbs+fpsbSyDZf/wxFX9tN/jBKt8=
13,57,JiyI3Sx5meMh/eVbwBKLgga9Idk=,dbs+fpsbSyDZf/wxFX9tN/jBKt8=
14,57,JiyI3Sx5meMh/eVbwBKLgga9Idk=,dbs+fpsbSyDZf/wxFX9tN/jBKt8=
12,57,JiyI3Sx5meMh/eVbwBKLgga9Idk=,dbs+fpsbSyDZf/wxFX9tN/jBKt8=
11,57,JiyI3Sx5meMh/eVbwBKLgga9Idk=,dbs+fpsbSyDZf/wxFX9tN/jBKt8=
10,57,JiyI3Sx5meMh/eVbwBKLgga9Idk=,dbs+fpsbSyDZf/wxFX9tN/jBKt8=
9,57,JiyI3Sx5meMh/eVbwBKLgga9Idk=,dbs+fpsbSyDZf/wxFX9tN/jBKt8=
15,56,JiyI3Sx5meMh/eVbwBKLgga9Idk=,dbs+fpsbSyDZf/wxFX9tN/jBKt8=
15,63,JiyI3Sx5meMh/eVbwBKLgga9Idk=,dbs+fpsbSyDZf/wxFX9tN/jBKt8=
14,56,JiyI3Sx5meMh/eVbwBKLgga9Idk=,dbs+fpsbSyDZf/wxFX9tN/jBKt8=
13,56,JiyI3Sx5meMh/eVbwBKLgga9Idk=,dbs+fpsbSyDZf/wxFX9tN/jBKt8=
12,56,JiyI3Sx5meMh/eVbwBKLgga9Idk=,dbs+fpsbSyDZf/wxFX9tN/jBKt8=
11,56,JiyI3Sx5meMh/eVbwBKLgga9Idk=,dbs+fpsbSyDZf/wxFX9tN/jBKt8=
10,56,JiyI3Sx5meMh/eVbwBKLgga9Idk=,dbs+fpsbSyDZf/wxFX9tN/jBKt8=
9,56,JiyI3Sx5meMh/eVbwBKLgga9Idk=,dbs+fpsbSyDZf/wxFX9tN/jBKt8=
3,59,JiyI3Sx5meMh/eVbwBKLgga9Idk=,GEVspYZD6ihLGctpWQ/jeForzTs=
6,58,JiyI3Sx5meMh/eVbwBKLgga9Idk=,GEVspYZD6ihLGctpWQ/jeForzTs=
7,58,JiyI3Sx5meMh/eVbwBKLgga9Idk=,GEVspYZD6ihLGctpWQ/jeForzTs=
4,59,JiyI3Sx5meMh/eVbwBKLgga9Idk=,GEVspYZD6ihLGctpWQ/jeForzTs=
5,59,JiyI3Sx5meMh/eVbwBKLgga9Idk=,GEVspYZD6ihLGctpWQ/jeForzTs=
0,59,JiyI3Sx5meMh/eVbwBKLgga9Idk=,GEVspYZD6ihLGctpWQ/jeForzTs=
7,63,JiyI3Sx5meMh/eVbwBKLgga9Idk=,GEVspYZD6ihLGctpWQ/jeForzTs=
8,63,JiyI3Sx5meMh/eVbwBKLgga9Idk=,dbs+fpsbSyDZf/wxFX9tN/jBKt8=
2,59,JiyI3Sx5meMh/eVbwBKLgga9Idk=,GEVspYZD6ihLGctpWQ/jeForzTs=
6,63,JiyI3Sx5meMh/eVbwBKLgga9Idk=,GEVspYZD6ihLGctpWQ/jeForzTs=
1,59,JiyI3Sx5meMh/eVbwBKLgga9Idk=,GEVspYZD6ihLGctpWQ/jeForzTs=
6,59,JiyI3Sx5meMh/eVbwBKLgga9Idk=,GEVspYZD6ihLGctpWQ/jeForzTs=
0,56,JiyI3Sx5meMh/eVbwBKLgga9Idk=,GEVspYZD6ihLGctpWQ/jeForzTs=
2,57,JiyI3Sx5meMh/eVbwBKLgga9Idk=,GEVspYZD6ihLGctpWQ/jeForzTs=
8,56,JiyI3Sx5meMh/eVbwBKLgga9Idk=,dbs+fpsbSyDZf/wxFX9tN/jBKt8=
1,56,JiyI3Sx5meMh/eVbwBKLgga9Idk=,GEVspYZD6ihLGctpWQ/jeForzTs=
4,56,JiyI3Sx5meMh/eVbwBKLgga9Idk=,GEVspYZD6ihLGctpWQ/jeForzTs=
0,58,JiyI3Sx5meMh/eVbwBKLgga9Idk=,GEVspYZD6ihLGctpWQ/jeForzTs=
7,59,JiyI3Sx5meMh/eVbwBKLgga9Idk=,GEVspYZD6ihLGctpWQ/jeForzTs=
0,60,JiyI3Sx5meMh/eVbwBKLgga9Idk=,GEVspYZD6ihLGctpWQ/jeForzTs=
1,60,JiyI3Sx5meMh/eVbwBKLgga9Idk=,GEVspYZD6ihLGctpWQ/jeForzTs=
2,60,JiyI3Sx5meMh/eVbwBKLgga9Idk=,GEVspYZD6ihLGctpWQ/jeForzTs=
8,62,JiyI3Sx5meMh/eVbwBKLgga9Idk=,dbs+fpsbSyDZf/wxFX9tN/jBKt8=
8,57,JiyI3Sx5meMh/eVbwBKLgga9Idk=,dbs+fpsbSyDZf/wxFX9tN/jBKt8=
5,58,JiyI3Sx5meMh/eVbwBKLgga9Idk=,GEVspYZD6ihLGctpWQ/jeForzTs=
3,60,JiyI3Sx5meMh/eVbwBKLgga9Idk=,GEVspYZD6ihLGctpWQ/jeForzTs=
1,58,JiyI3Sx5meMh/eVbwBKLgga9Idk=,GEVspYZD6ihLGctpWQ/jeForzTs=
2,58,JiyI3Sx5meMh/eVbwBKLgga9Idk=,GEVspYZD6ihLGctpWQ/jeForzTs=
4,60,JiyI3Sx5meMh/eVbwBKLgga9Idk=,GEVspYZD6ihLGctpWQ/jeForzTs=
3,57,JiyI3Sx5meMh/eVbwBKLgga9Idk=,GEVspYZD6ihLGctpWQ/jeForzTs=
2,56,JiyI3Sx5meMh/eVbwBKLgga9Idk=,GEVspYZD6ihLGctpWQ/jeForzTs=
5,63,JiyI3Sx5meMh/eVbwBKLgga9Idk=,GEVspYZD6ihLGctpWQ/jeForzTs=
3,63,JiyI3Sx5meMh/eVbwBKLgga9Idk=,GEVspYZD6ihLGctpWQ/jeForzTs=
4,63,JiyI3Sx5meMh/eVbwBKLgga9Idk=,GEVspYZD6ihLGctpWQ/jeForzTs=
7,57,JiyI3Sx5meMh/eVbwBKLgga9Idk=,GEVspYZD6ihLGctpWQ/jeForzTs=
1,57,JiyI3Sx5meMh/eVbwBKLgga9Idk=,GEVspYZD6ihLGctpWQ/jeForzTs=
2,63,JiyI3Sx5meMh/eVbwBKLgga9Idk=,GEVspYZD6ihLGctpWQ/jeForzTs=
8,61,JiyI3Sx5meMh/eVbwBKLgga9Idk=,dbs+fpsbSyDZf/wxFX9tN/jBKt8=
1,63,JiyI3Sx5meMh/eVbwBKLgga9Idk=,GEVspYZD6ihLGctpWQ/jeForzTs=
0,57,JiyI3Sx5meMh/eVbwBKLgga9Idk=,GEVspYZD6ihLGctpWQ/jeForzTs=
6,57,JiyI3Sx5meMh/eVbwBKLgga9Idk=,GEVspYZD6ihLGctpWQ/jeForzTs=
0,63,JiyI3Sx5meMh/eVbwBKLgga9Idk=,GEVspYZD6ihLGctpWQ/jeForzTs=
8,60,JiyI3Sx5meMh/eVbwBKLgga9Idk=,dbs+fpsbSyDZf/wxFX9tN/jBKt8=
7,56,JiyI3Sx5meMh/eVbwBKLgga9Idk=,GEVspYZD6ihLGctpWQ/jeForzTs=
5,57,JiyI3Sx5meMh/eVbwBKLgga9Idk=,GEVspYZD6ihLGctpWQ/jeForzTs=
3,56,JiyI3Sx5meMh/eVbwBKLgga9Idk=,GEVspYZD6ihLGctpWQ/jeForzTs=
7,62,JiyI3Sx5meMh/eVbwBKLgga9Idk=,GEVspYZD6ihLGctpWQ/jeForzTs=
6,62,JiyI3Sx5meMh/eVbwBKLgga9Idk=,GEVspYZD6ihLGctpWQ/jeForzTs=
8,59,JiyI3Sx5meMh/eVbwBKLgga9Idk=,dbs+fpsbSyDZf/wxFX9tN/jBKt8=
5,62,JiyI3Sx5meMh/eVbwBKLgga9Idk=,GEVspYZD6ihLGctpWQ/jeForzTs=
3,62,JiyI3Sx5meMh/eVbwBKLgga9Idk=,GEVspYZD6ihLGctpWQ/jeForzTs=
2,62,JiyI3Sx5meMh/eVbwBKLgga9Idk=,GEVspYZD6ihLGctpWQ/jeForzTs=
6,56,JiyI3Sx5meMh/eVbwBKLgga9Idk=,GEVspYZD6ihLGctpWQ/jeForzTs=
4,58,JiyI3Sx5meMh/eVbwBKLgga9Idk=,GEVspYZD6ihLGctpWQ/jeForzTs=
1,62,JiyI3Sx5meMh/eVbwBKLgga9Idk=,GEVspYZD6ihLGctpWQ/jeForzTs=
4,57,JiyI3Sx5meMh/eVbwBKLgga9Idk=,GEVspYZD6ihLGctpWQ/jeForzTs=
0,62,JiyI3Sx5meMh/eVbwBKLgga9Idk=,GEVspYZD6ihLGctpWQ/jeForzTs=
4,62,JiyI3Sx5meMh/eVbwBKLgga9Idk=,GEVspYZD6ihLGctpWQ/jeForzTs=
5,60,JiyI3Sx5meMh/eVbwBKLgga9Idk=,GEVspYZD6ihLGctpWQ/jeForzTs=
5,56,JiyI3Sx5meMh/eVbwBKLgga9Idk=,GEVspYZD6ihLGctpWQ/jeForzTs=
6,61,JiyI3Sx5meMh/eVbwBKLgga9Idk=,GEVspYZD6ihLGctpWQ/jeForzTs=
7,61,JiyI3Sx5meMh/eVbwBKLgga9Idk=,GEVspYZD6ihLGctpWQ/jeForzTs=
5,61,JiyI3Sx5meMh/eVbwBKLgga9Idk=,GEVspYZD6ihLGctpWQ/jeForzTs=
8,58,JiyI3Sx5meMh/eVbwBKLgga9Idk=,dbs+fpsbSyDZf/wxFX9tN/jBKt8=
3,61,JiyI3Sx5meMh/eVbwBKLgga9Idk=,GEVspYZD6ihLGctpWQ/jeForzTs=
2,61,JiyI3Sx5meMh/eVbwBKLgga9Idk=,GEVspYZD6ihLGctpWQ/jeForzTs=
3,58,JiyI3Sx5meMh/eVbwBKLgga9Idk=,GEVspYZD6ihLGctpWQ/jeForzTs=
1,61,JiyI3Sx5meMh/eVbwBKLgga9Idk=,GEVspYZD6ihLGctpWQ/jeForzTs=
0,61,JiyI3Sx5meMh/eVbwBKLgga9Idk=,GEVspYZD6ihLGctpWQ/jeForzTs=
7,60,JiyI3Sx5meMh/eVbwBKLgga9Idk=,GEVspYZD6ihLGctpWQ/jeForzTs=
6,60,JiyI3Sx5meMh/eVbwBKLgga9Idk=,GEVspYZD6ihLGctpWQ/jeForzTs=
4,61,JiyI3Sx5meMh/eVbwBKLgga9Idk=,GEVspYZD6ihLGctpWQ/jeForzTs=
