-4,-75,uVXsHFZH1XyHTKr/wgtE+cB26uI=,Pgmn66W6sRuzc8FpOt8gYrpqJEI=
-5,-75,uVXsHFZH1XyHTKr/wgtE+cB26uI=,Pgmn66W6sRuzc8FpOt8gYrpqJEI=
-6,-75,uVXsHFZH1XyHTKr/wgtE+cB26uI=,Pgmn66W6sRuzc8FpOt8gYrpqJEI=
-8,-75,uVXsHFZH1XyHTKr/wgtE+cB26uI=,Pgmn66W6sRuzc8FpOt8gYrpqJEI=
-7,-75,uVXsHFZH1XyHTKr/wgtE+cB26uI=,Pgmn66W6sRuzc8FpOt8gYrpqJEI=
-2,-76,uVXsHFZH1XyHTKr/wgtE+cB26uI=,Pgmn66W6sRuzc8FpOt8gYrpqJEI=
-3,-76,uVXsHFZH1XyHTKr/wgtE+cB26uI=,Pgmn66W6sRuzc8FpOt8gYrpqJEI=
-5,-76,uVXsHFZH1XyHTKr/wgtE+cB26uI=,Pgmn66W6sRuzc8FpOt8gYrpqJEI=
-4,-76,uVXsHFZH1XyHTKr/wgtE+cB26uI=,Pgmn66W6sRuzc8FpOt8gYrpqJEI=
-6,-76,uVXsHFZH1XyHTKr/wgtE+cB26uI=,Pgmn66W6sRuzc8FpOt8gYrpqJEI=
-7,-76,uVXsHFZH1XyHTKr/wgtE+cB26uI=,Pgmn66W6sRuzc8FpOt8gYrpqJEI=
-2,-77,uVXsHFZH1XyHTKr/wgtE+cB26uI=,Pgmn66W6sRuzc8FpOt8gYrpqJEI=
-3,-77,uVXsHFZH1XyHTKr/wgtE+cB26uI=,Pgmn66W6sRuzc8FpOt8gYrpqJEI=
-8,-76,uVXsHFZH1XyHTKr/wgtE+cB26uI=,Pgmn66W6sRuzc8FpOt8gYrpqJEI=
-1,-77,uVXsHFZH1XyHTKr/wgtE+cB26uI=,Pgmn66W6sRuzc8FpOt8gYrpqJEI=
-4,-77,uVXsHFZH1XyHTKr/wgtE+cB26uI=,Pgmn66W6sRuzc8FpOt8gYrpqJEI=
-5,-77,uVXsHFZH1XyHTKr/wgtE+cB26uI=,Pgmn66W6sRuzc8FpOt8gYrpqJEI=
-1,-76,uVXsHFZH1XyHTKr/wgtE+cB26uI=,Pgmn66W6sRuzc8FpOt8gYrpqJEI=
-6,-77,uVXsHFZH1XyHTKr/wgtE+cB26uI=,Pgmn66W6sRuzc8FpOt8gYrpqJEI=
-7,-77,uVXsHFZH1XyHTKr/wgtE+cB26uI=,Pgmn66W6sRuzc8FpOt8gYrpqJEI=
-2,-78,uVXsHFZH1XyHTKr/wgtE+cB26uI=,Pgmn66W6sRuzc8FpOt8gYrpqJEI=
-8,-77,uVXsHFZH1XyHTKr/wgtE+cB26uI=,Pgmn66W6sRuzc8FpOt8gYrpqJEI=
-3,-78,uVXsHFZH1XyHTKr/wgtE+cB26uI=,Pgmn66W6sRuzc8FpOt8gYrpqJEI=
-4,-78,uVXsHFZH1XyHTKr/wgtE+cB26uI=,Pgmn66W6sRuzc8FpOt8gYrpqJEI=
-5,-78,uVXsHFZH1XyHTKr/wgtE+cB26uI=,Pgmn66W6sRuzc8FpOt8gYrpqJEI=
-6,-78,uVXsHFZH1XyHTKr/wgtE+cB26uI=,Pgmn66W6sRuzc8FpOt8gYrpqJEI=
-7,-78,uVXsHFZH1XyHTKr/wgtE+cB26uI=,Pgmn66W6sRuzc8FpOt8gYrpqJEI=
-8,-78,uVXsHFZH1XyHTKr/wgtE+cB26uI=,Pgmn66W6sRuzc8FpOt8gYrpqJEI=
-2,-79,uVXsHFZH1XyHTKr/wgtE+cB26uI=,Pgmn66W6sRuzc8FpOt8gYrpqJEI=
-3,-79,uVXsHFZH1XyHTKr/wgtE+cB26uI=,Pgmn66W6sRuzc8FpOt8gYrpqJEI=
-4,-79,uVXsHFZH1XyHTKr/wgtE+cB26uI=,Pgmn66W6sRuzc8FpOt8gYrpqJEI=
-5,-79,uVXsHFZH1XyHTKr/wgtE+cB26uI=,Pgmn66W6sRuzc8FpOt8gYrpqJEI=
-6,-79,uVXsHFZH1XyHTKr/wgtE+cB26uI=,Pgmn66W6sRuzc8FpOt8gYrpqJEI=
-1,-78,uVXsHFZH1XyHTKr/wgtE+cB26uI=,Pgmn66W6sRuzc8FpOt8gYrpqJEI=
-7,-79,uVXsHFZH1XyHTKr/wgtE+cB26uI=,Pgmn66W6sRuzc8FpOt8gYrpqJEI=
-1,-79,uVXsHFZH1XyHTKr/wgtE+cB26uI=,Pgmn66W6sRuzc8FpOt8gYrpqJEI=
-8,-79,uVXsHFZH1XyHTKr/wgtE+cB26uI=,Pgmn66W6sRuzc8FpOt8gYrpqJEI=
-2,-80,uVXsHFZH1XyHTKr/wgtE+cB26uI=,Pgmn66W6sRuzc8FpOt8gYrpqJEI=
-3,-80,uVXsHFZH1XyHTKr/wgtE+cB26uI=,Pgmn66W6sRuzc8FpOt8gYrpqJEI=
-4,-80,uVXsHFZH1XyHTKr/wgtE+cB26uI=,Pgmn66W6sRuzc8FpOt8gYrpqJEI=
-5,-80,uVXsHFZH1XyHTKr/wgtE+cB26uI=,Pgmn66W6sRuzc8FpOt8gYrpqJEI=
-6,-80,uVXsHFZH1XyHTKr/wgtE+cB26uI=,Pgmn66W6sRuzc8FpOt8gYrpqJEI=
-7,-80,uVXsHFZH1XyHTKr/wgtE+cB26uI=,Pgmn66W6sRuzc8FpOt8gYrpqJEI=
-2,-74,uVXsHFZH1XyHTKr/wgtE+cB26uI=,Pgmn66W6sRuzc8FpOt8gYrpqJEI=
-3,-74,uVXsHFZH1XyHTKr/wgtE+cB26uI=,Pgmn66W6sRuzc8FpOt8gYrpqJEI=
-8,-80,uVXsHFZH1XyHTKr/wgtE+cB26uI=,Pgmn66W6sRuzc8FpOt8gYrpqJEI=
-5,-74,uVXsHFZH1XyHTKr/wgtE+cB26uI=,Pgmn66W6sRuzc8FpOt8gYrpqJEI=
-1,-80,uVXsHFZH1XyHTKr/wgtE+cB26uI=,Pgmn66W6sRuzc8FpOt8gYrpqJEI=
-4,-74,uVXsHFZH1XyHTKr/wgtE+cB26uI=,Pgmn66W6sRuzc8FpOt8gYrpqJEI=
-6,-74,uVXsHFZH1XyHTKr/wgtE+cB26uI=,Pgmn66W6sRuzc8FpOt8gYrpqJEI=
-7,-74,uVXsHFZH1XyHTKr/wgtE+cB26uI=,Pgmn66W6sRuzc8FpOt8gYrpqJEI=
-8,-74,uVXsHFZH1XyHTKr/wgtE+cB26uI=,Pgmn66W6sRuzc8FpOt8gYrpqJEI=
-2,-75,uVXsHFZH1XyHTKr/wgtE+cB26uI=,Pgmn66W6sRuzc8FpOt8gYrpqJEI=
-3,-75,uVXsHFZH1XyHTKr/wgtE+cB26uI=,Pgmn66W6sRuzc8FpOt8gYrpqJEI=
-1,-74,uVXsHFZH1XyHTKr/wgtE+cB26uI=,Pgmn66W6sRuzc8FpOt8gYrpqJEI=
-1,-75,uVXsHFZH1XyHTKr/wgtE+cB26uI=,Pgmn66W6sRuzc8FpOt8gYrpqJEI=
-2,-68,uVXsHFZH1XyHTKr/wgtE+cB26uI=,BRFG7U10Qp2qypILtGWOhGPPjNg=
-4,-67,uVXsHFZH1XyHTKr/wgtE+cB26uI=,BRFG7U10Qp2qypILtGWOhGPPjNg=
-4,-65,uVXsHFZH1XyHTKr/wgtE+cB26uI=,BRFG7U10Qp2qypILtGWOhGPPjNg=
-2,-69,uVXsHFZH1XyHTKr/wgtE+cB26uI=,BRFG7U10Qp2qypILtGWOhGPPjNg=
-3,-65,uVXsHFZH1XyHTKr/wgtE+cB26uI=,BRFG7U10Qp2qypILtGWOhGPPjNg=
-5,-67,uVXsHFZH1XyHTKr/wgtE+cB26uI=,BRFG7U10Qp2qypILtGWOhGPPjNg=
-6,-67,uVXsHFZH1XyHTKr/wgtE+cB26uI=,BRFG7U10Qp2qypILtGWOhGPPjNg=
-3,-68,uVXsHFZH1XyHTKr/wgtE+cB26uI=,BRFG7U10Qp2qypILtGWOhGPPjNg=
-7,-67,uVXsHFZH1XyHTKr/wgtE+cB26uI=,BRFG7U10Qp2qypILtGWOhGPPjNg=
-5,-65,uVXsHFZH1XyHTKr/wgtE+cB26uI=,BRFG7U10Qp2qypILtGWOhGPPjNg=
-4,-72,uVXsHFZH1XyHTKr/wgtE+cB26uI=,BRFG7U10Qp2qypILtGWOhGPPjNg=
-8,-69,uVXsHFZH1XyHTKr/wgtE+cB26uI=,BRFG7U10Qp2qypILtGWOhGPPjNg=
-8,-70,uVXsHFZH1XyHTKr/wgtE+cB26uI=,BRFG7U10Qp2qypILtGWOhGPPjNg=
-8,-67,uVXsHFZH1XyHTKr/wgtE+cB26uI=,BRFG7U10Qp2qypILtGWOhGPPjNg=
-1,-69,uVXsHFZH1XyHTKr/wgtE+cB26uI=,BRFG7U10Qp2qypILtGWOhGPPjNg=
-7,-69,uVXsHFZH1XyHTKr/wgtE+cB26uI=,BRFG7U10Qp2qypILtGWOhGPPjNg=
-6,-65,uVXsHFZH1XyHTKr/wgtE+cB26uI=,BRFG7U10Qp2qypILtGWOhGPPjNg=
-2,-65,uVXsHFZH1XyHTKr/wgtE+cB26uI=,BRFG7U10Qp2qypILtGWOhGPPjNg=
-8,-68,uVXsHFZH1XyHTKr/wgtE+cB26uI=,BRFG7U10Qp2qypILtGWOhGPPjNg=
-7,-68,uVXsHFZH1XyHTKr/wgtE+cB26uI=,BRFG7U10Qp2qypILtGWOhGPPjNg=
-3,-67,uVXsHFZH1XyHTKr/wgtE+cB26uI=,BRFG7U10Qp2qypILtGWOhGPPjNg=
-8,-72,uVXsHFZH1XyHTKr/wgtE+cB26uI=,BRFG7U10Qp2qypILtGWOhGPPjNg=
-7,-70,uVXsHFZH1XyHTKr/wgtE+cB26uI=,BRFG7U10Qp2qypILtGWOhGPPjNg=
-4,-68,uVXsHFZH1XyHTKr/wgtE+cB26uI=,BRFG7U10Qp2qypILtGWOhGPPjNg=
-7,-65,uVXsHFZH1XyHTKr/wgtE+cB26uI=,BRFG7U10Qp2qypILtGWOhGPPjNg=
-2,-70,uVXsHFZH1XyHTKr/wgtE+cB26uI=,BRFG7U10Qp2qypILtGWOhGPPjNg=
-5,-68,uVXsHFZH1XyHTKr/wgtE+cB26uI=,BRFG7U10Qp2qypILtGWOhGPPjNg=
-2,-71,uVXsHFZH1XyHTKr/wgtE+cB26uI=,BRFG7U10Qp2qypILtGWOhGPPjNg=
-3,-70,uVXsHFZH1XyHTKr/wgtE+cB26uI=,BRFG7U10Qp2qypILtGWOhGPPjNg=
-3,-71,uVXsHFZH1XyHTKr/wgtE+cB26uI=,BRFG7U10Qp2qypILtGWOhGPPjNg=
-8,-65,uVXsHFZH1XyHTKr/wgtE+cB26uI=,BRFG7U10Qp2qypILtGWOhGPPjNg=
-1,-68,uVXsHFZH1XyHTKr/wgtE+cB26uI=,BRFG7U10Qp2qypILtGWOhGPPjNg=
-2,-66,uVXsHFZH1XyHTKr/wgtE+cB26uI=,BRFG7U10Qp2qypILtGWOhGPPjNg=
-4,-70,uVXsHFZH1XyHTKr/wgtE+cB26uI=,BRFG7U10Qp2qypILtGWOhGPPjNg=
-3,-66,uVXsHFZH1XyHTKr/wgtE+cB26uI=,BRFG7U10Qp2qypILtGWOhGPPjNg=
-4,-66,uVXsHFZH1XyHTKr/wgtE+cB26uI=,BRFG7U10Qp2qypILtGWOhGPPjNg=
-5,-66,uVXsHFZH1XyHTKr/wgtE+cB26uI=,BRFG7U10Qp2qypILtGWOhGPPjNg=
-6,-66,uVXsHFZH1XyHTKr/wgtE+cB26uI=,BRFG7U10Qp2qypILtGWOhGPPjNg=
-7,-66,uVXsHFZH1XyHTKr/wgtE+cB26uI=,BRFG7U10Qp2qypILtGWOhGPPjNg=
-5,-70,uVXsHFZH1XyHTKr/wgtE+cB26uI=,BRFG7U10Qp2qypILtGWOhGPPjNg=
-5,-72,uVXsHFZH1XyHTKr/wgtE+cB26uI=,BRFG7U10Qp2qypILtGWOhGPPjNg=
-8,-66,uVXsHFZH1XyHTKr/wgtE+cB26uI=,BRFG7U10Qp2qypILtGWOhGPPjNg=
-6,-68,uVXsHFZH1XyHTKr/wgtE+cB26uI=,BRFG7U10Qp2qypILtGWOhGPPjNg=
-1,-66,uVXsHFZH1XyHTKr/wgtE+cB26uI=,BRFG7U10Qp2qypILtGWOhGPPjNg=
-4,-69,uVXsHFZH1XyHTKr/wgtE+cB26uI=,BRFG7U10Qp2qypILtGWOhGPPjNg=
-3,-69,uVXsHFZH1XyHTKr/wgtE+cB26uI=,BRFG7U10Qp2qypILtGWOhGPPjNg=
-4,-71,uVXsHFZH1XyHTKr/wgtE+cB26uI=,BRFG7U10Qp2qypILtGWOhGPPjNg=
-6,-72,uVXsHFZH1XyHTKr/wgtE+cB26uI=,BRFG7U10Qp2qypILtGWOhGPPjNg=
-6,-70,uVXsHFZH1XyHTKr/wgtE+cB26uI=,BRFG7U10Qp2qypILtGWOhGPPjNg=
-1,-65,uVXsHFZH1XyHTKr/wgtE+cB26uI=,BRFG7U10Qp2qypILtGWOhGPPjNg=
-6,-69,uVXsHFZH1XyHTKr/wgtE+cB26uI=,BRFG7U10Qp2qypILtGWOhGPPjNg=
-2,-67,uVXsHFZH1XyHTKr/wgtE+cB26uI=,BRFG7U10Qp2qypILtGWOhGPPjNg=
-5,-71,uVXsHFZH1XyHTKr/wgtE+cB26uI=,BRFG7U10Qp2qypILtGWOhGPPjNg=
-7,-72,uVXsHFZH1XyHTKr/wgtE+cB26uI=,BRFG7U10Qp2qypILtGWOhGPPjNg=
-3,-72,uVXsHFZH1XyHTKr/wgtE+cB26uI=,BRFG7U10Qp2qypILtGWOhGPPjNg=
-2,-72,uVXsHFZH1XyHTKr/wgtE+cB26uI=,BRFG7U10Qp2qypILtGWOhGPPjNg=
-1,-67,uVXsHFZH1XyHTKr/wgtE+cB26uI=,BRFG7U10Qp2qypILtGWOhGPPjNg=
-5,-69,uVXsHFZH1XyHTKr/wgtE+cB26uI=,BRFG7U10Qp2qypILtGWOhGPPjNg=
-2,-73,uVXsHFZH1XyHTKr/wgtE+cB26uI=,Pgmn66W6sRuzc8FpOt8gYrpqJEI=
-3,-73,uVXsHFZH1XyHTKr/wgtE+cB26uI=,Pgmn66W6sRuzc8FpOt8gYrpqJEI=
-4,-73,uVXsHFZH1XyHTKr/wgtE+cB26uI=,Pgmn66W6sRuzc8FpOt8gYrpqJEI=
-5,-73,uVXsHFZH1XyHTKr/wgtE+cB26uI=,Pgmn66W6sRuzc8FpOt8gYrpqJEI=
-1,-70,uVXsHFZH1XyHTKr/wgtE+cB26uI=,BRFG7U10Qp2qypILtGWOhGPPjNg=
-6,-73,uVXsHFZH1XyHTKr/wgtE+cB26uI=,Pgmn66W6sRuzc8FpOt8gYrpqJEI=
-7,-73,uVXsHFZH1XyHTKr/wgtE+cB26uI=,Pgmn66W6sRuzc8FpOt8gYrpqJEI=
-6,-71,uVXsHFZH1XyHTKr/wgtE+cB26uI=,BRFG7U10Qp2qypILtGWOhGPPjNg=
-7,-71,uVXsHFZH1XyHTKr/wgtE+cB26uI=,BRFG7U10Qp2qypILtGWOhGPPjNg=
-8,-73,uVXsHFZH1XyHTKr/wgtE+cB26uI=,Pgmn66W6sRuzc8FpOt8gYrpqJEI=
-1,-72,uVXsHFZH1XyHTKr/wgtE+cB26uI=,BRFG7U10Qp2qypILtGWOhGPPjNg=
-1,-71,uVXsHFZH1XyHTKr/wgtE+cB26uI=,BRFG7U10Qp2qypILtGWOhGPPjNg=
-1,-73,uVXsHFZH1XyHTKr/wgtE+cB26uI=,Pgmn66W6sRuzc8FpOt8gYrpqJEI=
-8,-71,uVXsHFZH1XyHTKr/wgtE+cB26uI=,BRFG7U10Qp2qypILtGWOhGPPjNg=
-5,-93,uVXsHFZH1XyHTKr/wgtE+cB26uI=,6vvTg1q5MhiIwcdnEin0yGjNvDE=
-4,-93,uVXsHFZH1XyHTKr/wgtE+cB26uI=,6vvTg1q5MhiIwcdnEin0yGjNvDE=
-3,-93,uVXsHFZH1XyHTKr/wgtE+cB26uI=,6vvTg1q5MhiIwcdnEin0yGjNvDE=
-2,-93,uVXsHFZH1XyHTKr/wgtE+cB26uI=,6vvTg1q5MhiIwcdnEin0yGjNvDE=
-7,-92,uVXsHFZH1XyHTKr/wgtE+cB26uI=,6vvTg1q5MhiIwcdnEin0yGjNvDE=
-6,-92,uVXsHFZH1XyHTKr/wgtE+cB26uI=,6vvTg1q5MhiIwcdnEin0yGjNvDE=
-5,-92,uVXsHFZH1XyHTKr/wgtE+cB26uI=,6vvTg1q5MhiIwcdnEin0yGjNvDE=
-7,-95,uVXsHFZH1XyHTKr/wgtE+cB26uI=,6vvTg1q5MhiIwcdnEin0yGjNvDE=
-6,-95,uVXsHFZH1XyHTKr/wgtE+cB26uI=,6vvTg1q5MhiIwcdnEin0yGjNvDE=
-4,-92,uVXsHFZH1XyHTKr/wgtE+cB26uI=,6vvTg1q5MhiIwcdnEin0yGjNvDE=
-5,-95,uVXsHFZH1XyHTKr/wgtE+cB26uI=,6vvTg1q5MhiIwcdnEin0yGjNvDE=
-3,-92,uVXsHFZH1XyHTKr/wgtE+cB26uI=,6vvTg1q5MhiIwcdnEin0yGjNvDE=
-2,-92,uVXsHFZH1XyHTKr/wgtE+cB26uI=,6vvTg1q5MhiIwcdnEin0yGjNvDE=
-4,-95,uVXsHFZH1XyHTKr/wgtE+cB26uI=,6vvTg1q5MhiIwcdnEin0yGjNvDE=
-7,-91,uVXsHFZH1XyHTKr/wgtE+cB26uI=,6vvTg1q5MhiIwcdnEin0yGjNvDE=
-6,-91,uVXsHFZH1XyHTKr/wgtE+cB26uI=,6vvTg1q5MhiIwcdnEin0yGjNvDE=
-3,-95,uVXsHFZH1XyHTKr/wgtE+cB26uI=,6vvTg1q5MhiIwcdnEin0yGjNvDE=
-5,-91,uVXsHFZH1XyHTKr/wgtE+cB26uI=,6vvTg1q5MhiIwcdnEin0yGjNvDE=
-4,-91,uVXsHFZH1XyHTKr/wgtE+cB26uI=,6vvTg1q5MhiIwcdnEin0yGjNvDE=
-3,-91,uVXsHFZH1XyHTKr/wgtE+cB26uI=,6vvTg1q5MhiIwcdnEin0yGjNvDE=
-2,-91,uVXsHFZH1XyHTKr/wgtE+cB26uI=,6vvTg1q5MhiIwcdnEin0yGjNvDE=
-6,-93,uVXsHFZH1XyHTKr/wgtE+cB26uI=,6vvTg1q5MhiIwcdnEin0yGjNvDE=
-2,-95,uVXsHFZH1XyHTKr/wgtE+cB26uI=,6vvTg1q5MhiIwcdnEin0yGjNvDE=
-7,-93,uVXsHFZH1XyHTKr/wgtE+cB26uI=,6vvTg1q5MhiIwcdnEin0yGjNvDE=
-2,-94,uVXsHFZH1XyHTKr/wgtE+cB26uI=,6vvTg1q5MhiIwcdnEin0yGjNvDE=
-3,-94,uVXsHFZH1XyHTKr/wgtE+cB26uI=,6vvTg1q5MhiIwcdnEin0yGjNvDE=
-4,-94,uVXsHFZH1XyHTKr/wgtE+cB26uI=,6vvTg1q5MhiIwcdnEin0yGjNvDE=
-5,-94,uVXsHFZH1XyHTKr/wgtE+cB26uI=,6vvTg1q5MhiIwcdnEin0yGjNvDE=
-6,-94,uVXsHFZH1XyHTKr/wgtE+cB26uI=,6vvTg1q5MhiIwcdnEin0yGjNvDE=
-2,-90,uVXsHFZH1XyHTKr/wgtE+cB26uI=,6vvTg1q5MhiIwcdnEin0yGjNvDE=
-3,-90,uVXsHFZH1XyHTKr/wgtE+cB26uI=,6vvTg1q5MhiIwcdnEin0yGjNvDE=
-4,-90,uVXsHFZH1XyHTKr/wgtE+cB26uI=,6vvTg1q5MhiIwcdnEin0yGjNvDE=
-5,-90,uVXsHFZH1XyHTKr/wgtE+cB26uI=,6vvTg1q5MhiIwcdnEin0yGjNvDE=
-7,-94,uVXsHFZH1XyHTKr/wgtE+cB26uI=,6vvTg1q5MhiIwcdnEin0yGjNvDE=
-6,-90,uVXsHFZH1XyHTKr/wgtE+cB26uI=,6vvTg1q5MhiIwcdnEin0yGjNvDE=
-1,-93,uVXsHFZH1XyHTKr/wgtE+cB26uI=,6vvTg1q5MhiIwcdnEin0yGjNvDE=
-1,-92,uVXsHFZH1XyHTKr/wgtE+cB26uI=,6vvTg1q5MhiIwcdnEin0yGjNvDE=
-1,-91,uVXsHFZH1XyHTKr/wgtE+cB26uI=,6vvTg1q5MhiIwcdnEin0yGjNvDE=
-1,-95,uVXsHFZH1XyHTKr/wgtE+cB26uI=,6vvTg1q5MhiIwcdnEin0yGjNvDE=
-1,-90,uVXsHFZH1XyHTKr/wgtE+cB26uI=,6vvTg1q5MhiIwcdnEin0yGjNvDE=
-1,-94,uVXsHFZH1XyHTKr/wgtE+cB26uI=,6vvTg1q5MhiIwcdnEin0yGjNvDE=
-7,-90,uVXsHFZH1XyHTKr/wgtE+cB26uI=,6vvTg1q5MhiIwcdnEin0yGjNvDE=
-7,-96,uVXsHFZH1XyHTKr/wgtE+cB26uI=,6vvTg1q5MhiIwcdnEin0yGjNvDE=
-6,-96,uVXsHFZH1XyHTKr/wgtE+cB26uI=,6vvTg1q5MhiIwcdnEin0yGjNvDE=
-5,-96,uVXsHFZH1XyHTKr/wgtE+cB26uI=,6vvTg1q5MhiIwcdnEin0yGjNvDE=
-4,-96,uVXsHFZH1XyHTKr/wgtE+cB26uI=,6vvTg1q5MhiIwcdnEin0yGjNvDE=
-3,-96,uVXsHFZH1XyHTKr/wgtE+cB26uI=,6vvTg1q5MhiIwcdnEin0yGjNvDE=
-2,-96,uVXsHFZH1XyHTKr/wgtE+cB26uI=,6vvTg1q5MhiIwcdnEin0yGjNvDE=
-1,-96,uVXsHFZH1XyHTKr/wgtE+cB26uI=,6vvTg1q5MhiIwcdnEin0yGjNvDE=
-12,-85,uVXsHFZH1XyHTKr/wgtE+cB26uI=,mSMNhWErayW7cDeuyBE7ThVwW/0=
-13,-85,KN0YamdAXi0ONVtMcSHdT6MQ8B4=,mSMNhWErayW7cDeuyBE7ThVwW/0=
-14,-85,KN0YamdAXi0ONVtMcSHdT6MQ8B4=,mSMNhWErayW7cDeuyBE7ThVwW/0=
-10,-81,KN0YamdAXi0ONVtMcSHdT6MQ8B4=,mSMNhWErayW7cDeuyBE7ThVwW/0=
-15,-85,KN0YamdAXi0ONVtMcSHdT6MQ8B4=,mSMNhWErayW7cDeuyBE7ThVwW/0=
-11,-81,KN0YamdAXi0ONVtMcSHdT6MQ8B4=,mSMNhWErayW7cDeuyBE7ThVwW/0=
-10,-86,KN0YamdAXi0ONVtMcSHdT6MQ8B4=,mSMNhWErayW7cDeuyBE7ThVwW/0=
-16,-85,KN0YamdAXi0ONVtMcSHdT6MQ8B4=,mSMNhWErayW7cDeuyBE7ThVwW/0=
-12,-81,KN0YamdAXi0ONVtMcSHdT6MQ8B4=,mSMNhWErayW7cDeuyBE7ThVwW/0=
-13,-81,KN0YamdAXi0ONVtMcSHdT6MQ8B4=,mSMNhWErayW7cDeuyBE7ThVwW/0=
-14,-81,KN0YamdAXi0ONVtMcSHdT6MQ8B4=,mSMNhWErayW7cDeuyBE7ThVwW/0=
-11,-86,KN0YamdAXi0ONVtMcSHdT6MQ8B4=,mSMNhWErayW7cDeuyBE7ThVwW/0=
-16,-81,KN0YamdAXi0ONVtMcSHdT6MQ8B4=,mSMNhWErayW7cDeuyBE7ThVwW/0=
-15,-81,KN0YamdAXi0ONVtMcSHdT6MQ8B4=,mSMNhWErayW7cDeuyBE7ThVwW/0=
-12,-93,KN0YamdAXi0ONVtMcSHdT6MQ8B4=,PMpDum32TDKUK35ZTiFxmzPvJnw=
-11,-93,KN0YamdAXi0ONVtMcSHdT6MQ8B4=,PMpDum32TDKUK35ZTiFxmzPvJnw=
-10,-93,KN0YamdAXi0ONVtMcSHdT6MQ8B4=,PMpDum32TDKUK35ZTiFxmzPvJnw=
-8,-92,KN0YamdAXi0ONVtMcSHdT6MQ8B4=,6vvTg1q5MhiIwcdnEin0yGjNvDE=
-9,-93,KN0YamdAXi0ONVtMcSHdT6MQ8B4=,PMpDum32TDKUK35ZTiFxmzPvJnw=
-13,-93,KN0YamdAXi0ONVtMcSHdT6MQ8B4=,PMpDum32TDKUK35ZTiFxmzPvJnw=
-14,-93,KN0YamdAXi0ONVtMcSHdT6MQ8B4=,PMpDum32TDKUK35ZTiFxmzPvJnw=
-12,-86,KN0YamdAXi0ONVtMcSHdT6MQ8B4=,mSMNhWErayW7cDeuyBE7ThVwW/0=
-8,-93,KN0YamdAXi0ONVtMcSHdT6MQ8B4=,6vvTg1q5MhiIwcdnEin0yGjNvDE=
-11,-89,KN0YamdAXi0ONVtMcSHdT6MQ8B4=,PMpDum32TDKUK35ZTiFxmzPvJnw=
-16,-92,KN0YamdAXi0ONVtMcSHdT6MQ8B4=,PMpDum32TDKUK35ZTiFxmzPvJnw=
-15,-93,KN0YamdAXi0ONVtMcSHdT6MQ8B4=,PMpDum32TDKUK35ZTiFxmzPvJnw=
-15,-92,KN0YamdAXi0ONVtMcSHdT6MQ8B4=,PMpDum32TDKUK35ZTiFxmzPvJnw=
-8,-96,KN0YamdAXi0ONVtMcSHdT6MQ8B4=,6vvTg1q5MhiIwcdnEin0yGjNvDE=
-14,-92,KN0YamdAXi0ONVtMcSHdT6MQ8B4=,PMpDum32TDKUK35ZTiFxmzPvJnw=
-12,-92,KN0YamdAXi0ONVtMcSHdT6MQ8B4=,PMpDum32TDKUK35ZTiFxmzPvJnw=
-8,-95,KN0YamdAXi0ONVtMcSHdT6MQ8B4=,6vvTg1q5MhiIwcdnEin0yGjNvDE=
-16,-96,KN0YamdAXi0ONVtMcSHdT6MQ8B4=,PMpDum32TDKUK35ZTiFxmzPvJnw=
-15,-96,KN0YamdAXi0ONVtMcSHdT6MQ8B4=,PMpDum32TDKUK35ZTiFxmzPvJnw=
-13,-96,KN0YamdAXi0ONVtMcSHdT6MQ8B4=,PMpDum32TDKUK35ZTiFxmzPvJnw=
-14,-96,KN0YamdAXi0ONVtMcSHdT6MQ8B4=,PMpDum32TDKUK35ZTiFxmzPvJnw=
-12,-96,KN0YamdAXi0ONVtMcSHdT6MQ8B4=,PMpDum32TDKUK35ZTiFxmzPvJnw=
-11,-96,KN0YamdAXi0ONVtMcSHdT6MQ8B4=,PMpDum32TDKUK35ZTiFxmzPvJnw=
-10,-96,KN0YamdAXi0ONVtMcSHdT6MQ8B4=,PMpDum32TDKUK35ZTiFxmzPvJnw=
-11,-92,KN0YamdAXi0ONVtMcSHdT6MQ8B4=,PMpDum32TDKUK35ZTiFxmzPvJnw=
-13,-92,KN0YamdAXi0ONVtMcSHdT6MQ8B4=,PMpDum32TDKUK35ZTiFxmzPvJnw=
-13,-86,KN0YamdAXi0ONVtMcSHdT6MQ8B4=,mSMNhWErayW7cDeuyBE7ThVwW/0=
-10,-92,KN0YamdAXi0ONVtMcSHdT6MQ8B4=,PMpDum32TDKUK35ZTiFxmzPvJnw=
-16,-93,KN0YamdAXi0ONVtMcSHdT6MQ8B4=,PMpDum32TDKUK35ZTiFxmzPvJnw=
-10,-89,KN0YamdAXi0ONVtMcSHdT6MQ8B4=,PMpDum32TDKUK35ZTiFxmzPvJnw=
-9,-94,KN0YamdAXi0ONVtMcSHdT6MQ8B4=,PMpDum32TDKUK35ZTiFxmzPvJnw=
-15,-86,KN0YamdAXi0ONVtMcSHdT6MQ8B4=,mSMNhWErayW7cDeuyBE7ThVwW/0=
-10,-82,KN0YamdAXi0ONVtMcSHdT6MQ8B4=,mSMNhWErayW7cDeuyBE7ThVwW/0=
-10,-94,KN0YamdAXi0ONVtMcSHdT6MQ8B4=,PMpDum32TDKUK35ZTiFxmzPvJnw=
-11,-82,KN0YamdAXi0ONVtMcSHdT6MQ8B4=,mSMNhWErayW7cDeuyBE7ThVwW/0=
-11,-94,KN0YamdAXi0ONVtMcSHdT6MQ8B4=,PMpDum32TDKUK35ZTiFxmzPvJnw=
-16,-88,KN0YamdAXi0ONVtMcSHdT6MQ8B4=,mSMNhWErayW7cDeuyBE7ThVwW/0=
-16,-86,KN0YamdAXi0ONVtMcSHdT6MQ8B4=,mSMNhWErayW7cDeuyBE7ThVwW/0=
-13,-82,KN0YamdAXi0ONVtMcSHdT6MQ8B4=,mSMNhWErayW7cDeuyBE7ThVwW/0=
-12,-82,KN0YamdAXi0ONVtMcSHdT6MQ8B4=,mSMNhWErayW7cDeuyBE7ThVwW/0=
-12,-89,KN0YamdAXi0ONVtMcSHdT6MQ8B4=,PMpDum32TDKUK35ZTiFxmzPvJnw=
-15,-88,KN0YamdAXi0ONVtMcSHdT6MQ8B4=,mSMNhWErayW7cDeuyBE7ThVwW/0=
-9,-92,KN0YamdAXi0ONVtMcSHdT6MQ8B4=,PMpDum32TDKUK35ZTiFxmzPvJnw=
-14,-89,KN0YamdAXi0ONVtMcSHdT6MQ8B4=,PMpDum32TDKUK35ZTiFxmzPvJnw=
-14,-82,KN0YamdAXi0ONVtMcSHdT6MQ8B4=,mSMNhWErayW7cDeuyBE7ThVwW/0=
-12,-94,KN0YamdAXi0ONVtMcSHdT6MQ8B4=,PMpDum32TDKUK35ZTiFxmzPvJnw=
-13,-89,KN0YamdAXi0ONVtMcSHdT6MQ8B4=,PMpDum32TDKUK35ZTiFxmzPvJnw=
-13,-94,KN0YamdAXi0ONVtMcSHdT6MQ8B4=,PMpDum32TDKUK35ZTiFxmzPvJnw=
-10,-87,KN0YamdAXi0ONVtMcSHdT6MQ8B4=,mSMNhWErayW7cDeuyBE7ThVwW/0=
-14,-86,KN0YamdAXi0ONVtMcSHdT6MQ8B4=,mSMNhWErayW7cDeuyBE7ThVwW/0=
-14,-94,KN0YamdAXi0ONVtMcSHdT6MQ8B4=,PMpDum32TDKUK35ZTiFxmzPvJnw=
-16,-89,KN0YamdAXi0ONVtMcSHdT6MQ8B4=,PMpDum32TDKUK35ZTiFxmzPvJnw=
-15,-89,KN0YamdAXi0ONVtMcSHdT6MQ8B4=,PMpDum32TDKUK35ZTiFxmzPvJnw=
-9,-90,KN0YamdAXi0ONVtMcSHdT6MQ8B4=,PMpDum32TDKUK35ZTiFxmzPvJnw=
-15,-82,KN0YamdAXi0ONVtMcSHdT6MQ8B4=,mSMNhWErayW7cDeuyBE7ThVwW/0=
-14,-88,KN0YamdAXi0ONVtMcSHdT6MQ8B4=,mSMNhWErayW7cDeuyBE7ThVwW/0=
-11,-90,KN0YamdAXi0ONVtMcSHdT6MQ8B4=,PMpDum32TDKUK35ZTiFxmzPvJnw=
-15,-94,KN0YamdAXi0ONVtMcSHdT6MQ8B4=,PMpDum32TDKUK35ZTiFxmzPvJnw=
-12,-90,KN0YamdAXi0ONVtMcSHdT6MQ8B4=,PMpDum32TDKUK35ZTiFxmzPvJnw=
-10,-90,KN0YamdAXi0ONVtMcSHdT6MQ8B4=,PMpDum32TDKUK35ZTiFxmzPvJnw=
-13,-90,KN0YamdAXi0ONVtMcSHdT6MQ8B4=,PMpDum32TDKUK35ZTiFxmzPvJnw=
-11,-87,KN0YamdAXi0ONVtMcSHdT6MQ8B4=,mSMNhWErayW7cDeuyBE7ThVwW/0=
-12,-87,KN0YamdAXi0ONVtMcSHdT6MQ8B4=,mSMNhWErayW7cDeuyBE7ThVwW/0=
-16,-82,KN0YamdAXi0ONVtMcSHdT6MQ8B4=,mSMNhWErayW7cDeuyBE7ThVwW/0=
-16,-91,KN0YamdAXi0ONVtMcSHdT6MQ8B4=,PMpDum32TDKUK35ZTiFxmzPvJnw=
-16,-95,KN0YamdAXi0ONVtMcSHdT6MQ8B4=,PMpDum32TDKUK35ZTiFxmzPvJnw=
-15,-95,KN0YamdAXi0ONVtMcSHdT6MQ8B4=,PMpDum32TDKUK35ZTiFxmzPvJnw=
-9,-96,KN0YamdAXi0ONVtMcSHdT6MQ8B4=,PMpDum32TDKUK35ZTiFxmzPvJnw=
-8,-91,KN0YamdAXi0ONVtMcSHdT6MQ8B4=,6vvTg1q5MhiIwcdnEin0yGjNvDE=
-14,-95,KN0YamdAXi0ONVtMcSHdT6MQ8B4=,PMpDum32TDKUK35ZTiFxmzPvJnw=
-10,-83,KN0YamdAXi0ONVtMcSHdT6MQ8B4=,mSMNhWErayW7cDeuyBE7ThVwW/0=
-11,-83,KN0YamdAXi0ONVtMcSHdT6MQ8B4=,mSMNhWErayW7cDeuyBE7ThVwW/0=
-9,-91,KN0YamdAXi0ONVtMcSHdT6MQ8B4=,PMpDum32TDKUK35ZTiFxmzPvJnw=
-14,-90,KN0YamdAXi0ONVtMcSHdT6MQ8B4=,PMpDum32TDKUK35ZTiFxmzPvJnw=
-15,-90,KN0YamdAXi0ONVtMcSHdT6MQ8B4=,PMpDum32TDKUK35ZTiFxmzPvJnw=
-12,-83,KN0YamdAXi0ONVtMcSHdT6MQ8B4=,mSMNhWErayW7cDeuyBE7ThVwW/0=
-13,-87,KN0YamdAXi0ONVtMcSHdT6MQ8B4=,mSMNhWErayW7cDeuyBE7ThVwW/0=
-13,-83,KN0YamdAXi0ONVtMcSHdT6MQ8B4=,mSMNhWErayW7cDeuyBE7ThVwW/0=
-16,-94,KN0YamdAXi0ONVtMcSHdT6MQ8B4=,PMpDum32TDKUK35ZTiFxmzPvJnw=
-9,-95,KN0YamdAXi0ONVtMcSHdT6MQ8B4=,PMpDum32TDKUK35ZTiFxmzPvJnw=
-10,-91,KN0YamdAXi0ONVtMcSHdT6MQ8B4=,PMpDum32TDKUK35ZTiFxmzPvJnw=
-14,-87,KN0YamdAXi0ONVtMcSHdT6MQ8B4=,mSMNhWErayW7cDeuyBE7ThVwW/0=
-11,-91,KN0YamdAXi0ONVtMcSHdT6MQ8B4=,PMpDum32TDKUK35ZTiFxmzPvJnw=
-15,-91,KN0YamdAXi0ONVtMcSHdT6MQ8B4=,PMpDum32TDKUK35ZTiFxmzPvJnw=
-16,-90,KN0YamdAXi0ONVtMcSHdT6MQ8B4=,PMpDum32TDKUK35ZTiFxmzPvJnw=
-14,-83,KN0YamdAXi0ONVtMcSHdT6MQ8B4=,mSMNhWErayW7cDeuyBE7ThVwW/0=
-8,-94,KN0YamdAXi0ONVtMcSHdT6MQ8B4=,6vvTg1q5MhiIwcdnEin0yGjNvDE=
-15,-83,KN0YamdAXi0ONVtMcSHdT6MQ8B4=,mSMNhWErayW7cDeuyBE7ThVwW/0=
-10,-95,KN0YamdAXi0ONVtMcSHdT6MQ8B4=,PMpDum32TDKUK35ZTiFxmzPvJnw=
-12,-91,KN0YamdAXi0ONVtMcSHdT6MQ8B4=,PMpDum32TDKUK35ZTiFxmzPvJnw=
-16,-83,KN0YamdAXi0ONVtMcSHdT6MQ8B4=,mSMNhWErayW7cDeuyBE7ThVwW/0=
-10,-84,KN0YamdAXi0ONVtMcSHdT6MQ8B4=,mSMNhWErayW7cDeuyBE7ThVwW/0=
-11,-95,KN0YamdAXi0ONVtMcSHdT6MQ8B4=,PMpDum32TDKUK35ZTiFxmzPvJnw=
-13,-91,KN0YamdAXi0ONVtMcSHdT6MQ8B4=,PMpDum32TDKUK35ZTiFxmzPvJnw=
-11,-84,KN0YamdAXi0ONVtMcSHdT6MQ8B4=,mSMNhWErayW7cDeuyBE7ThVwW/0=
-8,-90,KN0YamdAXi0ONVtMcSHdT6MQ8B4=,6vvTg1q5MhiIwcdnEin0yGjNvDE=
-13,-84,KN0YamdAXi0ONVtMcSHdT6MQ8B4=,mSMNhWErayW7cDeuyBE7ThVwW/0=
-12,-84,KN0YamdAXi0ONVtMcSHdT6MQ8B4=,mSMNhWErayW7cDeuyBE7ThVwW/0=
-12,-95,KN0YamdAXi0ONVtMcSHdT6MQ8B4=,PMpDum32TDKUK35ZTiFxmzPvJnw=
-13,-95,KN0YamdAXi0ONVtMcSHdT6MQ8B4=,PMpDum32TDKUK35ZTiFxmzPvJnw=
-14,-84,KN0YamdAXi0ONVtMcSHdT6MQ8B4=,mSMNhWErayW7cDeuyBE7ThVwW/0=
-15,-87,KN0YamdAXi0ONVtMcSHdT6MQ8B4=,mSMNhWErayW7cDeuyBE7ThVwW/0=
-14,-91,KN0YamdAXi0ONVtMcSHdT6MQ8B4=,PMpDum32TDKUK35ZTiFxmzPvJnw=
-15,-84,KN0YamdAXi0ONVtMcSHdT6MQ8B4=,mSMNhWErayW7cDeuyBE7ThVwW/0=
-4,-83,KN0YamdAXi0ONVtMcSHdT6MQ8B4=,707PL2S8wcTfNdO049puqIP7tvw=
-16,-84,KN0YamdAXi0ONVtMcSHdT6MQ8B4=,mSMNhWErayW7cDeuyBE7ThVwW/0=
-10,-85,KN0YamdAXi0ONVtMcSHdT6MQ8B4=,mSMNhWErayW7cDeuyBE7ThVwW/0=
-16,-87,KN0YamdAXi0ONVtMcSHdT6MQ8B4=,mSMNhWErayW7cDeuyBE7ThVwW/0=
-11,-85,KN0YamdAXi0ONVtMcSHdT6MQ8B4=,mSMNhWErayW7cDeuyBE7ThVwW/0=
-1,-89,KN0YamdAXi0ONVtMcSHdT6MQ8B4=,6vvTg1q5MhiIwcdnEin0yGjNvDE=
-13,-88,KN0YamdAXi0ONVtMcSHdT6MQ8B4=,mSMNhWErayW7cDeuyBE7ThVwW/0=
-9,-81,KN0YamdAXi0ONVtMcSHdT6MQ8B4=,mSMNhWErayW7cDeuyBE7ThVwW/0=
-2,-89,KN0YamdAXi0ONVtMcSHdT6MQ8B4=,6vvTg1q5MhiIwcdnEin0yGjNvDE=
-3,-89,KN0YamdAXi0ONVtMcSHdT6MQ8B4=,6vvTg1q5MhiIwcdnEin0yGjNvDE=
-11,-88,KN0YamdAXi0ONVtMcSHdT6MQ8B4=,mSMNhWErayW7cDeuyBE7ThVwW/0=
-9,-86,KN0YamdAXi0ONVtMcSHdT6MQ8B4=,mSMNhWErayW7cDeuyBE7ThVwW/0=
-1,-87,KN0YamdAXi0ONVtMcSHdT6MQ8B4=,707PL2S8wcTfNdO049puqIP7tvw=
-5,-88,KN0YamdAXi0ONVtMcSHdT6MQ8B4=,707PL2S8wcTfNdO049puqIP7tvw=
-2,-87,KN0YamdAXi0ONVtMcSHdT6MQ8B4=,707PL2S8wcTfNdO049puqIP7tvw=
-3,-84,KN0YamdAXi0ONVtMcSHdT6MQ8B4=,707PL2S8wcTfNdO049puqIP7tvw=
-9,-89,KN0YamdAXi0ONVtMcSHdT6MQ8B4=,PMpDum32TDKUK35ZTiFxmzPvJnw=
-5,-83,KN0YamdAXi0ONVtMcSHdT6MQ8B4=,707PL2S8wcTfNdO049puqIP7tvw=
-4,-89,KN0YamdAXi0ONVtMcSHdT6MQ8B4=,6vvTg1q5MhiIwcdnEin0yGjNvDE=
-9,-82,KN0YamdAXi0ONVtMcSHdT6MQ8B4=,mSMNhWErayW7cDeuyBE7ThVwW/0=
-3,-83,KN0YamdAXi0ONVtMcSHdT6MQ8B4=,707PL2S8wcTfNdO049puqIP7tvw=
-6,-89,KN0YamdAXi0ONVtMcSHdT6MQ8B4=,6vvTg1q5MhiIwcdnEin0yGjNvDE=
-7,-89,KN0YamdAXi0ONVtMcSHdT6MQ8B4=,6vvTg1q5MhiIwcdnEin0yGjNvDE=
-3,-87,KN0YamdAXi0ONVtMcSHdT6MQ8B4=,707PL2S8wcTfNdO049puqIP7tvw=
-2,-83,KN0YamdAXi0ONVtMcSHdT6MQ8B4=,707PL2S8wcTfNdO049puqIP7tvw=
-10,-88,KN0YamdAXi0ONVtMcSHdT6MQ8B4=,mSMNhWErayW7cDeuyBE7ThVwW/0=
-5,-89,KN0YamdAXi0ONVtMcSHdT6MQ8B4=,6vvTg1q5MhiIwcdnEin0yGjNvDE=
-3,-85,KN0YamdAXi0ONVtMcSHdT6MQ8B4=,707PL2S8wcTfNdO049puqIP7tvw=
-1,-86,KN0YamdAXi0ONVtMcSHdT6MQ8B4=,707PL2S8wcTfNdO049puqIP7tvw=
-9,-87,KN0YamdAXi0ONVtMcSHdT6MQ8B4=,mSMNhWErayW7cDeuyBE7ThVwW/0=
-4,-87,KN0YamdAXi0ONVtMcSHdT6MQ8B4=,707PL2S8wcTfNdO049puqIP7tvw=
-5,-87,KN0YamdAXi0ONVtMcSHdT6MQ8B4=,707PL2S8wcTfNdO049puqIP7tvw=
-8,-89,KN0YamdAXi0ONVtMcSHdT6MQ8B4=,6vvTg1q5MhiIwcdnEin0yGjNvDE=
-6,-83,KN0YamdAXi0ONVtMcSHdT6MQ8B4=,707PL2S8wcTfNdO049puqIP7tvw=
-7,-83,KN0YamdAXi0ONVtMcSHdT6MQ8B4=,707PL2S8wcTfNdO049puqIP7tvw=
-9,-83,KN0YamdAXi0ONVtMcSHdT6MQ8B4=,mSMNhWErayW7cDeuyBE7ThVwW/0=
-12,-88,KN0YamdAXi0ONVtMcSHdT6MQ8B4=,mSMNhWErayW7cDeuyBE7ThVwW/0=
-1,-83,KN0YamdAXi0ONVtMcSHdT6MQ8B4=,707PL2S8wcTfNdO049puqIP7tvw=
-6,-88,KN0YamdAXi0ONVtMcSHdT6MQ8B4=,707PL2S8wcTfNdO049puqIP7tvw=
-9,-84,KN0YamdAXi0ONVtMcSHdT6MQ8B4=,mSMNhWErayW7cDeuyBE7ThVwW/0=
-6,-87,KN0YamdAXi0ONVtMcSHdT6MQ8B4=,707PL2S8wcTfNdO049puqIP7tvw=
-8,-83,KN0YamdAXi0ONVtMcSHdT6MQ8B4=,707PL2S8wcTfNdO049puqIP7tvw=
-4,-85,KN0YamdAXi0ONVtMcSHdT6MQ8B4=,707PL2S8wcTfNdO049puqIP7tvw=
-5,-85,KN0YamdAXi0ONVtMcSHdT6MQ8B4=,707PL2S8wcTfNdO049puqIP7tvw=
-4,-84,KN0YamdAXi0ONVtMcSHdT6MQ8B4=,707PL2S8wcTfNdO049puqIP7tvw=
-1,-88,KN0YamdAXi0ONVtMcSHdT6MQ8B4=,707PL2S8wcTfNdO049puqIP7tvw=
-2,-88,KN0YamdAXi0ONVtMcSHdT6MQ8B4=,707PL2S8wcTfNdO049puqIP7tvw=
-3,-88,KN0YamdAXi0ONVtMcSHdT6MQ8B4=,707PL2S8wcTfNdO049puqIP7tvw=
-9,-88,KN0YamdAXi0ONVtMcSHdT6MQ8B4=,mSMNhWErayW7cDeuyBE7ThVwW/0=
-4,-88,KN0YamdAXi0ONVtMcSHdT6MQ8B4=,707PL2S8wcTfNdO049puqIP7tvw=
-2,-85,KN0YamdAXi0ONVtMcSHdT6MQ8B4=,707PL2S8wcTfNdO049puqIP7tvw=
-8,-87,KN0YamdAXi0ONVtMcSHdT6MQ8B4=,707PL2S8wcTfNdO049puqIP7tvw=
-5,-84,KN0YamdAXi0ONVtMcSHdT6MQ8B4=,707PL2S8wcTfNdO049puqIP7tvw=
-7,-85,KN0YamdAXi0ONVtMcSHdT6MQ8B4=,707PL2S8wcTfNdO049puqIP7tvw=
-7,-88,KN0YamdAXi0ONVtMcSHdT6MQ8B4=,707PL2S8wcTfNdO049puqIP7tvw=
-8,-86,KN0YamdAXi0ONVtMcSHdT6MQ8B4=,707PL2S8wcTfNdO049puqIP7tvw=
-6,-84,KN0YamdAXi0ONVtMcSHdT6MQ8B4=,707PL2S8wcTfNdO049puqIP7tvw=
-8,-82,KN0YamdAXi0ONVtMcSHdT6MQ8B4=,707PL2S8wcTfNdO049puqIP7tvw=
-7,-82,KN0YamdAXi0ONVtMcSHdT6MQ8B4=,707PL2S8wcTfNdO049puqIP7tvw=
-6,-82,KN0YamdAXi0ONVtMcSHdT6MQ8B4=,707PL2S8wcTfNdO049puqIP7tvw=
-5,-82,KN0YamdAXi0ONVtMcSHdT6MQ8B4=,707PL2S8wcTfNdO049puqIP7tvw=
-4,-82,KN0YamdAXi0ONVtMcSHdT6MQ8B4=,707PL2S8wcTfNdO049puqIP7tvw=
-7,-87,KN0YamdAXi0ONVtMcSHdT6MQ8B4=,707PL2S8wcTfNdO049puqIP7tvw=
-7,-84,KN0YamdAXi0ONVtMcSHdT6MQ8B4=,707PL2S8wcTfNdO049puqIP7tvw=
-8,-88,KN0YamdAXi0ONVtMcSHdT6MQ8B4=,707PL2S8wcTfNdO049puqIP7tvw=
-2,-81,KN0YamdAXi0ONVtMcSHdT6MQ8B4=,707PL2S8wcTfNdO049puqIP7tvw=
-3,-81,KN0YamdAXi0ONVtMcSHdT6MQ8B4=,707PL2S8wcTfNdO049puqIP7tvw=
-4,-81,KN0YamdAXi0ONVtMcSHdT6MQ8B4=,707PL2S8wcTfNdO049puqIP7tvw=
-1,-81,KN0YamdAXi0ONVtMcSHdT6MQ8B4=,707PL2S8wcTfNdO049puqIP7tvw=
-8,-84,KN0YamdAXi0ONVtMcSHdT6MQ8B4=,707PL2S8wcTfNdO049puqIP7tvw=
-5,-81,KN0YamdAXi0ONVtMcSHdT6MQ8B4=,707PL2S8wcTfNdO049puqIP7tvw=
-6,-81,KN0YamdAXi0ONVtMcSHdT6MQ8B4=,707PL2S8wcTfNdO049puqIP7tvw=
-2,-84,KN0YamdAXi0ONVtMcSHdT6MQ8B4=,707PL2S8wcTfNdO049puqIP7tvw=
-3,-82,KN0YamdAXi0ONVtMcSHdT6MQ8B4=,707PL2S8wcTfNdO049puqIP7tvw=
-1,-84,KN0YamdAXi0ONVtMcSHdT6MQ8B4=,707PL2S8wcTfNdO049puqIP7tvw=
-2,-86,KN0YamdAXi0ONVtMcSHdT6MQ8B4=,707PL2S8wcTfNdO049puqIP7tvw=
-7,-81,KN0YamdAXi0ONVtMcSHdT6MQ8B4=,707PL2S8wcTfNdO049puqIP7tvw=
-3,-86,KN0YamdAXi0ONVtMcSHdT6MQ8B4=,707PL2S8wcTfNdO049puqIP7tvw=
-9,-85,KN0YamdAXi0ONVtMcSHdT6MQ8B4=,mSMNhWErayW7cDeuyBE7ThVwW/0=
-8,-81,KN0YamdAXi0ONVtMcSHdT6MQ8B4=,707PL2S8wcTfNdO049puqIP7tvw=
-1,-85,KN0YamdAXi0ONVtMcSHdT6MQ8B4=,707PL2S8wcTfNdO049puqIP7tvw=
-8,-85,KN0YamdAXi0ONVtMcSHdT6MQ8B4=,707PL2S8wcTfNdO049puqIP7tvw=
-2,-82,KN0YamdAXi0ONVtMcSHdT6MQ8B4=,707PL2S8wcTfNdO049puqIP7tvw=
-6,-85,KN0YamdAXi0ONVtMcSHdT6MQ8B4=,707PL2S8wcTfNdO049puqIP7tvw=
-4,-86,KN0YamdAXi0ONVtMcSHdT6MQ8B4=,707PL2S8wcTfNdO049puqIP7tvw=
-7,-86,KN0YamdAXi0ONVtMcSHdT6MQ8B4=,707PL2S8wcTfNdO049puqIP7tvw=
-5,-86,KN0YamdAXi0ONVtMcSHdT6MQ8B4=,707PL2S8wcTfNdO049puqIP7tvw=
-1,-82,KN0YamdAXi0ONVtMcSHdT6MQ8B4=,707PL2S8wcTfNdO049puqIP7tvw=
-6,-86,KN0YamdAXi0ONVtMcSHdT6MQ8B4=,707PL2S8wcTfNdO049puqIP7tvw=
-28,-93,dqvUylXMOaMnTnjmTA+K3vMapWM=,OeAdAXZTc7JsKtU4LhLbP6SV4ik=
-29,-93,dqvUylXMOaMnTnjmTA+K3vMapWM=,OeAdAXZTc7JsKtU4LhLbP6SV4ik=
-30,-93,dqvUylXMOaMnTnjmTA+K3vMapWM=,OeAdAXZTc7JsKtU4LhLbP6SV4ik=
-31,-93,dqvUylXMOaMnTnjmTA+K3vMapWM=,OeAdAXZTc7JsKtU4LhLbP6SV4ik=
-26,-94,dqvUylXMOaMnTnjmTA+K3vMapWM=,OeAdAXZTc7JsKtU4LhLbP6SV4ik=
-27,-94,dqvUylXMOaMnTnjmTA+K3vMapWM=,OeAdAXZTc7JsKtU4LhLbP6SV4ik=
-28,-94,dqvUylXMOaMnTnjmTA+K3vMapWM=,OeAdAXZTc7JsKtU4LhLbP6SV4ik=
-30,-94,dqvUylXMOaMnTnjmTA+K3vMapWM=,OeAdAXZTc7JsKtU4LhLbP6SV4ik=
-29,-94,dqvUylXMOaMnTnjmTA+K3vMapWM=,OeAdAXZTc7JsKtU4LhLbP6SV4ik=
-31,-94,dqvUylXMOaMnTnjmTA+K3vMapWM=,OeAdAXZTc7JsKtU4LhLbP6SV4ik=
-26,-95,dqvUylXMOaMnTnjmTA+K3vMapWM=,OeAdAXZTc7JsKtU4LhLbP6SV4ik=
-28,-95,dqvUylXMOaMnTnjmTA+K3vMapWM=,OeAdAXZTc7JsKtU4LhLbP6SV4ik=
-27,-95,dqvUylXMOaMnTnjmTA+K3vMapWM=,OeAdAXZTc7JsKtU4LhLbP6SV4ik=
-29,-95,dqvUylXMOaMnTnjmTA+K3vMapWM=,OeAdAXZTc7JsKtU4LhLbP6SV4ik=
-28,-90,dqvUylXMOaMnTnjmTA+K3vMapWM=,OeAdAXZTc7JsKtU4LhLbP6SV4ik=
-30,-95,dqvUylXMOaMnTnjmTA+K3vMapWM=,OeAdAXZTc7JsKtU4LhLbP6SV4ik=
-31,-95,dqvUylXMOaMnTnjmTA+K3vMapWM=,OeAdAXZTc7JsKtU4LhLbP6SV4ik=
-26,-90,dqvUylXMOaMnTnjmTA+K3vMapWM=,OeAdAXZTc7JsKtU4LhLbP6SV4ik=
-27,-90,dqvUylXMOaMnTnjmTA+K3vMapWM=,OeAdAXZTc7JsKtU4LhLbP6SV4ik=
-29,-90,dqvUylXMOaMnTnjmTA+K3vMapWM=,OeAdAXZTc7JsKtU4LhLbP6SV4ik=
-26,-91,dqvUylXMOaMnTnjmTA+K3vMapWM=,OeAdAXZTc7JsKtU4LhLbP6SV4ik=
-27,-91,dqvUylXMOaMnTnjmTA+K3vMapWM=,OeAdAXZTc7JsKtU4LhLbP6SV4ik=
-28,-91,dqvUylXMOaMnTnjmTA+K3vMapWM=,OeAdAXZTc7JsKtU4LhLbP6SV4ik=
-29,-91,dqvUylXMOaMnTnjmTA+K3vMapWM=,OeAdAXZTc7JsKtU4LhLbP6SV4ik=
-30,-91,dqvUylXMOaMnTnjmTA+K3vMapWM=,OeAdAXZTc7JsKtU4LhLbP6SV4ik=
-30,-90,dqvUylXMOaMnTnjmTA+K3vMapWM=,OeAdAXZTc7JsKtU4LhLbP6SV4ik=
-26,-92,dqvUylXMOaMnTnjmTA+K3vMapWM=,OeAdAXZTc7JsKtU4LhLbP6SV4ik=
-27,-92,dqvUylXMOaMnTnjmTA+K3vMapWM=,OeAdAXZTc7JsKtU4LhLbP6SV4ik=
-28,-92,dqvUylXMOaMnTnjmTA+K3vMapWM=,OeAdAXZTc7JsKtU4LhLbP6SV4ik=
-29,-92,dqvUylXMOaMnTnjmTA+K3vMapWM=,OeAdAXZTc7JsKtU4LhLbP6SV4ik=
-30,-92,dqvUylXMOaMnTnjmTA+K3vMapWM=,OeAdAXZTc7JsKtU4LhLbP6SV4ik=
-31,-92,dqvUylXMOaMnTnjmTA+K3vMapWM=,OeAdAXZTc7JsKtU4LhLbP6SV4ik=
-26,-93,dqvUylXMOaMnTnjmTA+K3vMapWM=,OeAdAXZTc7JsKtU4LhLbP6SV4ik=
-27,-93,dqvUylXMOaMnTnjmTA+K3vMapWM=,OeAdAXZTc7JsKtU4LhLbP6SV4ik=
-31,-90,dqvUylXMOaMnTnjmTA+K3vMapWM=,OeAdAXZTc7JsKtU4LhLbP6SV4ik=
-31,-91,dqvUylXMOaMnTnjmTA+K3vMapWM=,OeAdAXZTc7JsKtU4LhLbP6SV4ik=
-28,-85,dqvUylXMOaMnTnjmTA+K3vMapWM=,1c7o99xjuGBtEauo71/Zc3xq2B0=
-29,-85,dqvUylXMOaMnTnjmTA+K3vMapWM=,1c7o99xjuGBtEauo71/Zc3xq2B0=
-30,-85,dqvUylXMOaMnTnjmTA+K3vMapWM=,1c7o99xjuGBtEauo71/Zc3xq2B0=
-27,-85,dqvUylXMOaMnTnjmTA+K3vMapWM=,1c7o99xjuGBtEauo71/Zc3xq2B0=
-26,-85,dqvUylXMOaMnTnjmTA+K3vMapWM=,1c7o99xjuGBtEauo71/Zc3xq2B0=
-32,-84,dqvUylXMOaMnTnjmTA+K3vMapWM=,1c7o99xjuGBtEauo71/Zc3xq2B0=
-31,-84,dqvUylXMOaMnTnjmTA+K3vMapWM=,1c7o99xjuGBtEauo71/Zc3xq2B0=
-30,-84,dqvUylXMOaMnTnjmTA+K3vMapWM=,1c7o99xjuGBtEauo71/Zc3xq2B0=
-29,-84,dqvUylXMOaMnTnjmTA+K3vMapWM=,1c7o99xjuGBtEauo71/Zc3xq2B0=
-28,-84,dqvUylXMOaMnTnjmTA+K3vMapWM=,1c7o99xjuGBtEauo71/Zc3xq2B0=
-26,-84,dqvUylXMOaMnTnjmTA+K3vMapWM=,1c7o99xjuGBtEauo71/Zc3xq2B0=
-27,-84,dqvUylXMOaMnTnjmTA+K3vMapWM=,1c7o99xjuGBtEauo71/Zc3xq2B0=
-31,-88,dqvUylXMOaMnTnjmTA+K3vMapWM=,1c7o99xjuGBtEauo71/Zc3xq2B0=
-26,-81,dqvUylXMOaMnTnjmTA+K3vMapWM=,1c7o99xjuGBtEauo71/Zc3xq2B0=
-32,-83,dqvUylXMOaMnTnjmTA+K3vMapWM=,1c7o99xjuGBtEauo71/Zc3xq2B0=
-28,-89,dqvUylXMOaMnTnjmTA+K3vMapWM=,OeAdAXZTc7JsKtU4LhLbP6SV4ik=
-27,-81,dqvUylXMOaMnTnjmTA+K3vMapWM=,1c7o99xjuGBtEauo71/Zc3xq2B0=
-31,-85,dqvUylXMOaMnTnjmTA+K3vMapWM=,1c7o99xjuGBtEauo71/Zc3xq2B0=
-27,-89,dqvUylXMOaMnTnjmTA+K3vMapWM=,OeAdAXZTc7JsKtU4LhLbP6SV4ik=
-26,-89,dqvUylXMOaMnTnjmTA+K3vMapWM=,OeAdAXZTc7JsKtU4LhLbP6SV4ik=
-32,-85,dqvUylXMOaMnTnjmTA+K3vMapWM=,1c7o99xjuGBtEauo71/Zc3xq2B0=
-28,-81,dqvUylXMOaMnTnjmTA+K3vMapWM=,1c7o99xjuGBtEauo71/Zc3xq2B0=
-29,-81,dqvUylXMOaMnTnjmTA+K3vMapWM=,1c7o99xjuGBtEauo71/Zc3xq2B0=
-29,-89,dqvUylXMOaMnTnjmTA+K3vMapWM=,OeAdAXZTc7JsKtU4LhLbP6SV4ik=
-26,-86,dqvUylXMOaMnTnjmTA+K3vMapWM=,1c7o99xjuGBtEauo71/Zc3xq2B0=
-27,-86,dqvUylXMOaMnTnjmTA+K3vMapWM=,1c7o99xjuGBtEauo71/Zc3xq2B0=
-30,-81,dqvUylXMOaMnTnjmTA+K3vMapWM=,1c7o99xjuGBtEauo71/Zc3xq2B0=
-28,-86,dqvUylXMOaMnTnjmTA+K3vMapWM=,1c7o99xjuGBtEauo71/Zc3xq2B0=
-30,-86,dqvUylXMOaMnTnjmTA+K3vMapWM=,1c7o99xjuGBtEauo71/Zc3xq2B0=
-31,-81,dqvUylXMOaMnTnjmTA+K3vMapWM=,1c7o99xjuGBtEauo71/Zc3xq2B0=
-31,-86,dqvUylXMOaMnTnjmTA+K3vMapWM=,1c7o99xjuGBtEauo71/Zc3xq2B0=
-29,-86,dqvUylXMOaMnTnjmTA+K3vMapWM=,1c7o99xjuGBtEauo71/Zc3xq2B0=
-32,-86,dqvUylXMOaMnTnjmTA+K3vMapWM=,1c7o99xjuGBtEauo71/Zc3xq2B0=
-30,-88,dqvUylXMOaMnTnjmTA+K3vMapWM=,1c7o99xjuGBtEauo71/Zc3xq2B0=
-31,-83,dqvUylXMOaMnTnjmTA+K3vMapWM=,1c7o99xjuGBtEauo71/Zc3xq2B0=
-31,-89,dqvUylXMOaMnTnjmTA+K3vMapWM=,OeAdAXZTc7JsKtU4LhLbP6SV4ik=
-26,-82,dqvUylXMOaMnTnjmTA+K3vMapWM=,1c7o99xjuGBtEauo71/Zc3xq2B0=
-27,-82,dqvUylXMOaMnTnjmTA+K3vMapWM=,1c7o99xjuGBtEauo71/Zc3xq2B0=
-28,-82,dqvUylXMOaMnTnjmTA+K3vMapWM=,1c7o99xjuGBtEauo71/Zc3xq2B0=
-29,-82,dqvUylXMOaMnTnjmTA+K3vMapWM=,1c7o99xjuGBtEauo71/Zc3xq2B0=
-26,-87,dqvUylXMOaMnTnjmTA+K3vMapWM=,1c7o99xjuGBtEauo71/Zc3xq2B0=
-31,-82,dqvUylXMOaMnTnjmTA+K3vMapWM=,1c7o99xjuGBtEauo71/Zc3xq2B0=
-30,-89,dqvUylXMOaMnTnjmTA+K3vMapWM=,OeAdAXZTc7JsKtU4LhLbP6SV4ik=
-32,-82,dqvUylXMOaMnTnjmTA+K3vMapWM=,1c7o99xjuGBtEauo71/Zc3xq2B0=
-26,-83,dqvUylXMOaMnTnjmTA+K3vMapWM=,1c7o99xjuGBtEauo71/Zc3xq2B0=
-27,-87,dqvUylXMOaMnTnjmTA+K3vMapWM=,1c7o99xjuGBtEauo71/Zc3xq2B0=
-27,-83,dqvUylXMOaMnTnjmTA+K3vMapWM=,1c7o99xjuGBtEauo71/Zc3xq2B0=
-30,-87,dqvUylXMOaMnTnjmTA+K3vMapWM=,1c7o99xjuGBtEauo71/Zc3xq2B0=
-29,-88,dqvUylXMOaMnTnjmTA+K3vMapWM=,1c7o99xjuGBtEauo71/Zc3xq2B0=
-30,-82,dqvUylXMOaMnTnjmTA+K3vMapWM=,1c7o99xjuGBtEauo71/Zc3xq2B0=
-30,-83,dqvUylXMOaMnTnjmTA+K3vMapWM=,1c7o99xjuGBtEauo71/Zc3xq2B0=
-31,-87,dqvUylXMOaMnTnjmTA+K3vMapWM=,1c7o99xjuGBtEauo71/Zc3xq2B0=
-28,-83,dqvUylXMOaMnTnjmTA+K3vMapWM=,1c7o99xjuGBtEauo71/Zc3xq2B0=
-29,-83,dqvUylXMOaMnTnjmTA+K3vMapWM=,1c7o99xjuGBtEauo71/Zc3xq2B0=
-29,-87,dqvUylXMOaMnTnjmTA+K3vMapWM=,1c7o99xjuGBtEauo71/Zc3xq2B0=
-32,-87,dqvUylXMOaMnTnjmTA+K3vMapWM=,1c7o99xjuGBtEauo71/Zc3xq2B0=
-28,-87,dqvUylXMOaMnTnjmTA+K3vMapWM=,1c7o99xjuGBtEauo71/Zc3xq2B0=
-31,-96,dqvUylXMOaMnTnjmTA+K3vMapWM=,OeAdAXZTc7JsKtU4LhLbP6SV4ik=
-28,-88,dqvUylXMOaMnTnjmTA+K3vMapWM=,1c7o99xjuGBtEauo71/Zc3xq2B0=
-30,-96,dqvUylXMOaMnTnjmTA+K3vMapWM=,OeAdAXZTc7JsKtU4LhLbP6SV4ik=
-29,-96,dqvUylXMOaMnTnjmTA+K3vMapWM=,OeAdAXZTc7JsKtU4LhLbP6SV4ik=
-28,-96,dqvUylXMOaMnTnjmTA+K3vMapWM=,OeAdAXZTc7JsKtU4LhLbP6SV4ik=
-27,-96,dqvUylXMOaMnTnjmTA+K3vMapWM=,OeAdAXZTc7JsKtU4LhLbP6SV4ik=
-26,-96,dqvUylXMOaMnTnjmTA+K3vMapWM=,OeAdAXZTc7JsKtU4LhLbP6SV4ik=
-26,-88,dqvUylXMOaMnTnjmTA+K3vMapWM=,1c7o99xjuGBtEauo71/Zc3xq2B0=
-27,-88,dqvUylXMOaMnTnjmTA+K3vMapWM=,1c7o99xjuGBtEauo71/Zc3xq2B0=
-32,-92,dqvUylXMOaMnTnjmTA+K3vMapWM=,OeAdAXZTc7JsKtU4LhLbP6SV4ik=
-32,-93,dqvUylXMOaMnTnjmTA+K3vMapWM=,OeAdAXZTc7JsKtU4LhLbP6SV4ik=
-32,-91,dqvUylXMOaMnTnjmTA+K3vMapWM=,OeAdAXZTc7JsKtU4LhLbP6SV4ik=
-32,-94,dqvUylXMOaMnTnjmTA+K3vMapWM=,OeAdAXZTc7JsKtU4LhLbP6SV4ik=
-32,-88,dqvUylXMOaMnTnjmTA+K3vMapWM=,1c7o99xjuGBtEauo71/Zc3xq2B0=
-32,-95,dqvUylXMOaMnTnjmTA+K3vMapWM=,OeAdAXZTc7JsKtU4LhLbP6SV4ik=
-32,-96,dqvUylXMOaMnTnjmTA+K3vMapWM=,OeAdAXZTc7JsKtU4LhLbP6SV4ik=
-32,-81,dqvUylXMOaMnTnjmTA+K3vMapWM=,1c7o99xjuGBtEauo71/Zc3xq2B0=
-32,-90,dqvUylXMOaMnTnjmTA+K3vMapWM=,OeAdAXZTc7JsKtU4LhLbP6SV4ik=
-32,-89,dqvUylXMOaMnTnjmTA+K3vMapWM=,OeAdAXZTc7JsKtU4LhLbP6SV4ik=
-21,-91,dqvUylXMOaMnTnjmTA+K3vMapWM=,bqb/BXCyyOaq8D+PsFFsF0EjjUA=
-22,-91,dqvUylXMOaMnTnjmTA+K3vMapWM=,bqb/BXCyyOaq8D+PsFFsF0EjjUA=
-23,-91,dqvUylXMOaMnTnjmTA+K3vMapWM=,bqb/BXCyyOaq8D+PsFFsF0EjjUA=
-25,-94,dqvUylXMOaMnTnjmTA+K3vMapWM=,OeAdAXZTc7JsKtU4LhLbP6SV4ik=
-25,-90,dqvUylXMOaMnTnjmTA+K3vMapWM=,OeAdAXZTc7JsKtU4LhLbP6SV4ik=
-24,-91,dqvUylXMOaMnTnjmTA+K3vMapWM=,bqb/BXCyyOaq8D+PsFFsF0EjjUA=
-20,-91,dqvUylXMOaMnTnjmTA+K3vMapWM=,bqb/BXCyyOaq8D+PsFFsF0EjjUA=
-20,-92,dqvUylXMOaMnTnjmTA+K3vMapWM=,bqb/BXCyyOaq8D+PsFFsF0EjjUA=
-21,-92,dqvUylXMOaMnTnjmTA+K3vMapWM=,bqb/BXCyyOaq8D+PsFFsF0EjjUA=
-25,-95,dqvUylXMOaMnTnjmTA+K3vMapWM=,OeAdAXZTc7JsKtU4LhLbP6SV4ik=
-22,-92,dqvUylXMOaMnTnjmTA+K3vMapWM=,bqb/BXCyyOaq8D+PsFFsF0EjjUA=
-23,-92,dqvUylXMOaMnTnjmTA+K3vMapWM=,bqb/BXCyyOaq8D+PsFFsF0EjjUA=
-24,-92,dqvUylXMOaMnTnjmTA+K3vMapWM=,bqb/BXCyyOaq8D+PsFFsF0EjjUA=
-19,-92,dqvUylXMOaMnTnjmTA+K3vMapWM=,bqb/BXCyyOaq8D+PsFFsF0EjjUA=
-18,-93,dqvUylXMOaMnTnjmTA+K3vMapWM=,bqb/BXCyyOaq8D+PsFFsF0EjjUA=
-19,-93,dqvUylXMOaMnTnjmTA+K3vMapWM=,bqb/BXCyyOaq8D+PsFFsF0EjjUA=
-25,-96,dqvUylXMOaMnTnjmTA+K3vMapWM=,OeAdAXZTc7JsKtU4LhLbP6SV4ik=
-20,-93,dqvUylXMOaMnTnjmTA+K3vMapWM=,bqb/BXCyyOaq8D+PsFFsF0EjjUA=
-21,-93,dqvUylXMOaMnTnjmTA+K3vMapWM=,bqb/BXCyyOaq8D+PsFFsF0EjjUA=
-22,-93,dqvUylXMOaMnTnjmTA+K3vMapWM=,bqb/BXCyyOaq8D+PsFFsF0EjjUA=
-23,-93,dqvUylXMOaMnTnjmTA+K3vMapWM=,bqb/BXCyyOaq8D+PsFFsF0EjjUA=
-24,-93,dqvUylXMOaMnTnjmTA+K3vMapWM=,bqb/BXCyyOaq8D+PsFFsF0EjjUA=
-17,-94,dqvUylXMOaMnTnjmTA+K3vMapWM=,bqb/BXCyyOaq8D+PsFFsF0EjjUA=
-18,-94,dqvUylXMOaMnTnjmTA+K3vMapWM=,bqb/BXCyyOaq8D+PsFFsF0EjjUA=
-25,-91,dqvUylXMOaMnTnjmTA+K3vMapWM=,OeAdAXZTc7JsKtU4LhLbP6SV4ik=
-19,-94,dqvUylXMOaMnTnjmTA+K3vMapWM=,bqb/BXCyyOaq8D+PsFFsF0EjjUA=
-20,-94,dqvUylXMOaMnTnjmTA+K3vMapWM=,bqb/BXCyyOaq8D+PsFFsF0EjjUA=
-21,-94,dqvUylXMOaMnTnjmTA+K3vMapWM=,bqb/BXCyyOaq8D+PsFFsF0EjjUA=
-22,-94,dqvUylXMOaMnTnjmTA+K3vMapWM=,bqb/BXCyyOaq8D+PsFFsF0EjjUA=
-23,-94,dqvUylXMOaMnTnjmTA+K3vMapWM=,bqb/BXCyyOaq8D+PsFFsF0EjjUA=
-24,-94,dqvUylXMOaMnTnjmTA+K3vMapWM=,bqb/BXCyyOaq8D+PsFFsF0EjjUA=
-17,-93,dqvUylXMOaMnTnjmTA+K3vMapWM=,bqb/BXCyyOaq8D+PsFFsF0EjjUA=
-17,-95,dqvUylXMOaMnTnjmTA+K3vMapWM=,bqb/BXCyyOaq8D+PsFFsF0EjjUA=
-18,-95,dqvUylXMOaMnTnjmTA+K3vMapWM=,bqb/BXCyyOaq8D+PsFFsF0EjjUA=
-19,-95,dqvUylXMOaMnTnjmTA+K3vMapWM=,bqb/BXCyyOaq8D+PsFFsF0EjjUA=
-21,-95,dqvUylXMOaMnTnjmTA+K3vMapWM=,bqb/BXCyyOaq8D+PsFFsF0EjjUA=
-20,-95,dqvUylXMOaMnTnjmTA+K3vMapWM=,bqb/BXCyyOaq8D+PsFFsF0EjjUA=
-23,-95,dqvUylXMOaMnTnjmTA+K3vMapWM=,bqb/BXCyyOaq8D+PsFFsF0EjjUA=
-24,-95,dqvUylXMOaMnTnjmTA+K3vMapWM=,bqb/BXCyyOaq8D+PsFFsF0EjjUA=
-22,-95,dqvUylXMOaMnTnjmTA+K3vMapWM=,bqb/BXCyyOaq8D+PsFFsF0EjjUA=
-17,-96,dqvUylXMOaMnTnjmTA+K3vMapWM=,bqb/BXCyyOaq8D+PsFFsF0EjjUA=
-18,-96,dqvUylXMOaMnTnjmTA+K3vMapWM=,bqb/BXCyyOaq8D+PsFFsF0EjjUA=
-19,-96,dqvUylXMOaMnTnjmTA+K3vMapWM=,bqb/BXCyyOaq8D+PsFFsF0EjjUA=
-20,-96,dqvUylXMOaMnTnjmTA+K3vMapWM=,bqb/BXCyyOaq8D+PsFFsF0EjjUA=
-22,-96,dqvUylXMOaMnTnjmTA+K3vMapWM=,bqb/BXCyyOaq8D+PsFFsF0EjjUA=
-21,-96,dqvUylXMOaMnTnjmTA+K3vMapWM=,bqb/BXCyyOaq8D+PsFFsF0EjjUA=
-23,-96,dqvUylXMOaMnTnjmTA+K3vMapWM=,bqb/BXCyyOaq8D+PsFFsF0EjjUA=
-24,-96,dqvUylXMOaMnTnjmTA+K3vMapWM=,bqb/BXCyyOaq8D+PsFFsF0EjjUA=
-18,-92,dqvUylXMOaMnTnjmTA+K3vMapWM=,bqb/BXCyyOaq8D+PsFFsF0EjjUA=
-25,-92,dqvUylXMOaMnTnjmTA+K3vMapWM=,OeAdAXZTc7JsKtU4LhLbP6SV4ik=
-25,-93,dqvUylXMOaMnTnjmTA+K3vMapWM=,OeAdAXZTc7JsKtU4LhLbP6SV4ik=
-17,-92,dqvUylXMOaMnTnjmTA+K3vMapWM=,bqb/BXCyyOaq8D+PsFFsF0EjjUA=
-19,-91,dqvUylXMOaMnTnjmTA+K3vMapWM=,bqb/BXCyyOaq8D+PsFFsF0EjjUA=
-21,-90,dqvUylXMOaMnTnjmTA+K3vMapWM=,bqb/BXCyyOaq8D+PsFFsF0EjjUA=
-22,-90,dqvUylXMOaMnTnjmTA+K3vMapWM=,bqb/BXCyyOaq8D+PsFFsF0EjjUA=
-20,-90,dqvUylXMOaMnTnjmTA+K3vMapWM=,bqb/BXCyyOaq8D+PsFFsF0EjjUA=
-17,-90,dqvUylXMOaMnTnjmTA+K3vMapWM=,bqb/BXCyyOaq8D+PsFFsF0EjjUA=
-23,-90,dqvUylXMOaMnTnjmTA+K3vMapWM=,bqb/BXCyyOaq8D+PsFFsF0EjjUA=
-24,-90,dqvUylXMOaMnTnjmTA+K3vMapWM=,bqb/BXCyyOaq8D+PsFFsF0EjjUA=
-19,-90,dqvUylXMOaMnTnjmTA+K3vMapWM=,bqb/BXCyyOaq8D+PsFFsF0EjjUA=
-18,-91,dqvUylXMOaMnTnjmTA+K3vMapWM=,bqb/BXCyyOaq8D+PsFFsF0EjjUA=
-18,-90,dqvUylXMOaMnTnjmTA+K3vMapWM=,bqb/BXCyyOaq8D+PsFFsF0EjjUA=
-17,-91,dqvUylXMOaMnTnjmTA+K3vMapWM=,bqb/BXCyyOaq8D+PsFFsF0EjjUA=
-25,-81,dqvUylXMOaMnTnjmTA+K3vMapWM=,1c7o99xjuGBtEauo71/Zc3xq2B0=
-20,-83,dqvUylXMOaMnTnjmTA+K3vMapWM=,EJ9w9woh66BxhSafDGLGbEEdDLo=
-18,-84,dqvUylXMOaMnTnjmTA+K3vMapWM=,EJ9w9woh66BxhSafDGLGbEEdDLo=
-24,-84,dqvUylXMOaMnTnjmTA+K3vMapWM=,EJ9w9woh66BxhSafDGLGbEEdDLo=
-21,-81,dqvUylXMOaMnTnjmTA+K3vMapWM=,EJ9w9woh66BxhSafDGLGbEEdDLo=
-19,-84,dqvUylXMOaMnTnjmTA+K3vMapWM=,EJ9w9woh66BxhSafDGLGbEEdDLo=
-20,-84,dqvUylXMOaMnTnjmTA+K3vMapWM=,EJ9w9woh66BxhSafDGLGbEEdDLo=
-24,-85,dqvUylXMOaMnTnjmTA+K3vMapWM=,EJ9w9woh66BxhSafDGLGbEEdDLo=
-21,-83,dqvUylXMOaMnTnjmTA+K3vMapWM=,EJ9w9woh66BxhSafDGLGbEEdDLo=
-25,-86,dqvUylXMOaMnTnjmTA+K3vMapWM=,1c7o99xjuGBtEauo71/Zc3xq2B0=
-22,-81,dqvUylXMOaMnTnjmTA+K3vMapWM=,EJ9w9woh66BxhSafDGLGbEEdDLo=
-25,-89,dqvUylXMOaMnTnjmTA+K3vMapWM=,OeAdAXZTc7JsKtU4LhLbP6SV4ik=
-17,-85,dqvUylXMOaMnTnjmTA+K3vMapWM=,EJ9w9woh66BxhSafDGLGbEEdDLo=
-25,-82,dqvUylXMOaMnTnjmTA+K3vMapWM=,1c7o99xjuGBtEauo71/Zc3xq2B0=
-18,-85,dqvUylXMOaMnTnjmTA+K3vMapWM=,EJ9w9woh66BxhSafDGLGbEEdDLo=
-25,-83,dqvUylXMOaMnTnjmTA+K3vMapWM=,1c7o99xjuGBtEauo71/Zc3xq2B0=
-23,-81,dqvUylXMOaMnTnjmTA+K3vMapWM=,EJ9w9woh66BxhSafDGLGbEEdDLo=
-22,-83,dqvUylXMOaMnTnjmTA+K3vMapWM=,EJ9w9woh66BxhSafDGLGbEEdDLo=
-23,-83,dqvUylXMOaMnTnjmTA+K3vMapWM=,EJ9w9woh66BxhSafDGLGbEEdDLo=
-24,-81,dqvUylXMOaMnTnjmTA+K3vMapWM=,EJ9w9woh66BxhSafDGLGbEEdDLo=
-24,-86,dqvUylXMOaMnTnjmTA+K3vMapWM=,EJ9w9woh66BxhSafDGLGbEEdDLo=
-21,-87,dqvUylXMOaMnTnjmTA+K3vMapWM=,EJ9w9woh66BxhSafDGLGbEEdDLo=
-20,-81,dqvUylXMOaMnTnjmTA+K3vMapWM=,EJ9w9woh66BxhSafDGLGbEEdDLo=
-19,-81,dqvUylXMOaMnTnjmTA+K3vMapWM=,EJ9w9woh66BxhSafDGLGbEEdDLo=
-23,-84,dqvUylXMOaMnTnjmTA+K3vMapWM=,EJ9w9woh66BxhSafDGLGbEEdDLo=
-18,-81,dqvUylXMOaMnTnjmTA+K3vMapWM=,EJ9w9woh66BxhSafDGLGbEEdDLo=
-22,-84,dqvUylXMOaMnTnjmTA+K3vMapWM=,EJ9w9woh66BxhSafDGLGbEEdDLo=
-21,-84,dqvUylXMOaMnTnjmTA+K3vMapWM=,EJ9w9woh66BxhSafDGLGbEEdDLo=
-25,-87,dqvUylXMOaMnTnjmTA+K3vMapWM=,1c7o99xjuGBtEauo71/Zc3xq2B0=
-24,-88,dqvUylXMOaMnTnjmTA+K3vMapWM=,EJ9w9woh66BxhSafDGLGbEEdDLo=
-18,-87,dqvUylXMOaMnTnjmTA+K3vMapWM=,EJ9w9woh66BxhSafDGLGbEEdDLo=
-17,-87,dqvUylXMOaMnTnjmTA+K3vMapWM=,EJ9w9woh66BxhSafDGLGbEEdDLo=
-25,-88,dqvUylXMOaMnTnjmTA+K3vMapWM=,1c7o99xjuGBtEauo71/Zc3xq2B0=
-24,-83,dqvUylXMOaMnTnjmTA+K3vMapWM=,EJ9w9woh66BxhSafDGLGbEEdDLo=
-17,-82,dqvUylXMOaMnTnjmTA+K3vMapWM=,EJ9w9woh66BxhSafDGLGbEEdDLo=
-17,-89,dqvUylXMOaMnTnjmTA+K3vMapWM=,bqb/BXCyyOaq8D+PsFFsF0EjjUA=
-18,-89,dqvUylXMOaMnTnjmTA+K3vMapWM=,bqb/BXCyyOaq8D+PsFFsF0EjjUA=
-19,-85,dqvUylXMOaMnTnjmTA+K3vMapWM=,EJ9w9woh66BxhSafDGLGbEEdDLo=
-22,-89,dqvUylXMOaMnTnjmTA+K3vMapWM=,bqb/BXCyyOaq8D+PsFFsF0EjjUA=
-19,-89,dqvUylXMOaMnTnjmTA+K3vMapWM=,bqb/BXCyyOaq8D+PsFFsF0EjjUA=
-20,-85,dqvUylXMOaMnTnjmTA+K3vMapWM=,EJ9w9woh66BxhSafDGLGbEEdDLo=
-20,-82,dqvUylXMOaMnTnjmTA+K3vMapWM=,EJ9w9woh66BxhSafDGLGbEEdDLo=
-25,-84,dqvUylXMOaMnTnjmTA+K3vMapWM=,1c7o99xjuGBtEauo71/Zc3xq2B0=
-21,-82,dqvUylXMOaMnTnjmTA+K3vMapWM=,EJ9w9woh66BxhSafDGLGbEEdDLo=
-21,-85,dqvUylXMOaMnTnjmTA+K3vMapWM=,EJ9w9woh66BxhSafDGLGbEEdDLo=
-21,-89,dqvUylXMOaMnTnjmTA+K3vMapWM=,bqb/BXCyyOaq8D+PsFFsF0EjjUA=
-19,-88,dqvUylXMOaMnTnjmTA+K3vMapWM=,EJ9w9woh66BxhSafDGLGbEEdDLo=
-18,-82,dqvUylXMOaMnTnjmTA+K3vMapWM=,EJ9w9woh66BxhSafDGLGbEEdDLo=
-18,-86,dqvUylXMOaMnTnjmTA+K3vMapWM=,EJ9w9woh66BxhSafDGLGbEEdDLo=
-22,-82,dqvUylXMOaMnTnjmTA+K3vMapWM=,EJ9w9woh66BxhSafDGLGbEEdDLo=
-23,-82,dqvUylXMOaMnTnjmTA+K3vMapWM=,EJ9w9woh66BxhSafDGLGbEEdDLo=
-22,-85,dqvUylXMOaMnTnjmTA+K3vMapWM=,EJ9w9woh66BxhSafDGLGbEEdDLo=
-17,-81,dqvUylXMOaMnTnjmTA+K3vMapWM=,EJ9w9woh66BxhSafDGLGbEEdDLo=
-19,-82,dqvUylXMOaMnTnjmTA+K3vMapWM=,EJ9w9woh66BxhSafDGLGbEEdDLo=
-23,-88,dqvUylXMOaMnTnjmTA+K3vMapWM=,EJ9w9woh66BxhSafDGLGbEEdDLo=
-19,-86,dqvUylXMOaMnTnjmTA+K3vMapWM=,EJ9w9woh66BxhSafDGLGbEEdDLo=
-23,-85,dqvUylXMOaMnTnjmTA+K3vMapWM=,EJ9w9woh66BxhSafDGLGbEEdDLo=
-20,-88,dqvUylXMOaMnTnjmTA+K3vMapWM=,EJ9w9woh66BxhSafDGLGbEEdDLo=
-25,-85,dqvUylXMOaMnTnjmTA+K3vMapWM=,1c7o99xjuGBtEauo71/Zc3xq2B0=
-17,-86,dqvUylXMOaMnTnjmTA+K3vMapWM=,EJ9w9woh66BxhSafDGLGbEEdDLo=
-19,-87,dqvUylXMOaMnTnjmTA+K3vMapWM=,EJ9w9woh66BxhSafDGLGbEEdDLo=
-20,-86,dqvUylXMOaMnTnjmTA+K3vMapWM=,EJ9w9woh66BxhSafDGLGbEEdDLo=
-20,-89,dqvUylXMOaMnTnjmTA+K3vMapWM=,bqb/BXCyyOaq8D+PsFFsF0EjjUA=
-18,-88,dqvUylXMOaMnTnjmTA+K3vMapWM=,EJ9w9woh66BxhSafDGLGbEEdDLo=
-19,-83,dqvUylXMOaMnTnjmTA+K3vMapWM=,EJ9w9woh66BxhSafDGLGbEEdDLo=
-17,-84,dqvUylXMOaMnTnjmTA+K3vMapWM=,EJ9w9woh66BxhSafDGLGbEEdDLo=
-21,-86,dqvUylXMOaMnTnjmTA+K3vMapWM=,EJ9w9woh66BxhSafDGLGbEEdDLo=
-21,-88,dqvUylXMOaMnTnjmTA+K3vMapWM=,EJ9w9woh66BxhSafDGLGbEEdDLo=
-22,-86,dqvUylXMOaMnTnjmTA+K3vMapWM=,EJ9w9woh66BxhSafDGLGbEEdDLo=
-23,-86,dqvUylXMOaMnTnjmTA+K3vMapWM=,EJ9w9woh66BxhSafDGLGbEEdDLo=
-24,-82,dqvUylXMOaMnTnjmTA+K3vMapWM=,EJ9w9woh66BxhSafDGLGbEEdDLo=
-23,-87,dqvUylXMOaMnTnjmTA+K3vMapWM=,EJ9w9woh66BxhSafDGLGbEEdDLo=
-24,-89,dqvUylXMOaMnTnjmTA+K3vMapWM=,bqb/BXCyyOaq8D+PsFFsF0EjjUA=
-17,-83,dqvUylXMOaMnTnjmTA+K3vMapWM=,EJ9w9woh66BxhSafDGLGbEEdDLo=
-17,-88,dqvUylXMOaMnTnjmTA+K3vMapWM=,EJ9w9woh66BxhSafDGLGbEEdDLo=
-18,-83,dqvUylXMOaMnTnjmTA+K3vMapWM=,EJ9w9woh66BxhSafDGLGbEEdDLo=
-22,-87,dqvUylXMOaMnTnjmTA+K3vMapWM=,EJ9w9woh66BxhSafDGLGbEEdDLo=
-22,-88,dqvUylXMOaMnTnjmTA+K3vMapWM=,EJ9w9woh66BxhSafDGLGbEEdDLo=
-23,-89,dqvUylXMOaMnTnjmTA+K3vMapWM=,bqb/BXCyyOaq8D+PsFFsF0EjjUA=
-24,-87,dqvUylXMOaMnTnjmTA+K3vMapWM=,EJ9w9woh66BxhSafDGLGbEEdDLo=
-20,-87,dqvUylXMOaMnTnjmTA+K3vMapWM=,EJ9w9woh66BxhSafDGLGbEEdDLo=
