76,45,nLlXqJQ3brfybU4dE+BlGk0MquE=,x1+FG0a590nRBWIihbmt1+wm4kM=
75,45,nLlXqJQ3brfybU4dE+BlGk0MquE=,x1+FG0a590nRBWIihbmt1+wm4kM=
74,45,nLlXqJQ3brfybU4dE+BlGk0MquE=,x1+FG0a590nRBWIihbmt1+wm4kM=
73,45,nLlXqJQ3brfybU4dE+BlGk0MquE=,x1+FG0a590nRBWIihbmt1+wm4kM=
78,44,nLlXqJQ3brfybU4dE+BlGk0MquE=,x1+FG0a590nRBWIihbmt1+wm4kM=
77,44,nLlXqJQ3brfybU4dE+BlGk0MquE=,x1+FG0a590nRBWIihbmt1+wm4kM=
76,44,nLlXqJQ3brfybU4dE+BlGk0MquE=,x1+FG0a590nRBWIihbmt1+wm4kM=
75,44,nLlXqJQ3brfybU4dE+BlGk0MquE=,x1+FG0a590nRBWIihbmt1+wm4kM=
74,44,nLlXqJQ3brfybU4dE+BlGk0MquE=,x1+FG0a590nRBWIihbmt1+wm4kM=
73,44,nLlXqJQ3brfybU4dE+BlGk0MquE=,x1+FG0a590nRBWIihbmt1+wm4kM=
78,43,nLlXqJQ3brfybU4dE+BlGk0MquE=,x1+FG0a590nRBWIihbmt1+wm4kM=
77,43,nLlXqJQ3brfybU4dE+BlGk0MquE=,x1+FG0a590nRBWIihbmt1+wm4kM=
76,43,nLlXqJQ3brfybU4dE+BlGk0MquE=,x1+FG0a590nRBWIihbmt1+wm4kM=
75,43,nLlXqJQ3brfybU4dE+BlGk0MquE=,x1+FG0a590nRBWIihbmt1+wm4kM=
74,43,nLlXqJQ3brfybU4dE+BlGk0MquE=,x1+FG0a590nRBWIihbmt1+wm4kM=
73,43,nLlXqJQ3brfybU4dE+BlGk0MquE=,x1+FG0a590nRBWIihbmt1+wm4kM=
78,42,nLlXqJQ3brfybU4dE+BlGk0MquE=,x1+FG0a590nRBWIihbmt1+wm4kM=
77,42,nLlXqJQ3brfybU4dE+BlGk0MquE=,x1+FG0a590nRBWIihbmt1+wm4kM=
76,42,nLlXqJQ3brfybU4dE+BlGk0MquE=,x1+FG0a590nRBWIihbmt1+wm4kM=
75,42,nLlXqJQ3brfybU4dE+BlGk0MquE=,x1+FG0a590nRBWIihbmt1+wm4kM=
74,42,nLlXqJQ3brfybU4dE+BlGk0MquE=,x1+FG0a590nRBWIihbmt1+wm4kM=
73,42,nLlXqJQ3brfybU4dE+BlGk0MquE=,x1+FG0a590nRBWIihbmt1+wm4kM=
78,46,nLlXqJQ3brfybU4dE+BlGk0MquE=,x1+FG0a590nRBWIihbmt1+wm4kM=
76,46,nLlXqJQ3brfybU4dE+BlGk0MquE=,x1+FG0a590nRBWIihbmt1+wm4kM=
77,46,nLlXqJQ3brfybU4dE+BlGk0MquE=,x1+FG0a590nRBWIihbmt1+wm4kM=
77,41,nLlXqJQ3brfybU4dE+BlGk0MquE=,x1+FG0a590nRBWIihbmt1+wm4kM=
74,46,nLlXqJQ3brfybU4dE+BlGk0MquE=,x1+FG0a590nRBWIihbmt1+wm4kM=
75,46,nLlXqJQ3brfybU4dE+BlGk0MquE=,x1+FG0a590nRBWIihbmt1+wm4kM=
75,41,nLlXqJQ3brfybU4dE+BlGk0MquE=,x1+FG0a590nRBWIihbmt1+wm4kM=
74,41,nLlXqJQ3brfybU4dE+BlGk0MquE=,x1+FG0a590nRBWIihbmt1+wm4kM=
73,46,nLlXqJQ3brfybU4dE+BlGk0MquE=,x1+FG0a590nRBWIihbmt1+wm4kM=
73,41,nLlXqJQ3brfybU4dE+BlGk0MquE=,x1+FG0a590nRBWIihbmt1+wm4kM=
78,45,nLlXqJQ3brfybU4dE+BlGk0MquE=,x1+FG0a590nRBWIihbmt1+wm4kM=
76,41,nLlXqJQ3brfybU4dE+BlGk0MquE=,x1+FG0a590nRBWIihbmt1+wm4kM=
78,41,nLlXqJQ3brfybU4dE+BlGk0MquE=,x1+FG0a590nRBWIihbmt1+wm4kM=
77,45,nLlXqJQ3brfybU4dE+BlGk0MquE=,x1+FG0a590nRBWIihbmt1+wm4kM=
68,47,nLlXqJQ3brfybU4dE+BlGk0MquE=,hBh3Evwob2Rh20C+AqFhakNc56E=
70,47,nLlXqJQ3brfybU4dE+BlGk0MquE=,hBh3Evwob2Rh20C+AqFhakNc56E=
69,47,nLlXqJQ3brfybU4dE+BlGk0MquE=,hBh3Evwob2Rh20C+AqFhakNc56E=
72,45,nLlXqJQ3brfybU4dE+BlGk0MquE=,x1+FG0a590nRBWIihbmt1+wm4kM=
67,47,nLlXqJQ3brfybU4dE+BlGk0MquE=,hBh3Evwob2Rh20C+AqFhakNc56E=
66,47,nLlXqJQ3brfybU4dE+BlGk0MquE=,hBh3Evwob2Rh20C+AqFhakNc56E=
65,47,nLlXqJQ3brfybU4dE+BlGk0MquE=,hBh3Evwob2Rh20C+AqFhakNc56E=
71,46,nLlXqJQ3brfybU4dE+BlGk0MquE=,hBh3Evwob2Rh20C+AqFhakNc56E=
70,46,nLlXqJQ3brfybU4dE+BlGk0MquE=,hBh3Evwob2Rh20C+AqFhakNc56E=
69,46,nLlXqJQ3brfybU4dE+BlGk0MquE=,hBh3Evwob2Rh20C+AqFhakNc56E=
68,46,nLlXqJQ3brfybU4dE+BlGk0MquE=,hBh3Evwob2Rh20C+AqFhakNc56E=
67,46,nLlXqJQ3brfybU4dE+BlGk0MquE=,hBh3Evwob2Rh20C+AqFhakNc56E=
72,44,nLlXqJQ3brfybU4dE+BlGk0MquE=,x1+FG0a590nRBWIihbmt1+wm4kM=
66,46,nLlXqJQ3brfybU4dE+BlGk0MquE=,hBh3Evwob2Rh20C+AqFhakNc56E=
65,46,nLlXqJQ3brfybU4dE+BlGk0MquE=,hBh3Evwob2Rh20C+AqFhakNc56E=
64,46,nLlXqJQ3brfybU4dE+BlGk0MquE=,hBh3Evwob2Rh20C+AqFhakNc56E=
71,45,nLlXqJQ3brfybU4dE+BlGk0MquE=,hBh3Evwob2Rh20C+AqFhakNc56E=
70,45,nLlXqJQ3brfybU4dE+BlGk0MquE=,hBh3Evwob2Rh20C+AqFhakNc56E=
69,45,nLlXqJQ3brfybU4dE+BlGk0MquE=,hBh3Evwob2Rh20C+AqFhakNc56E=
68,45,nLlXqJQ3brfybU4dE+BlGk0MquE=,hBh3Evwob2Rh20C+AqFhakNc56E=
67,45,nLlXqJQ3brfybU4dE+BlGk0MquE=,hBh3Evwob2Rh20C+AqFhakNc56E=
66,45,nLlXqJQ3brfybU4dE+BlGk0MquE=,hBh3Evwob2Rh20C+AqFhakNc56E=
65,45,nLlXqJQ3brfybU4dE+BlGk0MquE=,hBh3Evwob2Rh20C+AqFhakNc56E=
64,41,nLlXqJQ3brfybU4dE+BlGk0MquE=,hBh3Evwob2Rh20C+AqFhakNc56E=
72,46,nLlXqJQ3brfybU4dE+BlGk0MquE=,x1+FG0a590nRBWIihbmt1+wm4kM=
64,45,nLlXqJQ3brfybU4dE+BlGk0MquE=,hBh3Evwob2Rh20C+AqFhakNc56E=
71,44,nLlXqJQ3brfybU4dE+BlGk0MquE=,hBh3Evwob2Rh20C+AqFhakNc56E=
70,44,nLlXqJQ3brfybU4dE+BlGk0MquE=,hBh3Evwob2Rh20C+AqFhakNc56E=
69,44,nLlXqJQ3brfybU4dE+BlGk0MquE=,hBh3Evwob2Rh20C+AqFhakNc56E=
68,44,nLlXqJQ3brfybU4dE+BlGk0MquE=,hBh3Evwob2Rh20C+AqFhakNc56E=
67,44,nLlXqJQ3brfybU4dE+BlGk0MquE=,hBh3Evwob2Rh20C+AqFhakNc56E=
66,44,nLlXqJQ3brfybU4dE+BlGk0MquE=,hBh3Evwob2Rh20C+AqFhakNc56E=
65,44,nLlXqJQ3brfybU4dE+BlGk0MquE=,hBh3Evwob2Rh20C+AqFhakNc56E=
64,44,nLlXqJQ3brfybU4dE+BlGk0MquE=,hBh3Evwob2Rh20C+AqFhakNc56E=
72,43,nLlXqJQ3brfybU4dE+BlGk0MquE=,x1+FG0a590nRBWIihbmt1+wm4kM=
72,42,nLlXqJQ3brfybU4dE+BlGk0MquE=,x1+FG0a590nRBWIihbmt1+wm4kM=
71,43,nLlXqJQ3brfybU4dE+BlGk0MquE=,hBh3Evwob2Rh20C+AqFhakNc56E=
70,43,nLlXqJQ3brfybU4dE+BlGk0MquE=,hBh3Evwob2Rh20C+AqFhakNc56E=
69,43,nLlXqJQ3brfybU4dE+BlGk0MquE=,hBh3Evwob2Rh20C+AqFhakNc56E=
68,43,nLlXqJQ3brfybU4dE+BlGk0MquE=,hBh3Evwob2Rh20C+AqFhakNc56E=
67,43,nLlXqJQ3brfybU4dE+BlGk0MquE=,hBh3Evwob2Rh20C+AqFhakNc56E=
66,43,nLlXqJQ3brfybU4dE+BlGk0MquE=,hBh3Evwob2Rh20C+AqFhakNc56E=
65,43,nLlXqJQ3brfybU4dE+BlGk0MquE=,hBh3Evwob2Rh20C+AqFhakNc56E=
71,42,nLlXqJQ3brfybU4dE+BlGk0MquE=,hBh3Evwob2Rh20C+AqFhakNc56E=
70,42,nLlXqJQ3brfybU4dE+BlGk0MquE=,hBh3Evwob2Rh20C+AqFhakNc56E=
69,42,nLlXqJQ3brfybU4dE+BlGk0MquE=,hBh3Evwob2Rh20C+AqFhakNc56E=
68,42,nLlXqJQ3brfybU4dE+BlGk0MquE=,hBh3Evwob2Rh20C+AqFhakNc56E=
67,42,nLlXqJQ3brfybU4dE+BlGk0MquE=,hBh3Evwob2Rh20C+AqFhakNc56E=
65,41,nLlXqJQ3brfybU4dE+BlGk0MquE=,hBh3Evwob2Rh20C+AqFhakNc56E=
64,43,nLlXqJQ3brfybU4dE+BlGk0MquE=,hBh3Evwob2Rh20C+AqFhakNc56E=
66,42,nLlXqJQ3brfybU4dE+BlGk0MquE=,hBh3Evwob2Rh20C+AqFhakNc56E=
72,41,nLlXqJQ3brfybU4dE+BlGk0MquE=,x1+FG0a590nRBWIihbmt1+wm4kM=
65,42,nLlXqJQ3brfybU4dE+BlGk0MquE=,hBh3Evwob2Rh20C+AqFhakNc56E=
66,41,nLlXqJQ3brfybU4dE+BlGk0MquE=,hBh3Evwob2Rh20C+AqFhakNc56E=
67,41,nLlXqJQ3brfybU4dE+BlGk0MquE=,hBh3Evwob2Rh20C+AqFhakNc56E=
68,41,nLlXqJQ3brfybU4dE+BlGk0MquE=,hBh3Evwob2Rh20C+AqFhakNc56E=
69,41,nLlXqJQ3brfybU4dE+BlGk0MquE=,hBh3Evwob2Rh20C+AqFhakNc56E=
70,41,nLlXqJQ3brfybU4dE+BlGk0MquE=,hBh3Evwob2Rh20C+AqFhakNc56E=
71,41,nLlXqJQ3brfybU4dE+BlGk0MquE=,hBh3Evwob2Rh20C+AqFhakNc56E=
64,42,nLlXqJQ3brfybU4dE+BlGk0MquE=,hBh3Evwob2Rh20C+AqFhakNc56E=
79,45,nLlXqJQ3brfybU4dE+BlGk0MquE=,x1+FG0a590nRBWIihbmt1+wm4kM=
79,41,nLlXqJQ3brfybU4dE+BlGk0MquE=,x1+FG0a590nRBWIihbmt1+wm4kM=
79,46,nLlXqJQ3brfybU4dE+BlGk0MquE=,x1+FG0a590nRBWIihbmt1+wm4kM=
79,42,nLlXqJQ3brfybU4dE+BlGk0MquE=,x1+FG0a590nRBWIihbmt1+wm4kM=
79,43,nLlXqJQ3brfybU4dE+BlGk0MquE=,x1+FG0a590nRBWIihbmt1+wm4kM=
79,44,nLlXqJQ3brfybU4dE+BlGk0MquE=,x1+FG0a590nRBWIihbmt1+wm4kM=
71,47,nLlXqJQ3brfybU4dE+BlGk0MquE=,hBh3Evwob2Rh20C+AqFhakNc56E=
72,47,nLlXqJQ3brfybU4dE+BlGk0MquE=,x1+FG0a590nRBWIihbmt1+wm4kM=
73,47,nLlXqJQ3brfybU4dE+BlGk0MquE=,x1+FG0a590nRBWIihbmt1+wm4kM=
74,47,nLlXqJQ3brfybU4dE+BlGk0MquE=,x1+FG0a590nRBWIihbmt1+wm4kM=
75,47,nLlXqJQ3brfybU4dE+BlGk0MquE=,x1+FG0a590nRBWIihbmt1+wm4kM=
76,47,nLlXqJQ3brfybU4dE+BlGk0MquE=,x1+FG0a590nRBWIihbmt1+wm4kM=
77,47,nLlXqJQ3brfybU4dE+BlGk0MquE=,x1+FG0a590nRBWIihbmt1+wm4kM=
78,47,nLlXqJQ3brfybU4dE+BlGk0MquE=,x1+FG0a590nRBWIihbmt1+wm4kM=
64,47,nLlXqJQ3brfybU4dE+BlGk0MquE=,hBh3Evwob2Rh20C+AqFhakNc56E=
79,47,nLlXqJQ3brfybU4dE+BlGk0MquE=,x1+FG0a590nRBWIihbmt1+wm4kM=
73,40,nLlXqJQ3brfybU4dE+BlGk0MquE=,x1+FG0a590nRBWIihbmt1+wm4kM=
75,35,nLlXqJQ3brfybU4dE+BlGk0MquE=,RjPQQvr/VVcCdM5IZ/jL3IxLVuU=
74,40,nLlXqJQ3brfybU4dE+BlGk0MquE=,x1+FG0a590nRBWIihbmt1+wm4kM=
76,35,nLlXqJQ3brfybU4dE+BlGk0MquE=,RjPQQvr/VVcCdM5IZ/jL3IxLVuU=
79,39,nLlXqJQ3brfybU4dE+BlGk0MquE=,RjPQQvr/VVcCdM5IZ/jL3IxLVuU=
75,40,nLlXqJQ3brfybU4dE+BlGk0MquE=,x1+FG0a590nRBWIihbmt1+wm4kM=
78,39,nLlXqJQ3brfybU4dE+BlGk0MquE=,RjPQQvr/VVcCdM5IZ/jL3IxLVuU=
77,39,nLlXqJQ3brfybU4dE+BlGk0MquE=,RjPQQvr/VVcCdM5IZ/jL3IxLVuU=
76,40,nLlXqJQ3brfybU4dE+BlGk0MquE=,x1+FG0a590nRBWIihbmt1+wm4kM=
75,39,nLlXqJQ3brfybU4dE+BlGk0MquE=,RjPQQvr/VVcCdM5IZ/jL3IxLVuU=
74,39,nLlXqJQ3brfybU4dE+BlGk0MquE=,RjPQQvr/VVcCdM5IZ/jL3IxLVuU=
73,35,nLlXqJQ3brfybU4dE+BlGk0MquE=,RjPQQvr/VVcCdM5IZ/jL3IxLVuU=
74,35,nLlXqJQ3brfybU4dE+BlGk0MquE=,RjPQQvr/VVcCdM5IZ/jL3IxLVuU=
73,39,nLlXqJQ3brfybU4dE+BlGk0MquE=,RjPQQvr/VVcCdM5IZ/jL3IxLVuU=
79,38,nLlXqJQ3brfybU4dE+BlGk0MquE=,RjPQQvr/VVcCdM5IZ/jL3IxLVuU=
78,38,nLlXqJQ3brfybU4dE+BlGk0MquE=,RjPQQvr/VVcCdM5IZ/jL3IxLVuU=
77,40,nLlXqJQ3brfybU4dE+BlGk0MquE=,x1+FG0a590nRBWIihbmt1+wm4kM=
76,39,nLlXqJQ3brfybU4dE+BlGk0MquE=,RjPQQvr/VVcCdM5IZ/jL3IxLVuU=
77,34,nLlXqJQ3brfybU4dE+BlGk0MquE=,RjPQQvr/VVcCdM5IZ/jL3IxLVuU=
76,34,nLlXqJQ3brfybU4dE+BlGk0MquE=,RjPQQvr/VVcCdM5IZ/jL3IxLVuU=
78,34,nLlXqJQ3brfybU4dE+BlGk0MquE=,RjPQQvr/VVcCdM5IZ/jL3IxLVuU=
75,34,nLlXqJQ3brfybU4dE+BlGk0MquE=,RjPQQvr/VVcCdM5IZ/jL3IxLVuU=
74,34,nLlXqJQ3brfybU4dE+BlGk0MquE=,RjPQQvr/VVcCdM5IZ/jL3IxLVuU=
73,34,nLlXqJQ3brfybU4dE+BlGk0MquE=,RjPQQvr/VVcCdM5IZ/jL3IxLVuU=
78,40,nLlXqJQ3brfybU4dE+BlGk0MquE=,x1+FG0a590nRBWIihbmt1+wm4kM=
77,35,nLlXqJQ3brfybU4dE+BlGk0MquE=,RjPQQvr/VVcCdM5IZ/jL3IxLVuU=
78,35,nLlXqJQ3brfybU4dE+BlGk0MquE=,RjPQQvr/VVcCdM5IZ/jL3IxLVuU=
79,35,nLlXqJQ3brfybU4dE+BlGk0MquE=,RjPQQvr/VVcCdM5IZ/jL3IxLVuU=
79,34,nLlXqJQ3brfybU4dE+BlGk0MquE=,RjPQQvr/VVcCdM5IZ/jL3IxLVuU=
77,33,nLlXqJQ3brfybU4dE+BlGk0MquE=,RjPQQvr/VVcCdM5IZ/jL3IxLVuU=
77,38,nLlXqJQ3brfybU4dE+BlGk0MquE=,RjPQQvr/VVcCdM5IZ/jL3IxLVuU=
79,33,nLlXqJQ3brfybU4dE+BlGk0MquE=,RjPQQvr/VVcCdM5IZ/jL3IxLVuU=
76,33,nLlXqJQ3brfybU4dE+BlGk0MquE=,RjPQQvr/VVcCdM5IZ/jL3IxLVuU=
79,40,nLlXqJQ3brfybU4dE+BlGk0MquE=,x1+FG0a590nRBWIihbmt1+wm4kM=
73,36,nLlXqJQ3brfybU4dE+BlGk0MquE=,RjPQQvr/VVcCdM5IZ/jL3IxLVuU=
74,36,nLlXqJQ3brfybU4dE+BlGk0MquE=,RjPQQvr/VVcCdM5IZ/jL3IxLVuU=
75,36,nLlXqJQ3brfybU4dE+BlGk0MquE=,RjPQQvr/VVcCdM5IZ/jL3IxLVuU=
75,33,nLlXqJQ3brfybU4dE+BlGk0MquE=,RjPQQvr/VVcCdM5IZ/jL3IxLVuU=
76,36,nLlXqJQ3brfybU4dE+BlGk0MquE=,RjPQQvr/VVcCdM5IZ/jL3IxLVuU=
77,36,nLlXqJQ3brfybU4dE+BlGk0MquE=,RjPQQvr/VVcCdM5IZ/jL3IxLVuU=
78,36,nLlXqJQ3brfybU4dE+BlGk0MquE=,RjPQQvr/VVcCdM5IZ/jL3IxLVuU=
79,36,nLlXqJQ3brfybU4dE+BlGk0MquE=,RjPQQvr/VVcCdM5IZ/jL3IxLVuU=
78,33,nLlXqJQ3brfybU4dE+BlGk0MquE=,RjPQQvr/VVcCdM5IZ/jL3IxLVuU=
74,33,nLlXqJQ3brfybU4dE+BlGk0MquE=,RjPQQvr/VVcCdM5IZ/jL3IxLVuU=
73,33,nLlXqJQ3brfybU4dE+BlGk0MquE=,RjPQQvr/VVcCdM5IZ/jL3IxLVuU=
76,38,nLlXqJQ3brfybU4dE+BlGk0MquE=,RjPQQvr/VVcCdM5IZ/jL3IxLVuU=
73,37,nLlXqJQ3brfybU4dE+BlGk0MquE=,RjPQQvr/VVcCdM5IZ/jL3IxLVuU=
74,37,nLlXqJQ3brfybU4dE+BlGk0MquE=,RjPQQvr/VVcCdM5IZ/jL3IxLVuU=
75,37,nLlXqJQ3brfybU4dE+BlGk0MquE=,RjPQQvr/VVcCdM5IZ/jL3IxLVuU=
76,37,nLlXqJQ3brfybU4dE+BlGk0MquE=,RjPQQvr/VVcCdM5IZ/jL3IxLVuU=
77,37,nLlXqJQ3brfybU4dE+BlGk0MquE=,RjPQQvr/VVcCdM5IZ/jL3IxLVuU=
78,37,nLlXqJQ3brfybU4dE+BlGk0MquE=,RjPQQvr/VVcCdM5IZ/jL3IxLVuU=
79,37,nLlXqJQ3brfybU4dE+BlGk0MquE=,RjPQQvr/VVcCdM5IZ/jL3IxLVuU=
73,38,nLlXqJQ3brfybU4dE+BlGk0MquE=,RjPQQvr/VVcCdM5IZ/jL3IxLVuU=
79,32,nLlXqJQ3brfybU4dE+BlGk0MquE=,RjPQQvr/VVcCdM5IZ/jL3IxLVuU=
77,32,nLlXqJQ3brfybU4dE+BlGk0MquE=,RjPQQvr/VVcCdM5IZ/jL3IxLVuU=
78,32,nLlXqJQ3brfybU4dE+BlGk0MquE=,RjPQQvr/VVcCdM5IZ/jL3IxLVuU=
74,38,nLlXqJQ3brfybU4dE+BlGk0MquE=,RjPQQvr/VVcCdM5IZ/jL3IxLVuU=
76,32,nLlXqJQ3brfybU4dE+BlGk0MquE=,RjPQQvr/VVcCdM5IZ/jL3IxLVuU=
75,32,nLlXqJQ3brfybU4dE+BlGk0MquE=,RjPQQvr/VVcCdM5IZ/jL3IxLVuU=
74,32,nLlXqJQ3brfybU4dE+BlGk0MquE=,RjPQQvr/VVcCdM5IZ/jL3IxLVuU=
73,32,nLlXqJQ3brfybU4dE+BlGk0MquE=,RjPQQvr/VVcCdM5IZ/jL3IxLVuU=
75,38,nLlXqJQ3brfybU4dE+BlGk0MquE=,RjPQQvr/VVcCdM5IZ/jL3IxLVuU=
68,33,nLlXqJQ3brfybU4dE+BlGk0MquE=,3CRoaNMxwpkHaWnVXSry9AgjhFA=
69,38,nLlXqJQ3brfybU4dE+BlGk0MquE=,3CRoaNMxwpkHaWnVXSry9AgjhFA=
72,35,nLlXqJQ3brfybU4dE+BlGk0MquE=,RjPQQvr/VVcCdM5IZ/jL3IxLVuU=
69,37,nLlXqJQ3brfybU4dE+BlGk0MquE=,3CRoaNMxwpkHaWnVXSry9AgjhFA=
67,34,nLlXqJQ3brfybU4dE+BlGk0MquE=,3CRoaNMxwpkHaWnVXSry9AgjhFA=
68,39,nLlXqJQ3brfybU4dE+BlGk0MquE=,3CRoaNMxwpkHaWnVXSry9AgjhFA=
69,39,nLlXqJQ3brfybU4dE+BlGk0MquE=,3CRoaNMxwpkHaWnVXSry9AgjhFA=
69,33,nLlXqJQ3brfybU4dE+BlGk0MquE=,3CRoaNMxwpkHaWnVXSry9AgjhFA=
70,39,nLlXqJQ3brfybU4dE+BlGk0MquE=,3CRoaNMxwpkHaWnVXSry9AgjhFA=
70,33,nLlXqJQ3brfybU4dE+BlGk0MquE=,3CRoaNMxwpkHaWnVXSry9AgjhFA=
71,39,nLlXqJQ3brfybU4dE+BlGk0MquE=,3CRoaNMxwpkHaWnVXSry9AgjhFA=
67,39,nLlXqJQ3brfybU4dE+BlGk0MquE=,3CRoaNMxwpkHaWnVXSry9AgjhFA=
68,38,nLlXqJQ3brfybU4dE+BlGk0MquE=,3CRoaNMxwpkHaWnVXSry9AgjhFA=
72,39,nLlXqJQ3brfybU4dE+BlGk0MquE=,RjPQQvr/VVcCdM5IZ/jL3IxLVuU=
68,32,nLlXqJQ3brfybU4dE+BlGk0MquE=,3CRoaNMxwpkHaWnVXSry9AgjhFA=
64,40,nLlXqJQ3brfybU4dE+BlGk0MquE=,hBh3Evwob2Rh20C+AqFhakNc56E=
65,32,nLlXqJQ3brfybU4dE+BlGk0MquE=,3CRoaNMxwpkHaWnVXSry9AgjhFA=
71,33,nLlXqJQ3brfybU4dE+BlGk0MquE=,3CRoaNMxwpkHaWnVXSry9AgjhFA=
66,34,nLlXqJQ3brfybU4dE+BlGk0MquE=,3CRoaNMxwpkHaWnVXSry9AgjhFA=
65,40,nLlXqJQ3brfybU4dE+BlGk0MquE=,hBh3Evwob2Rh20C+AqFhakNc56E=
72,40,nLlXqJQ3brfybU4dE+BlGk0MquE=,x1+FG0a590nRBWIihbmt1+wm4kM=
66,39,nLlXqJQ3brfybU4dE+BlGk0MquE=,3CRoaNMxwpkHaWnVXSry9AgjhFA=
64,32,nLlXqJQ3brfybU4dE+BlGk0MquE=,3CRoaNMxwpkHaWnVXSry9AgjhFA=
65,34,nLlXqJQ3brfybU4dE+BlGk0MquE=,3CRoaNMxwpkHaWnVXSry9AgjhFA=
72,34,nLlXqJQ3brfybU4dE+BlGk0MquE=,RjPQQvr/VVcCdM5IZ/jL3IxLVuU=
65,39,nLlXqJQ3brfybU4dE+BlGk0MquE=,3CRoaNMxwpkHaWnVXSry9AgjhFA=
72,33,nLlXqJQ3brfybU4dE+BlGk0MquE=,RjPQQvr/VVcCdM5IZ/jL3IxLVuU=
66,40,nLlXqJQ3brfybU4dE+BlGk0MquE=,hBh3Evwob2Rh20C+AqFhakNc56E=
67,32,nLlXqJQ3brfybU4dE+BlGk0MquE=,3CRoaNMxwpkHaWnVXSry9AgjhFA=
64,39,nLlXqJQ3brfybU4dE+BlGk0MquE=,3CRoaNMxwpkHaWnVXSry9AgjhFA=
70,37,nLlXqJQ3brfybU4dE+BlGk0MquE=,3CRoaNMxwpkHaWnVXSry9AgjhFA=
70,38,nLlXqJQ3brfybU4dE+BlGk0MquE=,3CRoaNMxwpkHaWnVXSry9AgjhFA=
68,37,nLlXqJQ3brfybU4dE+BlGk0MquE=,3CRoaNMxwpkHaWnVXSry9AgjhFA=
67,33,nLlXqJQ3brfybU4dE+BlGk0MquE=,3CRoaNMxwpkHaWnVXSry9AgjhFA=
71,36,nLlXqJQ3brfybU4dE+BlGk0MquE=,3CRoaNMxwpkHaWnVXSry9AgjhFA=
70,36,nLlXqJQ3brfybU4dE+BlGk0MquE=,3CRoaNMxwpkHaWnVXSry9AgjhFA=
65,36,nLlXqJQ3brfybU4dE+BlGk0MquE=,3CRoaNMxwpkHaWnVXSry9AgjhFA=
69,36,nLlXqJQ3brfybU4dE+BlGk0MquE=,3CRoaNMxwpkHaWnVXSry9AgjhFA=
72,32,nLlXqJQ3brfybU4dE+BlGk0MquE=,RjPQQvr/VVcCdM5IZ/jL3IxLVuU=
67,40,nLlXqJQ3brfybU4dE+BlGk0MquE=,hBh3Evwob2Rh20C+AqFhakNc56E=
67,37,nLlXqJQ3brfybU4dE+BlGk0MquE=,3CRoaNMxwpkHaWnVXSry9AgjhFA=
66,32,nLlXqJQ3brfybU4dE+BlGk0MquE=,3CRoaNMxwpkHaWnVXSry9AgjhFA=
64,36,nLlXqJQ3brfybU4dE+BlGk0MquE=,3CRoaNMxwpkHaWnVXSry9AgjhFA=
68,40,nLlXqJQ3brfybU4dE+BlGk0MquE=,hBh3Evwob2Rh20C+AqFhakNc56E=
66,33,nLlXqJQ3brfybU4dE+BlGk0MquE=,3CRoaNMxwpkHaWnVXSry9AgjhFA=
72,38,nLlXqJQ3brfybU4dE+BlGk0MquE=,RjPQQvr/VVcCdM5IZ/jL3IxLVuU=
65,35,nLlXqJQ3brfybU4dE+BlGk0MquE=,3CRoaNMxwpkHaWnVXSry9AgjhFA=
71,34,nLlXqJQ3brfybU4dE+BlGk0MquE=,3CRoaNMxwpkHaWnVXSry9AgjhFA=
64,35,nLlXqJQ3brfybU4dE+BlGk0MquE=,3CRoaNMxwpkHaWnVXSry9AgjhFA=
68,36,nLlXqJQ3brfybU4dE+BlGk0MquE=,3CRoaNMxwpkHaWnVXSry9AgjhFA=
66,36,nLlXqJQ3brfybU4dE+BlGk0MquE=,3CRoaNMxwpkHaWnVXSry9AgjhFA=
66,35,nLlXqJQ3brfybU4dE+BlGk0MquE=,3CRoaNMxwpkHaWnVXSry9AgjhFA=
69,40,nLlXqJQ3brfybU4dE+BlGk0MquE=,hBh3Evwob2Rh20C+AqFhakNc56E=
64,37,nLlXqJQ3brfybU4dE+BlGk0MquE=,3CRoaNMxwpkHaWnVXSry9AgjhFA=
67,36,nLlXqJQ3brfybU4dE+BlGk0MquE=,3CRoaNMxwpkHaWnVXSry9AgjhFA=
71,40,nLlXqJQ3brfybU4dE+BlGk0MquE=,hBh3Evwob2Rh20C+AqFhakNc56E=
70,40,nLlXqJQ3brfybU4dE+BlGk0MquE=,hBh3Evwob2Rh20C+AqFhakNc56E=
64,34,nLlXqJQ3brfybU4dE+BlGk0MquE=,3CRoaNMxwpkHaWnVXSry9AgjhFA=
70,34,nLlXqJQ3brfybU4dE+BlGk0MquE=,3CRoaNMxwpkHaWnVXSry9AgjhFA=
69,34,nLlXqJQ3brfybU4dE+BlGk0MquE=,3CRoaNMxwpkHaWnVXSry9AgjhFA=
71,35,nLlXqJQ3brfybU4dE+BlGk0MquE=,3CRoaNMxwpkHaWnVXSry9AgjhFA=
66,37,nLlXqJQ3brfybU4dE+BlGk0MquE=,3CRoaNMxwpkHaWnVXSry9AgjhFA=
65,33,nLlXqJQ3brfybU4dE+BlGk0MquE=,3CRoaNMxwpkHaWnVXSry9AgjhFA=
66,38,nLlXqJQ3brfybU4dE+BlGk0MquE=,3CRoaNMxwpkHaWnVXSry9AgjhFA=
68,34,nLlXqJQ3brfybU4dE+BlGk0MquE=,3CRoaNMxwpkHaWnVXSry9AgjhFA=
65,37,nLlXqJQ3brfybU4dE+BlGk0MquE=,3CRoaNMxwpkHaWnVXSry9AgjhFA=
65,38,nLlXqJQ3brfybU4dE+BlGk0MquE=,3CRoaNMxwpkHaWnVXSry9AgjhFA=
70,35,nLlXqJQ3brfybU4dE+BlGk0MquE=,3CRoaNMxwpkHaWnVXSry9AgjhFA=
69,35,nLlXqJQ3brfybU4dE+BlGk0MquE=,3CRoaNMxwpkHaWnVXSry9AgjhFA=
64,38,nLlXqJQ3brfybU4dE+BlGk0MquE=,3CRoaNMxwpkHaWnVXSry9AgjhFA=
67,38,nLlXqJQ3brfybU4dE+BlGk0MquE=,3CRoaNMxwpkHaWnVXSry9AgjhFA=
71,32,nLlXqJQ3brfybU4dE+BlGk0MquE=,3CRoaNMxwpkHaWnVXSry9AgjhFA=
72,37,nLlXqJQ3brfybU4dE+BlGk0MquE=,RjPQQvr/VVcCdM5IZ/jL3IxLVuU=
71,37,nLlXqJQ3brfybU4dE+BlGk0MquE=,3CRoaNMxwpkHaWnVXSry9AgjhFA=
70,32,nLlXqJQ3brfybU4dE+BlGk0MquE=,3CRoaNMxwpkHaWnVXSry9AgjhFA=
69,32,nLlXqJQ3brfybU4dE+BlGk0MquE=,3CRoaNMxwpkHaWnVXSry9AgjhFA=
71,38,nLlXqJQ3brfybU4dE+BlGk0MquE=,3CRoaNMxwpkHaWnVXSry9AgjhFA=
64,33,nLlXqJQ3brfybU4dE+BlGk0MquE=,3CRoaNMxwpkHaWnVXSry9AgjhFA=
72,36,nLlXqJQ3brfybU4dE+BlGk0MquE=,RjPQQvr/VVcCdM5IZ/jL3IxLVuU=
67,35,nLlXqJQ3brfybU4dE+BlGk0MquE=,3CRoaNMxwpkHaWnVXSry9AgjhFA=
68,35,nLlXqJQ3brfybU4dE+BlGk0MquE=,3CRoaNMxwpkHaWnVXSry9AgjhFA=
76,62,RhFqwIYl5Z6mdT0AXIkXtv8+1/o=,M6amoMxMTvZ4NbkujwkvEWB1MvI=
78,61,RhFqwIYl5Z6mdT0AXIkXtv8+1/o=,M6amoMxMTvZ4NbkujwkvEWB1MvI=
79,61,RhFqwIYl5Z6mdT0AXIkXtv8+1/o=,M6amoMxMTvZ4NbkujwkvEWB1MvI=
76,63,RhFqwIYl5Z6mdT0AXIkXtv8+1/o=,M6amoMxMTvZ4NbkujwkvEWB1MvI=
72,62,RhFqwIYl5Z6mdT0AXIkXtv8+1/o=,M6amoMxMTvZ4NbkujwkvEWB1MvI=
73,56,RhFqwIYl5Z6mdT0AXIkXtv8+1/o=,M6amoMxMTvZ4NbkujwkvEWB1MvI=
74,60,RhFqwIYl5Z6mdT0AXIkXtv8+1/o=,M6amoMxMTvZ4NbkujwkvEWB1MvI=
77,63,RhFqwIYl5Z6mdT0AXIkXtv8+1/o=,M6amoMxMTvZ4NbkujwkvEWB1MvI=
78,63,RhFqwIYl5Z6mdT0AXIkXtv8+1/o=,M6amoMxMTvZ4NbkujwkvEWB1MvI=
77,62,RhFqwIYl5Z6mdT0AXIkXtv8+1/o=,M6amoMxMTvZ4NbkujwkvEWB1MvI=
77,61,RhFqwIYl5Z6mdT0AXIkXtv8+1/o=,M6amoMxMTvZ4NbkujwkvEWB1MvI=
75,62,RhFqwIYl5Z6mdT0AXIkXtv8+1/o=,M6amoMxMTvZ4NbkujwkvEWB1MvI=
75,58,RhFqwIYl5Z6mdT0AXIkXtv8+1/o=,M6amoMxMTvZ4NbkujwkvEWB1MvI=
75,63,RhFqwIYl5Z6mdT0AXIkXtv8+1/o=,M6amoMxMTvZ4NbkujwkvEWB1MvI=
73,60,RhFqwIYl5Z6mdT0AXIkXtv8+1/o=,M6amoMxMTvZ4NbkujwkvEWB1MvI=
79,60,RhFqwIYl5Z6mdT0AXIkXtv8+1/o=,M6amoMxMTvZ4NbkujwkvEWB1MvI=
74,62,RhFqwIYl5Z6mdT0AXIkXtv8+1/o=,M6amoMxMTvZ4NbkujwkvEWB1MvI=
72,63,RhFqwIYl5Z6mdT0AXIkXtv8+1/o=,M6amoMxMTvZ4NbkujwkvEWB1MvI=
79,63,RhFqwIYl5Z6mdT0AXIkXtv8+1/o=,M6amoMxMTvZ4NbkujwkvEWB1MvI=
73,62,RhFqwIYl5Z6mdT0AXIkXtv8+1/o=,M6amoMxMTvZ4NbkujwkvEWB1MvI=
76,56,RhFqwIYl5Z6mdT0AXIkXtv8+1/o=,M6amoMxMTvZ4NbkujwkvEWB1MvI=
77,56,RhFqwIYl5Z6mdT0AXIkXtv8+1/o=,M6amoMxMTvZ4NbkujwkvEWB1MvI=
75,60,RhFqwIYl5Z6mdT0AXIkXtv8+1/o=,M6amoMxMTvZ4NbkujwkvEWB1MvI=
78,56,RhFqwIYl5Z6mdT0AXIkXtv8+1/o=,M6amoMxMTvZ4NbkujwkvEWB1MvI=
79,56,RhFqwIYl5Z6mdT0AXIkXtv8+1/o=,M6amoMxMTvZ4NbkujwkvEWB1MvI=
76,57,RhFqwIYl5Z6mdT0AXIkXtv8+1/o=,M6amoMxMTvZ4NbkujwkvEWB1MvI=
74,56,RhFqwIYl5Z6mdT0AXIkXtv8+1/o=,M6amoMxMTvZ4NbkujwkvEWB1MvI=
72,57,RhFqwIYl5Z6mdT0AXIkXtv8+1/o=,M6amoMxMTvZ4NbkujwkvEWB1MvI=
76,58,RhFqwIYl5Z6mdT0AXIkXtv8+1/o=,M6amoMxMTvZ4NbkujwkvEWB1MvI=
72,61,RhFqwIYl5Z6mdT0AXIkXtv8+1/o=,M6amoMxMTvZ4NbkujwkvEWB1MvI=
73,63,RhFqwIYl5Z6mdT0AXIkXtv8+1/o=,M6amoMxMTvZ4NbkujwkvEWB1MvI=
74,59,RhFqwIYl5Z6mdT0AXIkXtv8+1/o=,M6amoMxMTvZ4NbkujwkvEWB1MvI=
78,60,RhFqwIYl5Z6mdT0AXIkXtv8+1/o=,M6amoMxMTvZ4NbkujwkvEWB1MvI=
73,57,RhFqwIYl5Z6mdT0AXIkXtv8+1/o=,M6amoMxMTvZ4NbkujwkvEWB1MvI=
76,61,RhFqwIYl5Z6mdT0AXIkXtv8+1/o=,M6amoMxMTvZ4NbkujwkvEWB1MvI=
74,57,RhFqwIYl5Z6mdT0AXIkXtv8+1/o=,M6amoMxMTvZ4NbkujwkvEWB1MvI=
77,58,RhFqwIYl5Z6mdT0AXIkXtv8+1/o=,M6amoMxMTvZ4NbkujwkvEWB1MvI=
72,56,RhFqwIYl5Z6mdT0AXIkXtv8+1/o=,M6amoMxMTvZ4NbkujwkvEWB1MvI=
79,58,RhFqwIYl5Z6mdT0AXIkXtv8+1/o=,M6amoMxMTvZ4NbkujwkvEWB1MvI=
78,58,RhFqwIYl5Z6mdT0AXIkXtv8+1/o=,M6amoMxMTvZ4NbkujwkvEWB1MvI=
72,59,RhFqwIYl5Z6mdT0AXIkXtv8+1/o=,M6amoMxMTvZ4NbkujwkvEWB1MvI=
75,59,RhFqwIYl5Z6mdT0AXIkXtv8+1/o=,M6amoMxMTvZ4NbkujwkvEWB1MvI=
73,59,RhFqwIYl5Z6mdT0AXIkXtv8+1/o=,M6amoMxMTvZ4NbkujwkvEWB1MvI=
75,57,RhFqwIYl5Z6mdT0AXIkXtv8+1/o=,M6amoMxMTvZ4NbkujwkvEWB1MvI=
77,57,RhFqwIYl5Z6mdT0AXIkXtv8+1/o=,M6amoMxMTvZ4NbkujwkvEWB1MvI=
73,61,RhFqwIYl5Z6mdT0AXIkXtv8+1/o=,M6amoMxMTvZ4NbkujwkvEWB1MvI=
78,57,RhFqwIYl5Z6mdT0AXIkXtv8+1/o=,M6amoMxMTvZ4NbkujwkvEWB1MvI=
76,59,RhFqwIYl5Z6mdT0AXIkXtv8+1/o=,M6amoMxMTvZ4NbkujwkvEWB1MvI=
79,57,RhFqwIYl5Z6mdT0AXIkXtv8+1/o=,M6amoMxMTvZ4NbkujwkvEWB1MvI=
74,61,RhFqwIYl5Z6mdT0AXIkXtv8+1/o=,M6amoMxMTvZ4NbkujwkvEWB1MvI=
77,59,RhFqwIYl5Z6mdT0AXIkXtv8+1/o=,M6amoMxMTvZ4NbkujwkvEWB1MvI=
74,63,RhFqwIYl5Z6mdT0AXIkXtv8+1/o=,M6amoMxMTvZ4NbkujwkvEWB1MvI=
72,58,RhFqwIYl5Z6mdT0AXIkXtv8+1/o=,M6amoMxMTvZ4NbkujwkvEWB1MvI=
72,60,RhFqwIYl5Z6mdT0AXIkXtv8+1/o=,M6amoMxMTvZ4NbkujwkvEWB1MvI=
78,59,RhFqwIYl5Z6mdT0AXIkXtv8+1/o=,M6amoMxMTvZ4NbkujwkvEWB1MvI=
74,58,RhFqwIYl5Z6mdT0AXIkXtv8+1/o=,M6amoMxMTvZ4NbkujwkvEWB1MvI=
76,60,RhFqwIYl5Z6mdT0AXIkXtv8+1/o=,M6amoMxMTvZ4NbkujwkvEWB1MvI=
75,56,RhFqwIYl5Z6mdT0AXIkXtv8+1/o=,M6amoMxMTvZ4NbkujwkvEWB1MvI=
73,58,RhFqwIYl5Z6mdT0AXIkXtv8+1/o=,M6amoMxMTvZ4NbkujwkvEWB1MvI=
77,60,RhFqwIYl5Z6mdT0AXIkXtv8+1/o=,M6amoMxMTvZ4NbkujwkvEWB1MvI=
79,59,RhFqwIYl5Z6mdT0AXIkXtv8+1/o=,M6amoMxMTvZ4NbkujwkvEWB1MvI=
75,61,RhFqwIYl5Z6mdT0AXIkXtv8+1/o=,M6amoMxMTvZ4NbkujwkvEWB1MvI=
79,62,RhFqwIYl5Z6mdT0AXIkXtv8+1/o=,M6amoMxMTvZ4NbkujwkvEWB1MvI=
78,62,RhFqwIYl5Z6mdT0AXIkXtv8+1/o=,M6amoMxMTvZ4NbkujwkvEWB1MvI=
83,63,e+U93IOVmTFEz3MdUNRTk0aZd/Q=,PPCz/e0RGciXIxIEY2Cw1ic5fA0=
84,63,e+U93IOVmTFEz3MdUNRTk0aZd/Q=,PPCz/e0RGciXIxIEY2Cw1ic5fA0=
86,60,e+U93IOVmTFEz3MdUNRTk0aZd/Q=,PPCz/e0RGciXIxIEY2Cw1ic5fA0=
80,56,e+U93IOVmTFEz3MdUNRTk0aZd/Q=,PPCz/e0RGciXIxIEY2Cw1ic5fA0=
85,62,e+U93IOVmTFEz3MdUNRTk0aZd/Q=,PPCz/e0RGciXIxIEY2Cw1ic5fA0=
83,57,e+U93IOVmTFEz3MdUNRTk0aZd/Q=,PPCz/e0RGciXIxIEY2Cw1ic5fA0=
82,57,e+U93IOVmTFEz3MdUNRTk0aZd/Q=,PPCz/e0RGciXIxIEY2Cw1ic5fA0=
81,57,e+U93IOVmTFEz3MdUNRTk0aZd/Q=,PPCz/e0RGciXIxIEY2Cw1ic5fA0=
80,57,e+U93IOVmTFEz3MdUNRTk0aZd/Q=,PPCz/e0RGciXIxIEY2Cw1ic5fA0=
86,56,e+U93IOVmTFEz3MdUNRTk0aZd/Q=,PPCz/e0RGciXIxIEY2Cw1ic5fA0=
81,60,e+U93IOVmTFEz3MdUNRTk0aZd/Q=,PPCz/e0RGciXIxIEY2Cw1ic5fA0=
85,56,e+U93IOVmTFEz3MdUNRTk0aZd/Q=,PPCz/e0RGciXIxIEY2Cw1ic5fA0=
92,63,e+U93IOVmTFEz3MdUNRTk0aZd/Q=,7FPaUnp90iOYO/7yYNYue6/KdDQ=
93,63,e+U93IOVmTFEz3MdUNRTk0aZd/Q=,7FPaUnp90iOYO/7yYNYue6/KdDQ=
94,63,e+U93IOVmTFEz3MdUNRTk0aZd/Q=,7FPaUnp90iOYO/7yYNYue6/KdDQ=
87,63,e+U93IOVmTFEz3MdUNRTk0aZd/Q=,PPCz/e0RGciXIxIEY2Cw1ic5fA0=
88,56,e+U93IOVmTFEz3MdUNRTk0aZd/Q=,7FPaUnp90iOYO/7yYNYue6/KdDQ=
89,56,e+U93IOVmTFEz3MdUNRTk0aZd/Q=,7FPaUnp90iOYO/7yYNYue6/KdDQ=
90,56,e+U93IOVmTFEz3MdUNRTk0aZd/Q=,7FPaUnp90iOYO/7yYNYue6/KdDQ=
85,60,e+U93IOVmTFEz3MdUNRTk0aZd/Q=,PPCz/e0RGciXIxIEY2Cw1ic5fA0=
83,56,e+U93IOVmTFEz3MdUNRTk0aZd/Q=,PPCz/e0RGciXIxIEY2Cw1ic5fA0=
91,63,e+U93IOVmTFEz3MdUNRTk0aZd/Q=,7FPaUnp90iOYO/7yYNYue6/KdDQ=
90,63,e+U93IOVmTFEz3MdUNRTk0aZd/Q=,7FPaUnp90iOYO/7yYNYue6/KdDQ=
89,63,e+U93IOVmTFEz3MdUNRTk0aZd/Q=,7FPaUnp90iOYO/7yYNYue6/KdDQ=
88,63,e+U93IOVmTFEz3MdUNRTk0aZd/Q=,7FPaUnp90iOYO/7yYNYue6/KdDQ=
94,62,e+U93IOVmTFEz3MdUNRTk0aZd/Q=,7FPaUnp90iOYO/7yYNYue6/KdDQ=
81,59,e+U93IOVmTFEz3MdUNRTk0aZd/Q=,PPCz/e0RGciXIxIEY2Cw1ic5fA0=
93,62,e+U93IOVmTFEz3MdUNRTk0aZd/Q=,7FPaUnp90iOYO/7yYNYue6/KdDQ=
92,62,e+U93IOVmTFEz3MdUNRTk0aZd/Q=,7FPaUnp90iOYO/7yYNYue6/KdDQ=
90,62,e+U93IOVmTFEz3MdUNRTk0aZd/Q=,7FPaUnp90iOYO/7yYNYue6/KdDQ=
91,62,e+U93IOVmTFEz3MdUNRTk0aZd/Q=,7FPaUnp90iOYO/7yYNYue6/KdDQ=
89,62,e+U93IOVmTFEz3MdUNRTk0aZd/Q=,7FPaUnp90iOYO/7yYNYue6/KdDQ=
88,62,e+U93IOVmTFEz3MdUNRTk0aZd/Q=,7FPaUnp90iOYO/7yYNYue6/KdDQ=
95,61,e+U93IOVmTFEz3MdUNRTk0aZd/Q=,7FPaUnp90iOYO/7yYNYue6/KdDQ=
94,61,e+U93IOVmTFEz3MdUNRTk0aZd/Q=,7FPaUnp90iOYO/7yYNYue6/KdDQ=
93,61,e+U93IOVmTFEz3MdUNRTk0aZd/Q=,7FPaUnp90iOYO/7yYNYue6/KdDQ=
87,62,e+U93IOVmTFEz3MdUNRTk0aZd/Q=,PPCz/e0RGciXIxIEY2Cw1ic5fA0=
92,61,e+U93IOVmTFEz3MdUNRTk0aZd/Q=,7FPaUnp90iOYO/7yYNYue6/KdDQ=
91,56,e+U93IOVmTFEz3MdUNRTk0aZd/Q=,7FPaUnp90iOYO/7yYNYue6/KdDQ=
91,61,e+U93IOVmTFEz3MdUNRTk0aZd/Q=,7FPaUnp90iOYO/7yYNYue6/KdDQ=
83,62,e+U93IOVmTFEz3MdUNRTk0aZd/Q=,PPCz/e0RGciXIxIEY2Cw1ic5fA0=
95,63,e+U93IOVmTFEz3MdUNRTk0aZd/Q=,7FPaUnp90iOYO/7yYNYue6/KdDQ=
92,56,e+U93IOVmTFEz3MdUNRTk0aZd/Q=,7FPaUnp90iOYO/7yYNYue6/KdDQ=
95,62,e+U93IOVmTFEz3MdUNRTk0aZd/Q=,7FPaUnp90iOYO/7yYNYue6/KdDQ=
84,61,e+U93IOVmTFEz3MdUNRTk0aZd/Q=,PPCz/e0RGciXIxIEY2Cw1ic5fA0=
94,56,e+U93IOVmTFEz3MdUNRTk0aZd/Q=,7FPaUnp90iOYO/7yYNYue6/KdDQ=
95,56,e+U93IOVmTFEz3MdUNRTk0aZd/Q=,7FPaUnp90iOYO/7yYNYue6/KdDQ=
93,56,e+U93IOVmTFEz3MdUNRTk0aZd/Q=,7FPaUnp90iOYO/7yYNYue6/KdDQ=
88,57,e+U93IOVmTFEz3MdUNRTk0aZd/Q=,7FPaUnp90iOYO/7yYNYue6/KdDQ=
89,57,e+U93IOVmTFEz3MdUNRTk0aZd/Q=,7FPaUnp90iOYO/7yYNYue6/KdDQ=
84,62,e+U93IOVmTFEz3MdUNRTk0aZd/Q=,PPCz/e0RGciXIxIEY2Cw1ic5fA0=
90,57,e+U93IOVmTFEz3MdUNRTk0aZd/Q=,7FPaUnp90iOYO/7yYNYue6/KdDQ=
80,59,e+U93IOVmTFEz3MdUNRTk0aZd/Q=,PPCz/e0RGciXIxIEY2Cw1ic5fA0=
87,57,e+U93IOVmTFEz3MdUNRTk0aZd/Q=,PPCz/e0RGciXIxIEY2Cw1ic5fA0=
91,57,e+U93IOVmTFEz3MdUNRTk0aZd/Q=,7FPaUnp90iOYO/7yYNYue6/KdDQ=
89,61,e+U93IOVmTFEz3MdUNRTk0aZd/Q=,7FPaUnp90iOYO/7yYNYue6/KdDQ=
95,60,e+U93IOVmTFEz3MdUNRTk0aZd/Q=,7FPaUnp90iOYO/7yYNYue6/KdDQ=
87,56,e+U93IOVmTFEz3MdUNRTk0aZd/Q=,PPCz/e0RGciXIxIEY2Cw1ic5fA0=
94,60,e+U93IOVmTFEz3MdUNRTk0aZd/Q=,7FPaUnp90iOYO/7yYNYue6/KdDQ=
87,58,e+U93IOVmTFEz3MdUNRTk0aZd/Q=,PPCz/e0RGciXIxIEY2Cw1ic5fA0=
92,57,e+U93IOVmTFEz3MdUNRTk0aZd/Q=,7FPaUnp90iOYO/7yYNYue6/KdDQ=
88,61,e+U93IOVmTFEz3MdUNRTk0aZd/Q=,7FPaUnp90iOYO/7yYNYue6/KdDQ=
90,61,e+U93IOVmTFEz3MdUNRTk0aZd/Q=,7FPaUnp90iOYO/7yYNYue6/KdDQ=
85,61,e+U93IOVmTFEz3MdUNRTk0aZd/Q=,PPCz/e0RGciXIxIEY2Cw1ic5fA0=
92,60,e+U93IOVmTFEz3MdUNRTk0aZd/Q=,7FPaUnp90iOYO/7yYNYue6/KdDQ=
82,63,e+U93IOVmTFEz3MdUNRTk0aZd/Q=,PPCz/e0RGciXIxIEY2Cw1ic5fA0=
86,58,e+U93IOVmTFEz3MdUNRTk0aZd/Q=,PPCz/e0RGciXIxIEY2Cw1ic5fA0=
85,58,e+U93IOVmTFEz3MdUNRTk0aZd/Q=,PPCz/e0RGciXIxIEY2Cw1ic5fA0=
87,60,e+U93IOVmTFEz3MdUNRTk0aZd/Q=,PPCz/e0RGciXIxIEY2Cw1ic5fA0=
93,60,e+U93IOVmTFEz3MdUNRTk0aZd/Q=,7FPaUnp90iOYO/7yYNYue6/KdDQ=
95,59,e+U93IOVmTFEz3MdUNRTk0aZd/Q=,7FPaUnp90iOYO/7yYNYue6/KdDQ=
91,60,e+U93IOVmTFEz3MdUNRTk0aZd/Q=,7FPaUnp90iOYO/7yYNYue6/KdDQ=
93,57,e+U93IOVmTFEz3MdUNRTk0aZd/Q=,7FPaUnp90iOYO/7yYNYue6/KdDQ=
94,57,e+U93IOVmTFEz3MdUNRTk0aZd/Q=,7FPaUnp90iOYO/7yYNYue6/KdDQ=
95,57,e+U93IOVmTFEz3MdUNRTk0aZd/Q=,7FPaUnp90iOYO/7yYNYue6/KdDQ=
88,58,e+U93IOVmTFEz3MdUNRTk0aZd/Q=,7FPaUnp90iOYO/7yYNYue6/KdDQ=
93,59,e+U93IOVmTFEz3MdUNRTk0aZd/Q=,7FPaUnp90iOYO/7yYNYue6/KdDQ=
90,60,e+U93IOVmTFEz3MdUNRTk0aZd/Q=,7FPaUnp90iOYO/7yYNYue6/KdDQ=
94,59,e+U93IOVmTFEz3MdUNRTk0aZd/Q=,7FPaUnp90iOYO/7yYNYue6/KdDQ=
84,58,e+U93IOVmTFEz3MdUNRTk0aZd/Q=,PPCz/e0RGciXIxIEY2Cw1ic5fA0=
89,58,e+U93IOVmTFEz3MdUNRTk0aZd/Q=,7FPaUnp90iOYO/7yYNYue6/KdDQ=
88,60,e+U93IOVmTFEz3MdUNRTk0aZd/Q=,7FPaUnp90iOYO/7yYNYue6/KdDQ=
90,59,e+U93IOVmTFEz3MdUNRTk0aZd/Q=,7FPaUnp90iOYO/7yYNYue6/KdDQ=
87,59,e+U93IOVmTFEz3MdUNRTk0aZd/Q=,PPCz/e0RGciXIxIEY2Cw1ic5fA0=
82,62,e+U93IOVmTFEz3MdUNRTk0aZd/Q=,PPCz/e0RGciXIxIEY2Cw1ic5fA0=
92,59,e+U93IOVmTFEz3MdUNRTk0aZd/Q=,7FPaUnp90iOYO/7yYNYue6/KdDQ=
84,60,e+U93IOVmTFEz3MdUNRTk0aZd/Q=,PPCz/e0RGciXIxIEY2Cw1ic5fA0=
94,58,e+U93IOVmTFEz3MdUNRTk0aZd/Q=,7FPaUnp90iOYO/7yYNYue6/KdDQ=
89,60,e+U93IOVmTFEz3MdUNRTk0aZd/Q=,7FPaUnp90iOYO/7yYNYue6/KdDQ=
90,58,e+U93IOVmTFEz3MdUNRTk0aZd/Q=,7FPaUnp90iOYO/7yYNYue6/KdDQ=
83,58,e+U93IOVmTFEz3MdUNRTk0aZd/Q=,PPCz/e0RGciXIxIEY2Cw1ic5fA0=
91,59,e+U93IOVmTFEz3MdUNRTk0aZd/Q=,7FPaUnp90iOYO/7yYNYue6/KdDQ=
93,58,e+U93IOVmTFEz3MdUNRTk0aZd/Q=,7FPaUnp90iOYO/7yYNYue6/KdDQ=
95,58,e+U93IOVmTFEz3MdUNRTk0aZd/Q=,7FPaUnp90iOYO/7yYNYue6/KdDQ=
80,60,e+U93IOVmTFEz3MdUNRTk0aZd/Q=,PPCz/e0RGciXIxIEY2Cw1ic5fA0=
81,63,e+U93IOVmTFEz3MdUNRTk0aZd/Q=,PPCz/e0RGciXIxIEY2Cw1ic5fA0=
92,58,e+U93IOVmTFEz3MdUNRTk0aZd/Q=,7FPaUnp90iOYO/7yYNYue6/KdDQ=
83,61,e+U93IOVmTFEz3MdUNRTk0aZd/Q=,PPCz/e0RGciXIxIEY2Cw1ic5fA0=
80,63,e+U93IOVmTFEz3MdUNRTk0aZd/Q=,PPCz/e0RGciXIxIEY2Cw1ic5fA0=
89,59,e+U93IOVmTFEz3MdUNRTk0aZd/Q=,7FPaUnp90iOYO/7yYNYue6/KdDQ=
83,60,e+U93IOVmTFEz3MdUNRTk0aZd/Q=,PPCz/e0RGciXIxIEY2Cw1ic5fA0=
86,59,e+U93IOVmTFEz3MdUNRTk0aZd/Q=,PPCz/e0RGciXIxIEY2Cw1ic5fA0=
82,58,e+U93IOVmTFEz3MdUNRTk0aZd/Q=,PPCz/e0RGciXIxIEY2Cw1ic5fA0=
81,58,e+U93IOVmTFEz3MdUNRTk0aZd/Q=,PPCz/e0RGciXIxIEY2Cw1ic5fA0=
80,58,e+U93IOVmTFEz3MdUNRTk0aZd/Q=,PPCz/e0RGciXIxIEY2Cw1ic5fA0=
84,56,e+U93IOVmTFEz3MdUNRTk0aZd/Q=,PPCz/e0RGciXIxIEY2Cw1ic5fA0=
85,59,e+U93IOVmTFEz3MdUNRTk0aZd/Q=,PPCz/e0RGciXIxIEY2Cw1ic5fA0=
84,59,e+U93IOVmTFEz3MdUNRTk0aZd/Q=,PPCz/e0RGciXIxIEY2Cw1ic5fA0=
81,62,e+U93IOVmTFEz3MdUNRTk0aZd/Q=,PPCz/e0RGciXIxIEY2Cw1ic5fA0=
85,57,e+U93IOVmTFEz3MdUNRTk0aZd/Q=,PPCz/e0RGciXIxIEY2Cw1ic5fA0=
84,57,e+U93IOVmTFEz3MdUNRTk0aZd/Q=,PPCz/e0RGciXIxIEY2Cw1ic5fA0=
83,59,e+U93IOVmTFEz3MdUNRTk0aZd/Q=,PPCz/e0RGciXIxIEY2Cw1ic5fA0=
86,57,e+U93IOVmTFEz3MdUNRTk0aZd/Q=,PPCz/e0RGciXIxIEY2Cw1ic5fA0=
82,59,e+U93IOVmTFEz3MdUNRTk0aZd/Q=,PPCz/e0RGciXIxIEY2Cw1ic5fA0=
80,62,e+U93IOVmTFEz3MdUNRTk0aZd/Q=,PPCz/e0RGciXIxIEY2Cw1ic5fA0=
86,63,e+U93IOVmTFEz3MdUNRTk0aZd/Q=,PPCz/e0RGciXIxIEY2Cw1ic5fA0=
87,61,e+U93IOVmTFEz3MdUNRTk0aZd/Q=,PPCz/e0RGciXIxIEY2Cw1ic5fA0=
80,61,e+U93IOVmTFEz3MdUNRTk0aZd/Q=,PPCz/e0RGciXIxIEY2Cw1ic5fA0=
82,60,e+U93IOVmTFEz3MdUNRTk0aZd/Q=,PPCz/e0RGciXIxIEY2Cw1ic5fA0=
81,56,e+U93IOVmTFEz3MdUNRTk0aZd/Q=,PPCz/e0RGciXIxIEY2Cw1ic5fA0=
88,59,e+U93IOVmTFEz3MdUNRTk0aZd/Q=,7FPaUnp90iOYO/7yYNYue6/KdDQ=
85,63,e+U93IOVmTFEz3MdUNRTk0aZd/Q=,PPCz/e0RGciXIxIEY2Cw1ic5fA0=
82,61,e+U93IOVmTFEz3MdUNRTk0aZd/Q=,PPCz/e0RGciXIxIEY2Cw1ic5fA0=
82,56,e+U93IOVmTFEz3MdUNRTk0aZd/Q=,PPCz/e0RGciXIxIEY2Cw1ic5fA0=
86,62,e+U93IOVmTFEz3MdUNRTk0aZd/Q=,PPCz/e0RGciXIxIEY2Cw1ic5fA0=
91,58,e+U93IOVmTFEz3MdUNRTk0aZd/Q=,7FPaUnp90iOYO/7yYNYue6/KdDQ=
86,61,e+U93IOVmTFEz3MdUNRTk0aZd/Q=,PPCz/e0RGciXIxIEY2Cw1ic5fA0=
81,61,e+U93IOVmTFEz3MdUNRTk0aZd/Q=,PPCz/e0RGciXIxIEY2Cw1ic5fA0=
87,47,e+U93IOVmTFEz3MdUNRTk0aZd/Q=,8/mRTIlCE/v7G9G2HRh0nUniAsw=
86,47,e+U93IOVmTFEz3MdUNRTk0aZd/Q=,8/mRTIlCE/v7G9G2HRh0nUniAsw=
85,47,e+U93IOVmTFEz3MdUNRTk0aZd/Q=,8/mRTIlCE/v7G9G2HRh0nUniAsw=
84,43,e+U93IOVmTFEz3MdUNRTk0aZd/Q=,8/mRTIlCE/v7G9G2HRh0nUniAsw=
85,43,e+U93IOVmTFEz3MdUNRTk0aZd/Q=,8/mRTIlCE/v7G9G2HRh0nUniAsw=
86,43,e+U93IOVmTFEz3MdUNRTk0aZd/Q=,8/mRTIlCE/v7G9G2HRh0nUniAsw=
87,43,e+U93IOVmTFEz3MdUNRTk0aZd/Q=,8/mRTIlCE/v7G9G2HRh0nUniAsw=
80,44,e+U93IOVmTFEz3MdUNRTk0aZd/Q=,8/mRTIlCE/v7G9G2HRh0nUniAsw=
81,44,e+U93IOVmTFEz3MdUNRTk0aZd/Q=,8/mRTIlCE/v7G9G2HRh0nUniAsw=
80,43,e+U93IOVmTFEz3MdUNRTk0aZd/Q=,8/mRTIlCE/v7G9G2HRh0nUniAsw=
87,42,e+U93IOVmTFEz3MdUNRTk0aZd/Q=,8/mRTIlCE/v7G9G2HRh0nUniAsw=
86,42,e+U93IOVmTFEz3MdUNRTk0aZd/Q=,8/mRTIlCE/v7G9G2HRh0nUniAsw=
83,43,e+U93IOVmTFEz3MdUNRTk0aZd/Q=,8/mRTIlCE/v7G9G2HRh0nUniAsw=
82,43,e+U93IOVmTFEz3MdUNRTk0aZd/Q=,8/mRTIlCE/v7G9G2HRh0nUniAsw=
82,44,e+U93IOVmTFEz3MdUNRTk0aZd/Q=,8/mRTIlCE/v7G9G2HRh0nUniAsw=
83,42,e+U93IOVmTFEz3MdUNRTk0aZd/Q=,8/mRTIlCE/v7G9G2HRh0nUniAsw=
84,47,e+U93IOVmTFEz3MdUNRTk0aZd/Q=,8/mRTIlCE/v7G9G2HRh0nUniAsw=
81,43,e+U93IOVmTFEz3MdUNRTk0aZd/Q=,8/mRTIlCE/v7G9G2HRh0nUniAsw=
85,42,e+U93IOVmTFEz3MdUNRTk0aZd/Q=,8/mRTIlCE/v7G9G2HRh0nUniAsw=
83,47,e+U93IOVmTFEz3MdUNRTk0aZd/Q=,8/mRTIlCE/v7G9G2HRh0nUniAsw=
81,42,e+U93IOVmTFEz3MdUNRTk0aZd/Q=,8/mRTIlCE/v7G9G2HRh0nUniAsw=
83,44,e+U93IOVmTFEz3MdUNRTk0aZd/Q=,8/mRTIlCE/v7G9G2HRh0nUniAsw=
80,42,e+U93IOVmTFEz3MdUNRTk0aZd/Q=,8/mRTIlCE/v7G9G2HRh0nUniAsw=
84,44,e+U93IOVmTFEz3MdUNRTk0aZd/Q=,8/mRTIlCE/v7G9G2HRh0nUniAsw=
85,44,e+U93IOVmTFEz3MdUNRTk0aZd/Q=,8/mRTIlCE/v7G9G2HRh0nUniAsw=
87,44,e+U93IOVmTFEz3MdUNRTk0aZd/Q=,8/mRTIlCE/v7G9G2HRh0nUniAsw=
86,44,e+U93IOVmTFEz3MdUNRTk0aZd/Q=,8/mRTIlCE/v7G9G2HRh0nUniAsw=
80,45,e+U93IOVmTFEz3MdUNRTk0aZd/Q=,8/mRTIlCE/v7G9G2HRh0nUniAsw=
81,45,e+U93IOVmTFEz3MdUNRTk0aZd/Q=,8/mRTIlCE/v7G9G2HRh0nUniAsw=
87,41,e+U93IOVmTFEz3MdUNRTk0aZd/Q=,8/mRTIlCE/v7G9G2HRh0nUniAsw=
85,41,e+U93IOVmTFEz3MdUNRTk0aZd/Q=,8/mRTIlCE/v7G9G2HRh0nUniAsw=
86,41,e+U93IOVmTFEz3MdUNRTk0aZd/Q=,8/mRTIlCE/v7G9G2HRh0nUniAsw=
82,47,e+U93IOVmTFEz3MdUNRTk0aZd/Q=,8/mRTIlCE/v7G9G2HRh0nUniAsw=
81,47,e+U93IOVmTFEz3MdUNRTk0aZd/Q=,8/mRTIlCE/v7G9G2HRh0nUniAsw=
87,46,e+U93IOVmTFEz3MdUNRTk0aZd/Q=,8/mRTIlCE/v7G9G2HRh0nUniAsw=
80,47,e+U93IOVmTFEz3MdUNRTk0aZd/Q=,8/mRTIlCE/v7G9G2HRh0nUniAsw=
86,46,e+U93IOVmTFEz3MdUNRTk0aZd/Q=,8/mRTIlCE/v7G9G2HRh0nUniAsw=
85,46,e+U93IOVmTFEz3MdUNRTk0aZd/Q=,8/mRTIlCE/v7G9G2HRh0nUniAsw=
84,46,e+U93IOVmTFEz3MdUNRTk0aZd/Q=,8/mRTIlCE/v7G9G2HRh0nUniAsw=
82,45,e+U93IOVmTFEz3MdUNRTk0aZd/Q=,8/mRTIlCE/v7G9G2HRh0nUniAsw=
83,41,e+U93IOVmTFEz3MdUNRTk0aZd/Q=,8/mRTIlCE/v7G9G2HRh0nUniAsw=
82,42,e+U93IOVmTFEz3MdUNRTk0aZd/Q=,8/mRTIlCE/v7G9G2HRh0nUniAsw=
84,41,e+U93IOVmTFEz3MdUNRTk0aZd/Q=,8/mRTIlCE/v7G9G2HRh0nUniAsw=
84,42,e+U93IOVmTFEz3MdUNRTk0aZd/Q=,8/mRTIlCE/v7G9G2HRh0nUniAsw=
83,45,e+U93IOVmTFEz3MdUNRTk0aZd/Q=,8/mRTIlCE/v7G9G2HRh0nUniAsw=
84,45,e+U93IOVmTFEz3MdUNRTk0aZd/Q=,8/mRTIlCE/v7G9G2HRh0nUniAsw=
85,45,e+U93IOVmTFEz3MdUNRTk0aZd/Q=,8/mRTIlCE/v7G9G2HRh0nUniAsw=
86,45,e+U93IOVmTFEz3MdUNRTk0aZd/Q=,8/mRTIlCE/v7G9G2HRh0nUniAsw=
82,41,e+U93IOVmTFEz3MdUNRTk0aZd/Q=,8/mRTIlCE/v7G9G2HRh0nUniAsw=
87,45,e+U93IOVmTFEz3MdUNRTk0aZd/Q=,8/mRTIlCE/v7G9G2HRh0nUniAsw=
80,46,e+U93IOVmTFEz3MdUNRTk0aZd/Q=,8/mRTIlCE/v7G9G2HRh0nUniAsw=
81,46,e+U93IOVmTFEz3MdUNRTk0aZd/Q=,8/mRTIlCE/v7G9G2HRh0nUniAsw=
82,46,e+U93IOVmTFEz3MdUNRTk0aZd/Q=,8/mRTIlCE/v7G9G2HRh0nUniAsw=
83,46,e+U93IOVmTFEz3MdUNRTk0aZd/Q=,8/mRTIlCE/v7G9G2HRh0nUniAsw=
81,41,e+U93IOVmTFEz3MdUNRTk0aZd/Q=,8/mRTIlCE/v7G9G2HRh0nUniAsw=
80,41,e+U93IOVmTFEz3MdUNRTk0aZd/Q=,8/mRTIlCE/v7G9G2HRh0nUniAsw=
91,37,e+U93IOVmTFEz3MdUNRTk0aZd/Q=,oLlsgiaCiFzqa1RgA1lEKaCLXOo=
90,37,e+U93IOVmTFEz3MdUNRTk0aZd/Q=,oLlsgiaCiFzqa1RgA1lEKaCLXOo=
89,37,e+U93IOVmTFEz3MdUNRTk0aZd/Q=,oLlsgiaCiFzqa1RgA1lEKaCLXOo=
95,36,e+U93IOVmTFEz3MdUNRTk0aZd/Q=,oLlsgiaCiFzqa1RgA1lEKaCLXOo=
92,37,e+U93IOVmTFEz3MdUNRTk0aZd/Q=,oLlsgiaCiFzqa1RgA1lEKaCLXOo=
93,37,e+U93IOVmTFEz3MdUNRTk0aZd/Q=,oLlsgiaCiFzqa1RgA1lEKaCLXOo=
94,36,e+U93IOVmTFEz3MdUNRTk0aZd/Q=,oLlsgiaCiFzqa1RgA1lEKaCLXOo=
92,36,e+U93IOVmTFEz3MdUNRTk0aZd/Q=,oLlsgiaCiFzqa1RgA1lEKaCLXOo=
89,36,e+U93IOVmTFEz3MdUNRTk0aZd/Q=,oLlsgiaCiFzqa1RgA1lEKaCLXOo=
91,36,e+U93IOVmTFEz3MdUNRTk0aZd/Q=,oLlsgiaCiFzqa1RgA1lEKaCLXOo=
90,36,e+U93IOVmTFEz3MdUNRTk0aZd/Q=,oLlsgiaCiFzqa1RgA1lEKaCLXOo=
94,37,e+U93IOVmTFEz3MdUNRTk0aZd/Q=,oLlsgiaCiFzqa1RgA1lEKaCLXOo=
93,36,e+U93IOVmTFEz3MdUNRTk0aZd/Q=,oLlsgiaCiFzqa1RgA1lEKaCLXOo=
89,32,e+U93IOVmTFEz3MdUNRTk0aZd/Q=,oLlsgiaCiFzqa1RgA1lEKaCLXOo=
95,37,e+U93IOVmTFEz3MdUNRTk0aZd/Q=,oLlsgiaCiFzqa1RgA1lEKaCLXOo=
94,35,e+U93IOVmTFEz3MdUNRTk0aZd/Q=,oLlsgiaCiFzqa1RgA1lEKaCLXOo=
95,35,e+U93IOVmTFEz3MdUNRTk0aZd/Q=,oLlsgiaCiFzqa1RgA1lEKaCLXOo=
90,32,e+U93IOVmTFEz3MdUNRTk0aZd/Q=,oLlsgiaCiFzqa1RgA1lEKaCLXOo=
93,35,e+U93IOVmTFEz3MdUNRTk0aZd/Q=,oLlsgiaCiFzqa1RgA1lEKaCLXOo=
89,35,e+U93IOVmTFEz3MdUNRTk0aZd/Q=,oLlsgiaCiFzqa1RgA1lEKaCLXOo=
92,35,e+U93IOVmTFEz3MdUNRTk0aZd/Q=,oLlsgiaCiFzqa1RgA1lEKaCLXOo=
91,32,e+U93IOVmTFEz3MdUNRTk0aZd/Q=,oLlsgiaCiFzqa1RgA1lEKaCLXOo=
95,39,e+U93IOVmTFEz3MdUNRTk0aZd/Q=,oLlsgiaCiFzqa1RgA1lEKaCLXOo=
90,35,e+U93IOVmTFEz3MdUNRTk0aZd/Q=,oLlsgiaCiFzqa1RgA1lEKaCLXOo=
91,35,e+U93IOVmTFEz3MdUNRTk0aZd/Q=,oLlsgiaCiFzqa1RgA1lEKaCLXOo=
92,32,e+U93IOVmTFEz3MdUNRTk0aZd/Q=,oLlsgiaCiFzqa1RgA1lEKaCLXOo=
94,34,e+U93IOVmTFEz3MdUNRTk0aZd/Q=,oLlsgiaCiFzqa1RgA1lEKaCLXOo=
94,39,e+U93IOVmTFEz3MdUNRTk0aZd/Q=,oLlsgiaCiFzqa1RgA1lEKaCLXOo=
95,34,e+U93IOVmTFEz3MdUNRTk0aZd/Q=,oLlsgiaCiFzqa1RgA1lEKaCLXOo=
93,34,e+U93IOVmTFEz3MdUNRTk0aZd/Q=,oLlsgiaCiFzqa1RgA1lEKaCLXOo=
93,39,e+U93IOVmTFEz3MdUNRTk0aZd/Q=,oLlsgiaCiFzqa1RgA1lEKaCLXOo=
92,39,e+U93IOVmTFEz3MdUNRTk0aZd/Q=,oLlsgiaCiFzqa1RgA1lEKaCLXOo=
91,39,e+U93IOVmTFEz3MdUNRTk0aZd/Q=,oLlsgiaCiFzqa1RgA1lEKaCLXOo=
90,39,e+U93IOVmTFEz3MdUNRTk0aZd/Q=,oLlsgiaCiFzqa1RgA1lEKaCLXOo=
89,34,e+U93IOVmTFEz3MdUNRTk0aZd/Q=,oLlsgiaCiFzqa1RgA1lEKaCLXOo=
89,39,e+U93IOVmTFEz3MdUNRTk0aZd/Q=,oLlsgiaCiFzqa1RgA1lEKaCLXOo=
92,34,e+U93IOVmTFEz3MdUNRTk0aZd/Q=,oLlsgiaCiFzqa1RgA1lEKaCLXOo=
90,34,e+U93IOVmTFEz3MdUNRTk0aZd/Q=,oLlsgiaCiFzqa1RgA1lEKaCLXOo=
95,38,e+U93IOVmTFEz3MdUNRTk0aZd/Q=,oLlsgiaCiFzqa1RgA1lEKaCLXOo=
94,38,e+U93IOVmTFEz3MdUNRTk0aZd/Q=,oLlsgiaCiFzqa1RgA1lEKaCLXOo=
93,32,e+U93IOVmTFEz3MdUNRTk0aZd/Q=,oLlsgiaCiFzqa1RgA1lEKaCLXOo=
93,38,e+U93IOVmTFEz3MdUNRTk0aZd/Q=,oLlsgiaCiFzqa1RgA1lEKaCLXOo=
91,34,e+U93IOVmTFEz3MdUNRTk0aZd/Q=,oLlsgiaCiFzqa1RgA1lEKaCLXOo=
95,33,e+U93IOVmTFEz3MdUNRTk0aZd/Q=,oLlsgiaCiFzqa1RgA1lEKaCLXOo=
94,32,e+U93IOVmTFEz3MdUNRTk0aZd/Q=,oLlsgiaCiFzqa1RgA1lEKaCLXOo=
94,33,e+U93IOVmTFEz3MdUNRTk0aZd/Q=,oLlsgiaCiFzqa1RgA1lEKaCLXOo=
92,33,e+U93IOVmTFEz3MdUNRTk0aZd/Q=,oLlsgiaCiFzqa1RgA1lEKaCLXOo=
90,33,e+U93IOVmTFEz3MdUNRTk0aZd/Q=,oLlsgiaCiFzqa1RgA1lEKaCLXOo=
93,33,e+U93IOVmTFEz3MdUNRTk0aZd/Q=,oLlsgiaCiFzqa1RgA1lEKaCLXOo=
91,38,e+U93IOVmTFEz3MdUNRTk0aZd/Q=,oLlsgiaCiFzqa1RgA1lEKaCLXOo=
90,38,e+U93IOVmTFEz3MdUNRTk0aZd/Q=,oLlsgiaCiFzqa1RgA1lEKaCLXOo=
89,38,e+U93IOVmTFEz3MdUNRTk0aZd/Q=,oLlsgiaCiFzqa1RgA1lEKaCLXOo=
92,38,e+U93IOVmTFEz3MdUNRTk0aZd/Q=,oLlsgiaCiFzqa1RgA1lEKaCLXOo=
91,33,e+U93IOVmTFEz3MdUNRTk0aZd/Q=,oLlsgiaCiFzqa1RgA1lEKaCLXOo=
89,33,e+U93IOVmTFEz3MdUNRTk0aZd/Q=,oLlsgiaCiFzqa1RgA1lEKaCLXOo=
95,32,e+U93IOVmTFEz3MdUNRTk0aZd/Q=,oLlsgiaCiFzqa1RgA1lEKaCLXOo=
88,37,e+U93IOVmTFEz3MdUNRTk0aZd/Q=,oLlsgiaCiFzqa1RgA1lEKaCLXOo=
83,37,e+U93IOVmTFEz3MdUNRTk0aZd/Q=,OO9nfvwFeeIroSe9SxUDvMpxdU4=
82,37,e+U93IOVmTFEz3MdUNRTk0aZd/Q=,OO9nfvwFeeIroSe9SxUDvMpxdU4=
81,37,e+U93IOVmTFEz3MdUNRTk0aZd/Q=,OO9nfvwFeeIroSe9SxUDvMpxdU4=
84,36,e+U93IOVmTFEz3MdUNRTk0aZd/Q=,OO9nfvwFeeIroSe9SxUDvMpxdU4=
85,36,e+U93IOVmTFEz3MdUNRTk0aZd/Q=,OO9nfvwFeeIroSe9SxUDvMpxdU4=
88,36,e+U93IOVmTFEz3MdUNRTk0aZd/Q=,oLlsgiaCiFzqa1RgA1lEKaCLXOo=
86,35,e+U93IOVmTFEz3MdUNRTk0aZd/Q=,OO9nfvwFeeIroSe9SxUDvMpxdU4=
87,35,e+U93IOVmTFEz3MdUNRTk0aZd/Q=,OO9nfvwFeeIroSe9SxUDvMpxdU4=
83,32,e+U93IOVmTFEz3MdUNRTk0aZd/Q=,OO9nfvwFeeIroSe9SxUDvMpxdU4=
83,36,e+U93IOVmTFEz3MdUNRTk0aZd/Q=,OO9nfvwFeeIroSe9SxUDvMpxdU4=
80,35,e+U93IOVmTFEz3MdUNRTk0aZd/Q=,OO9nfvwFeeIroSe9SxUDvMpxdU4=
87,33,e+U93IOVmTFEz3MdUNRTk0aZd/Q=,OO9nfvwFeeIroSe9SxUDvMpxdU4=
86,33,e+U93IOVmTFEz3MdUNRTk0aZd/Q=,OO9nfvwFeeIroSe9SxUDvMpxdU4=
86,36,e+U93IOVmTFEz3MdUNRTk0aZd/Q=,OO9nfvwFeeIroSe9SxUDvMpxdU4=
81,33,e+U93IOVmTFEz3MdUNRTk0aZd/Q=,OO9nfvwFeeIroSe9SxUDvMpxdU4=
84,35,e+U93IOVmTFEz3MdUNRTk0aZd/Q=,OO9nfvwFeeIroSe9SxUDvMpxdU4=
81,35,e+U93IOVmTFEz3MdUNRTk0aZd/Q=,OO9nfvwFeeIroSe9SxUDvMpxdU4=
83,35,e+U93IOVmTFEz3MdUNRTk0aZd/Q=,OO9nfvwFeeIroSe9SxUDvMpxdU4=
85,33,e+U93IOVmTFEz3MdUNRTk0aZd/Q=,OO9nfvwFeeIroSe9SxUDvMpxdU4=
87,40,e+U93IOVmTFEz3MdUNRTk0aZd/Q=,8/mRTIlCE/v7G9G2HRh0nUniAsw=
86,40,e+U93IOVmTFEz3MdUNRTk0aZd/Q=,8/mRTIlCE/v7G9G2HRh0nUniAsw=
87,34,e+U93IOVmTFEz3MdUNRTk0aZd/Q=,OO9nfvwFeeIroSe9SxUDvMpxdU4=
85,40,e+U93IOVmTFEz3MdUNRTk0aZd/Q=,8/mRTIlCE/v7G9G2HRh0nUniAsw=
80,33,e+U93IOVmTFEz3MdUNRTk0aZd/Q=,OO9nfvwFeeIroSe9SxUDvMpxdU4=
84,40,e+U93IOVmTFEz3MdUNRTk0aZd/Q=,8/mRTIlCE/v7G9G2HRh0nUniAsw=
84,32,e+U93IOVmTFEz3MdUNRTk0aZd/Q=,OO9nfvwFeeIroSe9SxUDvMpxdU4=
87,36,e+U93IOVmTFEz3MdUNRTk0aZd/Q=,OO9nfvwFeeIroSe9SxUDvMpxdU4=
80,36,e+U93IOVmTFEz3MdUNRTk0aZd/Q=,OO9nfvwFeeIroSe9SxUDvMpxdU4=
80,37,e+U93IOVmTFEz3MdUNRTk0aZd/Q=,OO9nfvwFeeIroSe9SxUDvMpxdU4=
81,36,e+U93IOVmTFEz3MdUNRTk0aZd/Q=,OO9nfvwFeeIroSe9SxUDvMpxdU4=
83,40,e+U93IOVmTFEz3MdUNRTk0aZd/Q=,8/mRTIlCE/v7G9G2HRh0nUniAsw=
88,35,e+U93IOVmTFEz3MdUNRTk0aZd/Q=,oLlsgiaCiFzqa1RgA1lEKaCLXOo=
84,33,e+U93IOVmTFEz3MdUNRTk0aZd/Q=,OO9nfvwFeeIroSe9SxUDvMpxdU4=
82,40,e+U93IOVmTFEz3MdUNRTk0aZd/Q=,8/mRTIlCE/v7G9G2HRh0nUniAsw=
82,36,e+U93IOVmTFEz3MdUNRTk0aZd/Q=,OO9nfvwFeeIroSe9SxUDvMpxdU4=
81,40,e+U93IOVmTFEz3MdUNRTk0aZd/Q=,8/mRTIlCE/v7G9G2HRh0nUniAsw=
87,39,e+U93IOVmTFEz3MdUNRTk0aZd/Q=,OO9nfvwFeeIroSe9SxUDvMpxdU4=
80,34,e+U93IOVmTFEz3MdUNRTk0aZd/Q=,OO9nfvwFeeIroSe9SxUDvMpxdU4=
86,39,e+U93IOVmTFEz3MdUNRTk0aZd/Q=,OO9nfvwFeeIroSe9SxUDvMpxdU4=
87,32,e+U93IOVmTFEz3MdUNRTk0aZd/Q=,OO9nfvwFeeIroSe9SxUDvMpxdU4=
80,40,e+U93IOVmTFEz3MdUNRTk0aZd/Q=,8/mRTIlCE/v7G9G2HRh0nUniAsw=
88,39,e+U93IOVmTFEz3MdUNRTk0aZd/Q=,oLlsgiaCiFzqa1RgA1lEKaCLXOo=
85,39,e+U93IOVmTFEz3MdUNRTk0aZd/Q=,OO9nfvwFeeIroSe9SxUDvMpxdU4=
81,34,e+U93IOVmTFEz3MdUNRTk0aZd/Q=,OO9nfvwFeeIroSe9SxUDvMpxdU4=
84,39,e+U93IOVmTFEz3MdUNRTk0aZd/Q=,OO9nfvwFeeIroSe9SxUDvMpxdU4=
86,32,e+U93IOVmTFEz3MdUNRTk0aZd/Q=,OO9nfvwFeeIroSe9SxUDvMpxdU4=
85,35,e+U93IOVmTFEz3MdUNRTk0aZd/Q=,OO9nfvwFeeIroSe9SxUDvMpxdU4=
83,39,e+U93IOVmTFEz3MdUNRTk0aZd/Q=,OO9nfvwFeeIroSe9SxUDvMpxdU4=
82,39,e+U93IOVmTFEz3MdUNRTk0aZd/Q=,OO9nfvwFeeIroSe9SxUDvMpxdU4=
88,34,e+U93IOVmTFEz3MdUNRTk0aZd/Q=,oLlsgiaCiFzqa1RgA1lEKaCLXOo=
82,34,e+U93IOVmTFEz3MdUNRTk0aZd/Q=,OO9nfvwFeeIroSe9SxUDvMpxdU4=
84,37,e+U93IOVmTFEz3MdUNRTk0aZd/Q=,OO9nfvwFeeIroSe9SxUDvMpxdU4=
81,39,e+U93IOVmTFEz3MdUNRTk0aZd/Q=,OO9nfvwFeeIroSe9SxUDvMpxdU4=
87,38,e+U93IOVmTFEz3MdUNRTk0aZd/Q=,OO9nfvwFeeIroSe9SxUDvMpxdU4=
80,39,e+U93IOVmTFEz3MdUNRTk0aZd/Q=,OO9nfvwFeeIroSe9SxUDvMpxdU4=
86,38,e+U93IOVmTFEz3MdUNRTk0aZd/Q=,OO9nfvwFeeIroSe9SxUDvMpxdU4=
88,38,e+U93IOVmTFEz3MdUNRTk0aZd/Q=,oLlsgiaCiFzqa1RgA1lEKaCLXOo=
83,34,e+U93IOVmTFEz3MdUNRTk0aZd/Q=,OO9nfvwFeeIroSe9SxUDvMpxdU4=
82,32,e+U93IOVmTFEz3MdUNRTk0aZd/Q=,OO9nfvwFeeIroSe9SxUDvMpxdU4=
88,33,e+U93IOVmTFEz3MdUNRTk0aZd/Q=,oLlsgiaCiFzqa1RgA1lEKaCLXOo=
82,35,e+U93IOVmTFEz3MdUNRTk0aZd/Q=,OO9nfvwFeeIroSe9SxUDvMpxdU4=
85,32,e+U93IOVmTFEz3MdUNRTk0aZd/Q=,OO9nfvwFeeIroSe9SxUDvMpxdU4=
85,38,e+U93IOVmTFEz3MdUNRTk0aZd/Q=,OO9nfvwFeeIroSe9SxUDvMpxdU4=
84,38,e+U93IOVmTFEz3MdUNRTk0aZd/Q=,OO9nfvwFeeIroSe9SxUDvMpxdU4=
82,38,e+U93IOVmTFEz3MdUNRTk0aZd/Q=,OO9nfvwFeeIroSe9SxUDvMpxdU4=
81,38,e+U93IOVmTFEz3MdUNRTk0aZd/Q=,OO9nfvwFeeIroSe9SxUDvMpxdU4=
83,38,e+U93IOVmTFEz3MdUNRTk0aZd/Q=,OO9nfvwFeeIroSe9SxUDvMpxdU4=
80,38,e+U93IOVmTFEz3MdUNRTk0aZd/Q=,OO9nfvwFeeIroSe9SxUDvMpxdU4=
87,37,e+U93IOVmTFEz3MdUNRTk0aZd/Q=,OO9nfvwFeeIroSe9SxUDvMpxdU4=
80,32,e+U93IOVmTFEz3MdUNRTk0aZd/Q=,OO9nfvwFeeIroSe9SxUDvMpxdU4=
85,37,e+U93IOVmTFEz3MdUNRTk0aZd/Q=,OO9nfvwFeeIroSe9SxUDvMpxdU4=
82,33,e+U93IOVmTFEz3MdUNRTk0aZd/Q=,OO9nfvwFeeIroSe9SxUDvMpxdU4=
88,32,e+U93IOVmTFEz3MdUNRTk0aZd/Q=,oLlsgiaCiFzqa1RgA1lEKaCLXOo=
83,33,e+U93IOVmTFEz3MdUNRTk0aZd/Q=,OO9nfvwFeeIroSe9SxUDvMpxdU4=
81,32,e+U93IOVmTFEz3MdUNRTk0aZd/Q=,OO9nfvwFeeIroSe9SxUDvMpxdU4=
86,37,e+U93IOVmTFEz3MdUNRTk0aZd/Q=,OO9nfvwFeeIroSe9SxUDvMpxdU4=
86,34,e+U93IOVmTFEz3MdUNRTk0aZd/Q=,OO9nfvwFeeIroSe9SxUDvMpxdU4=
84,34,e+U93IOVmTFEz3MdUNRTk0aZd/Q=,OO9nfvwFeeIroSe9SxUDvMpxdU4=
85,34,e+U93IOVmTFEz3MdUNRTk0aZd/Q=,OO9nfvwFeeIroSe9SxUDvMpxdU4=
